unique_id,ds,y,index_x,Naive,SeasonalNaive,AutoARIMA,AutoETS,index_y,LGBMRegressor,index,NBEATS,NHITS,fold
hotel_0,2023-02-11,0.8271604938271605,0,0.691358024691358,0.9876543209876543,0.777053321898439,0.798058285268101,0,0.8398291626649426,0,0.7664435,0.81035507,1
hotel_0,2023-02-12,0.5185185185185185,1,0.691358024691358,0.6049382716049383,0.6124081036931256,0.5922565279964805,1,0.6463162323048223,1,0.5360152,0.61423767,1
hotel_0,2023-02-13,0.6296296296296297,2,0.691358024691358,0.9135802469135802,0.7987564556646163,0.6117565108719498,2,0.7593350310664752,2,0.70388794,0.7118627,1
hotel_0,2023-02-14,0.6296296296296297,3,0.691358024691358,0.7160493827160493,0.785560249533873,0.6250619035875944,3,0.8223734037740543,3,0.8008804,0.7811677,1
hotel_0,2023-02-15,0.8888888888888888,4,0.691358024691358,0.6666666666666666,0.7933387196563797,0.6166072025877469,4,0.8016640067290263,4,0.81238824,0.79129076,1
hotel_0,2023-02-16,0.9876543209876543,5,0.691358024691358,0.8395061728395061,0.8256211365885748,0.6569886537634391,5,0.8314823954584128,5,0.836836,0.81161433,1
hotel_0,2023-02-17,0.9876543209876543,6,0.691358024691358,0.691358024691358,0.8469629935793931,0.7656860092707898,6,0.8526238312759562,6,0.9188422,0.8773319,1
hotel_0,2023-02-18,1.0,7,0.691358024691358,0.9876543209876543,0.8677479876837007,0.798058285268101,7,0.8655676521060526,7,0.9410666,0.91975594,1
hotel_0,2023-02-19,0.9876543209876543,8,0.691358024691358,0.6049382716049383,0.6831440531180263,0.5922565279964805,8,0.5872572209266214,8,0.6844368,0.6911567,1
hotel_0,2023-02-20,0.8641975308641975,9,0.691358024691358,0.9135802469135802,0.8334371927412334,0.6117565108719498,9,0.7896716637993431,9,0.78328997,0.7319545,1
hotel_0,2023-02-21,0.9876543209876543,10,0.691358024691358,0.7160493827160493,0.8035957479028861,0.6250619035875944,10,0.8685760835128687,10,0.8197267,0.7753802,1
hotel_0,2023-02-22,0.9876543209876543,11,0.691358024691358,0.6666666666666666,0.8006877066107713,0.6166072025877469,11,0.859096959254224,11,0.8523636,0.79430366,1
hotel_0,2023-02-23,0.9876543209876543,12,0.691358024691358,0.8395061728395061,0.8383562721763577,0.6569886537634391,12,0.8437027521014435,12,0.8665189,0.83683217,1
hotel_0,2023-02-24,0.9876543209876543,13,0.691358024691358,0.691358024691358,0.8442824681082899,0.7656860092707898,13,0.8825802066773204,13,0.94183624,0.9035434,1
hotel_0,2023-02-25,0.9876543209876543,14,0.691358024691358,0.9876543209876543,0.8672402060639157,0.798058285268101,14,0.9006871574456312,14,0.93468046,0.9285375,1
hotel_0,2023-02-26,0.7654320987654321,15,0.691358024691358,0.6049382716049383,0.7039851993677587,0.5922565279964805,15,0.6453624181417452,15,0.65900356,0.70370644,1
hotel_0,2023-02-27,0.6666666666666666,16,0.691358024691358,0.9135802469135802,0.8402425593734162,0.6117565108719498,16,0.7053291584893495,16,0.7735915,0.7484429,1
hotel_0,2023-02-28,0.7160493827160493,17,0.691358024691358,0.7160493827160493,0.8147334026438305,0.6250619035875944,17,0.723311100254142,17,0.83977246,0.78858095,1
hotel_0,2023-03-01,0.8395061728395061,18,0.691358024691358,0.6666666666666666,0.8129054262941142,0.6166072025877469,18,0.7833194080344268,18,0.86627007,0.8023838,1
hotel_0,2023-03-02,0.8271604938271605,19,0.691358024691358,0.8395061728395061,0.8460247992980965,0.6569886537634391,19,0.7853302716685469,19,0.89838743,0.82666004,1
hotel_0,2023-03-03,0.9876543209876543,20,0.691358024691358,0.691358024691358,0.8523667948954614,0.7656860092707898,20,0.8783532085945317,20,0.97837996,0.9163304,1
hotel_0,2023-03-04,0.9753086419753086,21,0.691358024691358,0.9876543209876543,0.8726369330889481,0.798058285268101,21,0.9174778554947682,21,0.94653994,0.9197655,1
hotel_0,2023-03-05,0.8148148148148148,22,0.691358024691358,0.6049382716049383,0.7259095048380022,0.5922565279964805,22,0.6712981093189017,22,0.6469931,0.6870891,1
hotel_0,2023-03-06,0.7777777777777778,23,0.691358024691358,0.9135802469135802,0.8481132123678808,0.6117565108719498,23,0.7308978983999244,23,0.72116727,0.71972334,1
hotel_0,2023-03-07,0.9629629629629629,24,0.691358024691358,0.7160493827160493,0.8251188574229488,0.6250619035875944,24,0.7882034914659618,24,0.8228376,0.77832556,1
hotel_0,2023-03-08,0.9876543209876543,25,0.691358024691358,0.6666666666666666,0.8234172949112709,0.6166072025877469,25,0.803052727452773,25,0.8417776,0.7844841,1
hotel_0,2023-03-09,0.8024691358024691,26,0.691358024691358,0.8395061728395061,0.8531999306293794,0.6569886537634391,26,0.8054411023424789,26,0.84722656,0.7963652,1
hotel_0,2023-03-10,0.9876543209876543,27,0.691358024691358,0.691358024691358,0.8588142526906509,0.7656860092707898,27,0.8699627059855988,27,0.91477406,0.8496923,1
hotel_105,2023-02-11,0.9685534591194969,28,0.9433962264150944,0.9119496855345912,0.9178108327353515,0.9260820488454063,28,0.9456196972659475,28,0.97146827,0.9113165,1
hotel_105,2023-02-12,0.46540880503144655,29,0.9433962264150944,0.4968553459119497,0.6505530268819544,0.5517982936093386,29,0.6912858957286542,29,0.4373862,0.45696285,1
hotel_105,2023-02-13,0.44025157232704404,30,0.9433962264150944,0.6037735849056604,0.6828800208878891,0.6394936643878099,30,0.6791450624929117,30,0.481615,0.48247117,1
hotel_105,2023-02-14,0.6163522012578616,31,0.9433962264150944,0.6666666666666666,0.6797820869529935,0.6854896589112977,31,0.7373371337566808,31,0.51970065,0.5383392,1
hotel_105,2023-02-15,0.6729559748427673,32,0.9433962264150944,0.6226415094339622,0.6840961537743396,0.705083712004108,32,0.7337010684515746,32,0.54372704,0.5898262,1
hotel_105,2023-02-16,0.6792452830188679,33,0.9433962264150944,0.6918238993710691,0.687469108210312,0.7421543909588261,33,0.7296363086712446,33,0.684856,0.5976862,1
hotel_105,2023-02-17,0.8616352201257862,34,0.9433962264150944,0.9433962264150944,0.8587617545245917,0.9129781210034612,34,0.8903105403303855,34,0.7625236,0.7846044,1
hotel_105,2023-02-18,0.9811320754716981,35,0.9433962264150944,0.9119496855345912,0.8424827537290812,0.9260820488454063,35,0.908439857919158,35,0.8585386,0.8332574,1
hotel_105,2023-02-19,0.9056603773584906,36,0.9433962264150944,0.4968553459119497,0.6382645314362025,0.5517982936093386,36,0.5820137016900433,36,0.40173388,0.43460286,1
hotel_105,2023-02-20,0.7547169811320755,37,0.9433962264150944,0.6037735849056604,0.6764209052396402,0.6394936643878099,37,0.6992581316479297,37,0.50231445,0.49239415,1
hotel_105,2023-02-21,0.8427672955974843,38,0.9433962264150944,0.6666666666666666,0.6907769739447687,0.6854896589112977,38,0.7323731987573073,38,0.56459427,0.5511319,1
hotel_105,2023-02-22,0.9685534591194969,39,0.9433962264150944,0.6226415094339622,0.6809075782499299,0.705083712004108,39,0.7318008468819096,39,0.57975817,0.58827484,1
hotel_105,2023-02-23,0.8301886792452831,40,0.9433962264150944,0.6918238993710691,0.6995200742648183,0.7421543909588261,40,0.7452058832069957,40,0.6194309,0.62502176,1
hotel_105,2023-02-24,0.9245283018867925,41,0.9433962264150944,0.9433962264150944,0.8258118363159623,0.9129781210034612,41,0.8595886892412803,41,0.71106243,0.7895868,1
hotel_105,2023-02-25,0.9056603773584906,42,0.9433962264150944,0.9119496855345912,0.8133142775385876,0.9260820488454063,42,0.8956492864394084,42,0.85883015,0.84729207,1
hotel_105,2023-02-26,0.5974842767295597,43,0.9433962264150944,0.4968553459119497,0.6708776501872976,0.5517982936093386,43,0.6122014435707774,43,0.50658613,0.4574766,1
hotel_105,2023-02-27,0.6666666666666666,44,0.9433962264150944,0.6037735849056604,0.6929960488627113,0.6394936643878099,44,0.7006497031205311,44,0.59541726,0.5082555,1
hotel_105,2023-02-28,0.660377358490566,45,0.9433962264150944,0.6666666666666666,0.6974422815428425,0.6854896589112977,45,0.7359195621910718,45,0.6909978,0.58826244,1
hotel_105,2023-03-01,0.7672955974842768,46,0.9433962264150944,0.6226415094339622,0.6949228255131669,0.705083712004108,46,0.7540104089296076,46,0.68980205,0.6181734,1
hotel_105,2023-03-02,0.8427672955974843,47,0.9433962264150944,0.6918238993710691,0.7025738220564931,0.7421543909588261,47,0.7459622499167651,47,0.6376938,0.617543,1
hotel_105,2023-03-03,0.8679245283018868,48,0.9433962264150944,0.9433962264150944,0.7921595952280654,0.9129781210034612,48,0.8429645845095344,48,0.79596967,0.8216441,1
hotel_105,2023-03-04,0.7924528301886793,49,0.9433962264150944,0.9119496855345912,0.783462786574999,0.9260820488454063,49,0.884478119043856,49,0.89574116,0.8612958,1
hotel_105,2023-03-05,0.5283018867924528,50,0.9433962264150944,0.4968553459119497,0.6796232024070875,0.5517982936093386,50,0.6364152827345089,50,0.5508708,0.50567573,1
hotel_105,2023-03-06,0.6540880503144654,51,0.9433962264150944,0.6037735849056604,0.6973817711407413,0.6394936643878099,51,0.6905050703925403,51,0.6207645,0.5505807,1
hotel_105,2023-03-07,0.7295597484276729,52,0.9433962264150944,0.6666666666666666,0.7026471762884434,0.6854896589112977,52,0.7262509231848606,52,0.6910107,0.60325277,1
hotel_105,2023-03-08,0.7358490566037735,53,0.9433962264150944,0.6226415094339622,0.6992231545964238,0.705083712004108,53,0.7545687873791833,53,0.6366863,0.63849723,1
hotel_105,2023-03-09,0.6729559748427673,54,0.9433962264150944,0.6918238993710691,0.706739286860835,0.7421543909588261,54,0.7463839857066928,54,0.67615193,0.6440574,1
hotel_105,2023-03-10,0.7924528301886793,55,0.9433962264150944,0.9433962264150944,0.7715029063896854,0.9129781210034612,55,0.8388096543367515,55,0.8352739,0.8086741,1
hotel_112,2023-02-11,0.75,56,0.9625,0.91875,0.8984697829373249,0.9174207062726428,56,0.9433852871172873,56,0.93428135,0.937665,1
hotel_112,2023-02-12,0.93125,57,0.9625,0.7875,0.876582365181759,0.8805144390911736,57,0.6777979644256632,57,0.9314475,0.9432798,1
hotel_112,2023-02-13,0.84375,58,0.9625,0.8875,0.8825667947703382,0.9370642710473704,58,0.7714868142354804,58,0.9531368,0.9408859,1
hotel_112,2023-02-14,0.8875,59,0.9625,0.9875,0.8814676155925272,0.9383178765193693,59,0.8693998879408896,59,0.9674159,0.9452038,1
hotel_112,2023-02-15,0.84375,60,0.9625,0.89375,0.8769397267144623,0.9688077858715541,60,0.8843123302984025,60,0.9501322,0.9425933,1
hotel_112,2023-02-16,0.96875,61,0.9625,1.0,0.9090391466383185,0.9588843218440615,61,0.9191590520694295,61,0.9557356,0.9407794,1
hotel_112,2023-02-17,0.99375,62,0.9625,0.9625,0.8854686078739793,0.9143477058197839,62,0.9279716996050132,62,0.91176206,0.90147555,1
hotel_112,2023-02-18,0.80625,63,0.9625,0.91875,0.8992002927300065,0.9174207062726428,63,0.9340893690852796,63,0.91807526,0.9178264,1
hotel_112,2023-02-19,0.61875,64,0.9625,0.7875,0.8702581466918894,0.8805144390911736,64,0.7007353492218835,64,0.91147095,0.9335411,1
hotel_112,2023-02-20,0.84375,65,0.9625,0.8875,0.8915492944895657,0.9370642710473704,65,0.7644676763774849,65,0.9492327,0.9429312,1
hotel_112,2023-02-21,0.76875,66,0.9625,0.9875,0.912342567994472,0.9383178765193693,66,0.8173976907002691,66,0.957399,0.94729686,1
hotel_112,2023-02-22,0.65625,67,0.9625,0.89375,0.8924563546660199,0.9688077858715541,67,0.8414041420138008,67,0.9574504,0.9360908,1
hotel_112,2023-02-23,0.6625,68,0.9625,1.0,0.9168942352927661,0.9588843218440615,68,0.8733126835118555,68,0.9524659,0.92824817,1
hotel_112,2023-02-24,0.86875,69,0.9625,0.9625,0.907406382697545,0.9143477058197839,69,0.9098668721263504,69,0.90944606,0.89558214,1
hotel_112,2023-02-25,0.93125,70,0.9625,0.91875,0.8950100885212685,0.9174207062726428,70,0.9006558287042177,70,0.8979839,0.8932264,1
hotel_112,2023-02-26,0.84375,71,0.9625,0.7875,0.8884022682516574,0.8805144390911736,71,0.6997810177557866,71,0.90858686,0.9246929,1
hotel_112,2023-02-27,0.875,72,0.9625,0.8875,0.8911517313606823,0.9370642710473704,72,0.7936061825489433,72,0.9425361,0.93492544,1
hotel_112,2023-02-28,0.9375,73,0.9625,0.9875,0.8923876621746515,0.9383178765193693,73,0.8401401516378566,73,0.96663606,0.9502088,1
hotel_112,2023-03-01,0.8875,74,0.9625,0.89375,0.8900412069210795,0.9688077858715541,74,0.8544551194824453,74,0.9672678,0.94345164,1
hotel_112,2023-03-02,0.7625,75,0.9625,1.0,0.8984629852392053,0.9588843218440615,75,0.8594197976151783,75,0.9270593,0.92335606,1
hotel_112,2023-03-03,0.81875,76,0.9625,0.9625,0.8928748610199158,0.9143477058197839,76,0.9038361977175375,76,0.9061619,0.8845911,1
hotel_112,2023-03-04,0.88125,77,0.9625,0.91875,0.8948672601081924,0.9174207062726428,77,0.9029917167246386,77,0.88981885,0.898147,1
hotel_112,2023-03-05,0.90625,78,0.9625,0.7875,0.8883609693891584,0.8805144390911736,78,0.6942346157678089,78,0.900896,0.91838336,1
hotel_112,2023-03-06,0.8875,79,0.9625,0.8875,0.892998485141947,0.9370642710473704,79,0.7429074744299181,79,0.9428015,0.94242775,1
hotel_112,2023-03-07,0.79375,80,0.9625,0.9875,0.8974254259382546,0.9383178765193693,80,0.8016354185997119,80,0.95484203,0.9459892,1
hotel_112,2023-03-08,0.975,81,0.9625,0.89375,0.8931095401294079,0.9688077858715541,81,0.8424831219764305,81,0.94905275,0.94459474,1
hotel_112,2023-03-09,0.7875,82,0.9625,1.0,0.898803562063662,0.9588843218440615,82,0.8893639286063113,82,0.91866803,0.9311339,1
hotel_112,2023-03-10,0.925,83,0.9625,0.9625,0.8964295100748046,0.9143477058197839,83,0.9116459366307126,83,0.89791924,0.89268494,1
hotel_126,2023-02-11,0.9880478087649402,84,0.9123505976095617,0.8087649402390438,0.8847528452757548,0.9297860227004939,84,0.8983691228829394,84,0.9121694,0.9093319,1
hotel_126,2023-02-12,0.7649402390438247,85,0.9123505976095617,0.7609561752988048,0.8036740900164954,0.7634198242681002,85,0.6904267355643605,85,0.77322996,0.75818133,1
hotel_126,2023-02-13,0.7250996015936255,86,0.9123505976095617,0.9561752988047809,0.8351245954183047,0.8342606271342254,86,0.7501460917635491,86,0.7984454,0.79514617,1
hotel_126,2023-02-14,0.7290836653386454,87,0.9123505976095617,1.0,0.8788680353486347,0.8824033724258087,87,0.826148766373046,87,0.8558317,0.84442556,1
hotel_126,2023-02-15,0.6374501992031872,88,0.9123505976095617,0.9880478087649402,0.8728775793633873,0.8617026116766866,88,0.8492085262352055,88,0.8603316,0.8505112,1
hotel_126,2023-02-16,0.9920318725099602,89,0.9123505976095617,0.9960159362549801,0.876462371952708,0.8874816711225549,89,0.8724620618443802,89,0.858289,0.8610121,1
hotel_126,2023-02-17,0.9760956175298805,90,0.9123505976095617,0.9123505976095617,0.8928805976645481,0.9136920578053359,90,0.8770115018053933,90,0.8914337,0.8995837,1
hotel_126,2023-02-18,0.9960159362549801,91,0.9123505976095617,0.8087649402390438,0.9182096899856935,0.9297860227004939,91,0.9115258658577964,91,0.92582065,0.91863346,1
hotel_126,2023-02-19,1.0,92,0.9123505976095617,0.7609561752988048,0.82877137481601,0.7634198242681002,92,0.6311144004435164,92,0.7562297,0.7728933,1
hotel_126,2023-02-20,1.0,93,0.9123505976095617,0.9561752988047809,0.8680912986854639,0.8342606271342254,93,0.7424286106745948,93,0.7975153,0.79632336,1
hotel_126,2023-02-21,0.9960159362549801,94,0.9123505976095617,1.0,0.9057618808266481,0.8824033724258087,94,0.8186971337501244,94,0.8527531,0.83840984,1
hotel_126,2023-02-22,0.9920318725099602,95,0.9123505976095617,0.9880478087649402,0.8894044039306626,0.8617026116766866,95,0.8500519148387323,95,0.83874536,0.83378685,1
hotel_126,2023-02-23,0.9920318725099602,96,0.9123505976095617,0.9960159362549801,0.9035024724209244,0.8874816711225549,96,0.8787394121744878,96,0.8403848,0.84713227,1
hotel_126,2023-02-24,0.9681274900398407,97,0.9123505976095617,0.9123505976095617,0.9088036988793814,0.9136920578053359,97,0.881120788370284,97,0.88514054,0.8938968,1
hotel_126,2023-02-25,0.9920318725099602,98,0.9123505976095617,0.8087649402390438,0.9234097329272583,0.9297860227004939,98,0.9354535153431872,98,0.91109455,0.9172544,1
hotel_126,2023-02-26,0.7848605577689243,99,0.9123505976095617,0.7609561752988048,0.8436897882825283,0.7634198242681002,99,0.692621088840502,99,0.7745222,0.7727109,1
hotel_126,2023-02-27,0.701195219123506,100,0.9123505976095617,0.9561752988047809,0.8741196220203478,0.8342606271342254,100,0.7416849257882452,100,0.79138696,0.814837,1
hotel_126,2023-02-28,0.6533864541832669,101,0.9123505976095617,1.0,0.903798580359804,0.8824033724258087,101,0.8193670177496218,101,0.84657437,0.8483809,1
hotel_126,2023-03-01,0.7171314741035857,102,0.9123505976095617,0.9880478087649402,0.890471892666336,0.8617026116766866,102,0.8415246714304301,102,0.8624854,0.8553323,1
hotel_126,2023-03-02,0.9760956175298805,103,0.9123505976095617,0.9960159362549801,0.9021604258645379,0.8874816711225549,103,0.8488749225567751,103,0.8459899,0.858341,1
hotel_126,2023-03-03,0.9840637450199203,104,0.9123505976095617,0.9123505976095617,0.9114245997467256,0.9136920578053359,104,0.8710361769768878,104,0.8879017,0.90299463,1
hotel_126,2023-03-04,1.00398406374502,105,0.9123505976095617,0.8087649402390438,0.9269112170095549,0.9297860227004939,105,0.8939004814753612,105,0.9240417,0.92317694,1
hotel_126,2023-03-05,0.9920318725099602,106,0.9123505976095617,0.7609561752988048,0.8562068993428248,0.7634198242681002,106,0.6324541086389692,106,0.7944659,0.78644514,1
hotel_126,2023-03-06,0.9721115537848606,107,0.9123505976095617,0.9561752988047809,0.8835297020419157,0.8342606271342254,107,0.7133470368812532,107,0.8244129,0.8246805,1
hotel_126,2023-03-07,0.9960159362549801,108,0.9123505976095617,1.0,0.9098575567560616,0.8824033724258087,108,0.7877232020909428,108,0.8646108,0.86062086,1
hotel_126,2023-03-08,0.9760956175298805,109,0.9123505976095617,0.9880478087649402,0.897280311004431,0.8617026116766866,109,0.7884431755093121,109,0.87904394,0.86951387,1
hotel_126,2023-03-09,1.0,110,0.9123505976095617,0.9960159362549801,0.9081592272440956,0.8874816711225549,110,0.8075752882356877,110,0.87711865,0.86693203,1
hotel_126,2023-03-10,0.9920318725099602,111,0.9123505976095617,0.9123505976095617,0.9157543949049664,0.9136920578053359,111,0.8864737595814097,111,0.8959372,0.9168072,1
hotel_133,2023-02-11,0.7540983606557377,112,0.6065573770491803,0.639344262295082,0.671891496975939,0.7037037499028185,112,0.7454819054619027,112,0.65933067,0.67465484,1
hotel_133,2023-02-12,0.5573770491803278,113,0.6065573770491803,0.5901639344262295,0.6088133824116148,0.5211403946251055,113,0.5821257317033144,113,0.6148641,0.68538296,1
hotel_133,2023-02-13,0.5737704918032787,114,0.6065573770491803,0.7049180327868853,0.6880671602242009,0.5606917093898941,114,0.6868313350869012,114,0.65927345,0.728488,1
hotel_133,2023-02-14,0.7213114754098361,115,0.6065573770491803,0.7540983606557377,0.7035025434942036,0.5717387218356356,115,0.7362716161784769,115,0.75072783,0.77484083,1
hotel_133,2023-02-15,0.7049180327868853,116,0.6065573770491803,0.7704918032786885,0.7141539488277072,0.5858655623427986,116,0.7841906737423617,116,0.75963163,0.7954069,1
hotel_133,2023-02-16,0.6885245901639344,117,0.6065573770491803,0.7213114754098361,0.7023790735036896,0.5960068718917255,117,0.8059954776996424,117,0.751844,0.7690748,1
hotel_133,2023-02-17,0.9836065573770492,118,0.6065573770491803,0.6065573770491803,0.6518176758768776,0.6677484002561368,118,0.7639869041152774,118,0.69433075,0.7121522,1
hotel_133,2023-02-18,0.9836065573770492,119,0.6065573770491803,0.639344262295082,0.6951802561403853,0.7037037499028185,119,0.8299117782411245,119,0.7157083,0.7593297,1
hotel_133,2023-02-19,0.9672131147540983,120,0.6065573770491803,0.5901639344262295,0.6278958012836422,0.5211403946251055,120,0.5994449829821319,120,0.66718096,0.75200474,1
hotel_133,2023-02-20,0.4426229508196721,121,0.6065573770491803,0.7049180327868853,0.6949927883792494,0.5606917093898941,121,0.7204461241505556,121,0.7132354,0.7710298,1
hotel_133,2023-02-21,0.36065573770491804,122,0.6065573770491803,0.7540983606557377,0.7094138181765968,0.5717387218356356,122,0.78395869883431,122,0.7340796,0.80700576,1
hotel_133,2023-02-22,0.39344262295081966,123,0.6065573770491803,0.7704918032786885,0.7182460680655072,0.5858655623427986,123,0.8200455824833526,123,0.75338995,0.8107009,1
hotel_133,2023-02-23,0.5737704918032787,124,0.6065573770491803,0.7213114754098361,0.7034815756502535,0.5960068718917255,124,0.8372115188152379,124,0.7413629,0.7806427,1
hotel_133,2023-02-24,0.7377049180327869,125,0.6065573770491803,0.6065573770491803,0.6511145240421554,0.6677484002561368,125,0.8514661810254498,125,0.6665206,0.73038405,1
hotel_133,2023-02-25,0.7704918032786885,126,0.6065573770491803,0.639344262295082,0.6923413155584169,0.7037037499028185,126,0.8792619259336151,126,0.6643391,0.75476223,1
hotel_133,2023-02-26,0.5245901639344263,127,0.6065573770491803,0.5901639344262295,0.6311193502060249,0.5211403946251055,127,0.5816103853642878,127,0.63867515,0.7456051,1
hotel_133,2023-02-27,0.8360655737704918,128,0.6065573770491803,0.7049180327868853,0.6933393620664177,0.5606917093898941,128,0.7058988075521718,128,0.6881581,0.76241547,1
hotel_133,2023-02-28,0.6721311475409836,129,0.6065573770491803,0.7540983606557377,0.7065333173986227,0.5717387218356356,129,0.7542513708256949,129,0.75820976,0.8033314,1
hotel_133,2023-03-01,0.6557377049180327,130,0.6065573770491803,0.7704918032786885,0.7147228433764719,0.5858655623427986,130,0.7734080272853557,130,0.76559603,0.8107887,1
hotel_133,2023-03-02,0.6557377049180327,131,0.6065573770491803,0.7213114754098361,0.7014931341846411,0.5960068718917255,131,0.795093446617925,131,0.741188,0.78205633,1
hotel_133,2023-03-03,0.819672131147541,132,0.6065573770491803,0.6065573770491803,0.6538458733301024,0.6677484002561368,132,0.8510116124788433,132,0.6658373,0.7404197,1
hotel_133,2023-03-04,0.9344262295081968,133,0.6065573770491803,0.639344262295082,0.6916575280328212,0.7037037499028185,133,0.8698675776200417,133,0.6573008,0.75026613,1
hotel_133,2023-03-05,0.819672131147541,134,0.6065573770491803,0.5901639344262295,0.635236107729919,0.5211403946251055,134,0.6512754315382893,134,0.6204713,0.72365564,1
hotel_133,2023-03-06,0.819672131147541,135,0.6065573770491803,0.7049180327868853,0.6924568885532023,0.5606917093898941,135,0.7100991841299151,135,0.65474373,0.75515735,1
hotel_133,2023-03-07,0.8032786885245902,136,0.6065573770491803,0.7540983606557377,0.7046070657631377,0.5717387218356356,136,0.7464521949657957,136,0.7112967,0.78663176,1
hotel_133,2023-03-08,0.8360655737704918,137,0.6065573770491803,0.7704918032786885,0.7121381907296679,0.5858655623427986,137,0.7822051045566479,137,0.69937193,0.7946084,1
hotel_133,2023-03-09,0.819672131147541,138,0.6065573770491803,0.7213114754098361,0.6999262641559033,0.5960068718917255,138,0.7901013188007122,138,0.695719,0.7739266,1
hotel_133,2023-03-10,0.8688524590163934,139,0.6065573770491803,0.6065573770491803,0.6560177577044097,0.6677484002561368,139,0.8434982282029069,139,0.6487092,0.7188513,1
hotel_14,2023-02-11,0.7830188679245284,140,0.7547169811320755,0.8584905660377359,0.8033134194439062,0.8320672634231122,140,0.8584882833540994,140,0.8098472,0.7995854,1
hotel_14,2023-02-12,0.4716981132075472,141,0.7547169811320755,0.4528301886792453,0.5808196447538181,0.614554983554092,141,0.4971217672783587,141,0.5946353,0.6526974,1
hotel_14,2023-02-13,0.660377358490566,142,0.7547169811320755,0.6886792452830188,0.7210449193070059,0.7113751219938282,142,0.6944000437091372,142,0.6991496,0.7293702,1
hotel_14,2023-02-14,0.8301886792452831,143,0.7547169811320755,0.7830188679245284,0.7517872472713559,0.794700667293519,143,0.7413167952342862,143,0.78157336,0.8040295,1
hotel_14,2023-02-15,0.9245283018867925,144,0.7547169811320755,0.7641509433962265,0.767578509248635,0.8161551212420672,144,0.7996059399791081,144,0.77678967,0.8184222,1
hotel_14,2023-02-16,0.9433962264150944,145,0.7547169811320755,0.8962264150943396,0.8041861996618432,0.7746484503395785,145,0.8332721520574242,145,0.77067655,0.7987855,1
hotel_14,2023-02-17,0.9716981132075472,146,0.7547169811320755,0.7547169811320755,0.7632242128238034,0.7946384281986,146,0.8477543786135268,146,0.8100916,0.8140154,1
hotel_14,2023-02-18,0.9433962264150944,147,0.7547169811320755,0.8584905660377359,0.794240371718602,0.8320672634231122,147,0.8893635877375138,147,0.8505754,0.8336115,1
hotel_14,2023-02-19,0.8962264150943396,148,0.7547169811320755,0.4528301886792453,0.6019525689623935,0.614554983554092,148,0.5557335000574672,148,0.6235562,0.68501437,1
hotel_14,2023-02-20,0.9339622641509434,149,0.7547169811320755,0.6886792452830188,0.7179135574130093,0.7113751219938282,149,0.7076798620635566,149,0.71222275,0.7306967,1
hotel_14,2023-02-21,0.9339622641509434,150,0.7547169811320755,0.7830188679245284,0.7550195147951624,0.794700667293519,150,0.7621754873190775,150,0.76439077,0.7943165,1
hotel_14,2023-02-22,0.9905660377358491,151,0.7547169811320755,0.7641509433962265,0.7556728584149536,0.8161551212420672,151,0.8080517860332835,151,0.778446,0.808775,1
hotel_14,2023-02-23,0.9056603773584906,152,0.7547169811320755,0.8962264150943396,0.8052123820684614,0.7746484503395785,152,0.8153163368363736,152,0.77588904,0.7950471,1
hotel_14,2023-02-24,0.8962264150943396,153,0.7547169811320755,0.7547169811320755,0.7515176558798817,0.7946384281986,153,0.85745635728234,153,0.81282306,0.81384856,1
hotel_14,2023-02-25,0.8773584905660378,154,0.7547169811320755,0.8584905660377359,0.7761750331674458,0.8320672634231122,154,0.8966230824041429,154,0.83774847,0.8230771,1
hotel_14,2023-02-26,0.6886792452830188,155,0.7547169811320755,0.4528301886792453,0.6448738765228393,0.614554983554092,155,0.6170517397518793,155,0.62161505,0.67048305,1
hotel_14,2023-02-27,0.7830188679245284,156,0.7547169811320755,0.6886792452830188,0.7257121185528356,0.7113751219938282,156,0.6943900840174367,156,0.7021943,0.7223214,1
hotel_14,2023-02-28,0.7452830188679245,157,0.7547169811320755,0.7830188679245284,0.7477168625909308,0.794700667293519,157,0.752069620168655,157,0.75424147,0.77603287,1
hotel_14,2023-03-01,0.7830188679245284,158,0.7547169811320755,0.7641509433962265,0.7522740002556939,0.8161551212420672,158,0.7752043316911444,158,0.78514206,0.8025547,1
hotel_14,2023-03-02,0.660377358490566,159,0.7547169811320755,0.8962264150943396,0.7804387941985186,0.7746484503395785,159,0.7901013188007122,159,0.78921896,0.7768893,1
hotel_14,2023-03-03,0.8490566037735849,160,0.7547169811320755,0.7547169811320755,0.74956089531519,0.7946384281986,160,0.8719935564832865,160,0.83093846,0.80220336,1
hotel_14,2023-03-04,0.8584905660377359,161,0.7547169811320755,0.8584905660377359,0.7670776733812058,0.8320672634231122,161,0.9001323907093283,161,0.8367382,0.81490314,1
hotel_14,2023-03-05,0.4528301886792453,162,0.7547169811320755,0.4528301886792453,0.6663842800244026,0.614554983554092,162,0.6435934818549913,162,0.6215959,0.6622516,1
hotel_14,2023-03-06,0.6509433962264151,163,0.7547169811320755,0.6886792452830188,0.7277152665933563,0.7113751219938282,163,0.6986199960982398,163,0.6692449,0.70552075,1
hotel_14,2023-03-07,0.7547169811320755,164,0.7547169811320755,0.7830188679245284,0.7459248117389309,0.794700667293519,164,0.7225371651973124,164,0.7481048,0.7685169,1
hotel_14,2023-03-08,0.7830188679245284,165,0.7547169811320755,0.7641509433962265,0.7477736055368681,0.8161551212420672,165,0.7594355049462299,165,0.7700858,0.7899498,1
hotel_14,2023-03-09,0.7830188679245284,166,0.7547169811320755,0.8962264150943396,0.7716401591674457,0.7746484503395785,166,0.7700048692626075,166,0.75600743,0.774393,1
hotel_14,2023-03-10,0.8867924528301887,167,0.7547169811320755,0.7547169811320755,0.7456432210019458,0.7946384281986,167,0.8610555178196219,167,0.7909708,0.7959329,1
hotel_21,2023-02-11,0.9953703703703703,168,0.9814814814814815,0.9675925925925926,0.9687612055190762,0.9835035355304617,168,0.9783651655931533,168,0.97815096,0.97111255,1
hotel_21,2023-02-12,0.9907407407407407,169,0.9814814814814815,0.9305555555555556,0.9431836382073997,0.9266160259222259,169,0.9104374660966689,169,0.9396792,0.95158595,1
hotel_21,2023-02-13,0.9953703703703703,170,0.9814814814814815,0.9907407407407407,0.9463114746616752,0.9694233018939243,170,0.9417720986086364,170,0.9765807,0.97467226,1
hotel_21,2023-02-14,0.9953703703703703,171,0.9814814814814815,0.9953703703703703,0.9557529163133711,0.9845143349706162,171,0.9666749871797807,171,0.9978004,0.99009895,1
hotel_21,2023-02-15,0.9814814814814815,172,0.9814814814814815,0.9953703703703703,0.9502499531538116,1.0015073284200884,172,0.9822401905902561,172,0.9905004,0.98375857,1
hotel_21,2023-02-16,0.9768518518518519,173,0.9814814814814815,1.0,0.9392498114415291,1.0054446382456341,173,0.9827489588766686,173,0.9992527,0.98694736,1
hotel_21,2023-02-17,0.9814814814814815,174,0.9814814814814815,0.9814814814814815,0.9413837013313783,0.9808936907980261,174,0.9881067346910533,174,0.97660923,0.97573,1
hotel_21,2023-02-18,0.9814814814814815,175,0.9814814814814815,0.9675925925925926,0.9404406382760496,0.9835035355304617,175,0.97623453725393,175,0.9728528,0.9652443,1
hotel_21,2023-02-19,0.9722222222222222,176,0.9814814814814815,0.9305555555555556,0.9333179721897157,0.9266160259222259,176,0.9115319870966695,176,0.9381539,0.94766486,1
hotel_21,2023-02-20,0.9722222222222222,177,0.9814814814814815,0.9907407407407407,0.938749098693826,0.9694233018939243,177,0.9267761408432071,177,0.9838763,0.9665765,1
hotel_21,2023-02-21,0.9953703703703703,178,0.9814814814814815,0.9953703703703703,0.93707778426794,0.9845143349706162,178,0.958721570962391,178,0.994447,0.9811707,1
hotel_21,2023-02-22,0.9953703703703703,179,0.9814814814814815,0.9953703703703703,0.9365490857620105,1.0015073284200884,179,0.9745554873464474,179,0.994559,0.9770638,1
hotel_21,2023-02-23,0.9722222222222222,180,0.9814814814814815,1.0,0.9373484037078447,1.0054446382456341,180,0.9770195054838584,180,0.9926236,0.9835684,1
hotel_21,2023-02-24,1.0,181,0.9814814814814815,0.9814814814814815,0.9330039794395034,0.9808936907980261,181,0.9809284926353893,181,0.987761,0.9690647,1
hotel_21,2023-02-25,0.9861111111111112,182,0.9814814814814815,0.9675925925925926,0.9302776201935554,0.9835035355304617,182,0.9868496192258984,182,0.96585315,0.95108646,1
hotel_21,2023-02-26,0.9444444444444444,183,0.9814814814814815,0.9305555555555556,0.9294939026488194,0.9266160259222259,183,0.9059051202221355,183,0.93745583,0.93962127,1
hotel_21,2023-02-27,0.9907407407407407,184,0.9814814814814815,0.9907407407407407,0.9277253808513172,0.9694233018939243,184,0.9373822517393082,184,0.9674766,0.963512,1
hotel_21,2023-02-28,0.9953703703703703,185,0.9814814814814815,0.9953703703703703,0.9272645904893623,0.9845143349706162,185,0.97133924129185,185,0.98333067,0.9745874,1
hotel_21,2023-03-01,0.9907407407407407,186,0.9814814814814815,0.9953703703703703,0.9261159267118927,1.0015073284200884,186,0.9787236491655645,186,0.97849524,0.9733226,1
hotel_21,2023-03-02,0.9814814814814815,187,0.9814814814814815,1.0,0.9258483595250164,1.0054446382456341,187,0.9686566875401971,187,0.98998755,0.972298,1
hotel_21,2023-03-03,0.9953703703703703,188,0.9814814814814815,0.9814814814814815,0.9251013185568886,0.9808936907980261,188,0.9777841839553669,188,0.9774582,0.96393746,1
hotel_21,2023-03-04,0.9861111111111112,189,0.9814814814814815,0.9675925925925926,0.9249484186300462,0.9835035355304617,189,0.9814741924690102,189,0.9674306,0.9521988,1
hotel_21,2023-03-05,0.8842592592592593,190,0.9814814814814815,0.9305555555555556,0.9244619245873302,0.9266160259222259,190,0.8995236072082701,190,0.93706346,0.93332696,1
hotel_21,2023-03-06,0.9907407407407407,191,0.9814814814814815,0.9907407407407407,0.9243763885789686,0.9694233018939243,191,0.9283947997946245,191,0.9651093,0.9559471,1
hotel_21,2023-03-07,1.0,192,0.9814814814814815,0.9953703703703703,0.9240591371639421,0.9845143349706162,192,0.9586605096975118,192,0.9835156,0.9699606,1
hotel_21,2023-03-08,0.9953703703703703,193,0.9814814814814815,0.9953703703703703,0.9240126767563184,1.0015073284200884,193,0.9735234704008435,193,0.9794757,0.96888113,1
hotel_21,2023-03-09,1.0,194,0.9814814814814815,1.0,0.9238055040989607,1.0054446382456341,194,0.973423808776051,194,0.9807292,0.96879256,1
hotel_21,2023-03-10,0.9907407407407407,195,0.9814814814814815,0.9814814814814815,0.9237813430077504,0.9808936907980261,195,0.9776090232042692,195,0.9601022,0.95630735,1
hotel_28,2023-02-11,0.0,196,0.0,0.0,-0.0005876468910997498,0.04590844272383725,196,0.0164192064137453,196,0.0037789457,-0.0023417324,1
hotel_28,2023-02-12,0.0,197,0.0,0.0,-0.001079240237742171,0.034666516512559,197,0.003060225647431835,197,0.0025217123,-0.002532512,1
hotel_28,2023-02-13,0.0,198,0.0,0.0,-0.0016742333395689752,0.002795956947701874,198,0.00825026178656544,198,-0.0027428642,0.0030973032,1
hotel_28,2023-02-14,0.0,199,0.0,0.0,-0.001930060685521132,-0.017238949420364587,199,0.009986760499971103,199,0.0081437,0.0026577674,1
hotel_28,2023-02-15,0.0,200,0.0,0.0,-0.00194861523038004,-0.016812703856089684,200,0.017965680532236877,200,0.0077338256,0.0059303045,1
hotel_28,2023-02-16,0.0,201,0.0,0.0,-0.0019324456271415916,-0.00995704280266934,201,0.019073493394366117,201,0.0035493467,0.0053368295,1
hotel_28,2023-02-17,0.0,202,0.0,0.0,-0.0019127948604578371,0.008592734315365462,202,0.0293631078182525,202,0.0027972646,0.0018540621,1
hotel_28,2023-02-18,0.0,203,0.0,0.0,-0.0018475644919864484,0.04590844272383725,203,0.05723262581431022,203,0.00764178,0.0041640475,1
hotel_28,2023-02-19,0.0,204,0.0,0.0,-0.0019321465113018282,0.034666516512559,204,0.03413448755702737,204,0.0036229976,0.0065015685,1
hotel_28,2023-02-20,0.0,205,0.0,0.0,-0.0022936579635842204,0.002795956947701874,205,0.04278610156212059,205,0.0066399463,0.0074046366,1
hotel_28,2023-02-21,0.0,206,0.0,0.0,-0.0024150578105427162,-0.017238949420364587,206,0.05080017990053602,206,0.0029505156,0.0046645664,1
hotel_28,2023-02-22,0.0,207,0.0,0.0,-0.0024286896846145555,-0.016812703856089684,207,0.055317522066842165,207,0.0024285782,0.0068407734,1
hotel_28,2023-02-23,0.0,208,0.0,0.0,-0.0024506440551060648,-0.00995704280266934,208,0.05642533492897138,208,0.00846006,0.0034278329,1
hotel_28,2023-02-24,0.0,209,0.0,0.0,-0.002459787402484446,0.008592734315365462,209,0.06671494935285771,209,0.004156644,0.0015538151,1
hotel_28,2023-02-25,0.0,210,0.0,0.0,-0.002493070403858605,0.04590844272383725,210,0.060714593170579284,210,0.00014253147,0.005541224,1
hotel_28,2023-02-26,0.0,211,0.0,0.0,-0.0026269519829847368,0.034666516512559,211,0.040412067182037124,211,-0.0047205854,0.0002941303,1
hotel_28,2023-02-27,0.0,212,0.0,0.0,-0.00298272129724589,0.002795956947701874,212,0.04906368118713036,212,-0.0054759234,0.004096579,1
hotel_28,2023-02-28,0.0,213,0.0,0.0,-0.003106751532437266,-0.017238949420364587,213,0.05080017990053602,213,-0.005434992,0.0016182326,1
hotel_28,2023-03-01,0.0,214,0.0,0.0,-0.0031177837323944466,-0.016812703856089684,214,0.050570204303722374,214,-0.004695289,0.0019870773,1
hotel_28,2023-03-02,0.0,215,0.0,0.0,-0.003131251390364199,-0.00995704280266934,215,0.0516780171658516,215,-0.0020103902,-0.0020375662,1
hotel_28,2023-03-03,0.0,216,0.0,0.0,-0.003134874904093624,0.008592734315365462,216,0.058768624850270866,216,-0.008541238,-0.0071690697,1
hotel_28,2023-03-04,0.0,217,0.0,0.0,-0.0031533498143594993,0.04590844272383725,217,0.058003858407144,217,-0.005598448,-0.00822836,1
hotel_28,2023-03-05,0.0,218,0.0,0.0,-0.0032686996880638038,0.034666516512559,218,0.044310382842651756,218,-0.0026362091,-0.0055264626,1
hotel_28,2023-03-06,0.0,219,0.0,0.0,-0.003591055937360684,0.002795956947701874,219,0.044316363424010574,219,-0.0059310794,0.00043401588,1
hotel_28,2023-03-07,0.0,220,0.0,0.0,-0.003703067992136994,-0.017238949420364587,220,0.04605286213741624,220,-0.0064210445,0.0025540264,1
hotel_28,2023-03-08,0.0,221,0.0,0.0,-0.003713478186866047,-0.016812703856089684,221,0.04708823694745326,221,-0.005435273,0.005900558,1
hotel_28,2023-03-09,0.0,222,0.0,0.0,-0.003726694679199221,-0.00995704280266934,222,0.04819604980958249,222,-0.006040409,0.002009071,1
hotel_28,2023-03-10,0.0,223,0.0,0.0,-0.003730632147916538,0.008592734315365462,223,0.061236864170153955,223,-0.016284987,0.0013637277,1
hotel_35,2023-02-11,0.5703125,224,0.53125,0.38671875,0.527266264247376,0.5709031183449307,224,0.5238316283239948,224,0.53953046,0.5371765,1
hotel_35,2023-02-12,0.48828125,225,0.53125,0.400390625,0.5101843003599195,0.557475035867054,225,0.43652591437779775,225,0.49716395,0.46690235,1
hotel_35,2023-02-13,0.53515625,226,0.53125,0.564453125,0.566933627786838,0.610803952910889,226,0.49226645732226676,226,0.5251049,0.51229143,1
hotel_35,2023-02-14,0.6015625,227,0.53125,0.640625,0.5918010174138613,0.6065470079264037,227,0.5721378796855684,227,0.5676891,0.56130654,1
hotel_35,2023-02-15,0.638671875,228,0.53125,0.619140625,0.5941695859912031,0.5778346036641486,228,0.6135445444863871,228,0.5960288,0.57564354,1
hotel_35,2023-02-16,0.63671875,229,0.53125,0.54296875,0.5784888154588199,0.5438436199154615,229,0.6238961811770859,229,0.5648644,0.5537387,1
hotel_35,2023-02-17,0.693359375,230,0.53125,0.53125,0.5591912469214099,0.5312505702407246,230,0.6314531003125073,230,0.526089,0.53036875,1
hotel_35,2023-02-18,0.673828125,231,0.53125,0.38671875,0.5556972705005748,0.5709031183449307,231,0.5987053807524126,231,0.5382408,0.5188844,1
hotel_35,2023-02-19,0.638671875,232,0.53125,0.400390625,0.5407153583581802,0.557475035867054,232,0.46995074508620954,232,0.4893152,0.46380424,1
hotel_35,2023-02-20,0.8046875,233,0.53125,0.564453125,0.5904879397341658,0.610803952910889,233,0.48941053307936455,233,0.5355822,0.5051882,1
hotel_35,2023-02-21,0.84375,234,0.53125,0.640625,0.6122981396068123,0.6065470079264037,234,0.5656915072110003,234,0.55195415,0.54856384,1
hotel_35,2023-02-22,0.83984375,235,0.53125,0.619140625,0.6143755170420281,0.5778346036641486,235,0.6502980198198812,235,0.5801588,0.555643,1
hotel_35,2023-02-23,0.869140625,236,0.53125,0.54296875,0.600622535945181,0.5438436199154615,236,0.7111157104949,236,0.56600344,0.5351264,1
hotel_35,2023-02-24,0.78515625,237,0.53125,0.53125,0.5836974049535615,0.5312505702407246,237,0.6613041133030658,237,0.5193473,0.5172063,1
hotel_35,2023-02-25,0.712890625,238,0.53125,0.38671875,0.580632976992618,0.5709031183449307,238,0.6652583153823893,238,0.53183067,0.5017811,1
hotel_35,2023-02-26,0.666015625,239,0.53125,0.400390625,0.5674929368355695,0.557475035867054,239,0.48265189900876926,239,0.48202968,0.44097725,1
hotel_35,2023-02-27,0.716796875,240,0.53125,0.564453125,0.6111464913207636,0.610803952910889,240,0.4844450219004786,240,0.5198026,0.48793316,1
hotel_35,2023-02-28,0.810546875,241,0.53125,0.640625,0.6302753514713227,0.6065470079264037,241,0.5342068004124142,241,0.546019,0.53764594,1
hotel_35,2023-03-01,0.81640625,242,0.53125,0.619140625,0.6320973367199773,0.5778346036641486,242,0.6042103572573346,242,0.581716,0.5584571,1
hotel_35,2023-03-02,0.87109375,243,0.53125,0.54296875,0.6200351431779175,0.5438436199154615,243,0.642842625244608,243,0.5486898,0.52372694,1
hotel_35,2023-03-03,0.796875,244,0.53125,0.53125,0.6051907829400901,0.5312505702407246,244,0.6786642462074419,244,0.5217232,0.5084574,1
hotel_35,2023-03-04,0.740234375,245,0.53125,0.38671875,0.6025030948744768,0.5709031183449307,245,0.689820940759254,245,0.52033126,0.48214796,1
hotel_35,2023-03-05,0.626953125,246,0.53125,0.400390625,0.5909784874887303,0.557475035867054,246,0.5080721509428738,246,0.47607383,0.42641127,1
hotel_35,2023-03-06,0.64453125,247,0.53125,0.564453125,0.6292652864955273,0.610803952910889,247,0.5363004564332471,247,0.49539617,0.45636645,1
hotel_35,2023-03-07,0.677734375,248,0.53125,0.640625,0.6460424500610277,0.6065470079264037,248,0.5688173950423541,248,0.5394352,0.51224005,1
hotel_35,2023-03-08,0.720703125,249,0.53125,0.619140625,0.6476404409653478,0.5778346036641486,249,0.6475257525874445,249,0.57096213,0.5251355,1
hotel_35,2023-03-09,0.671875,250,0.53125,0.54296875,0.637061170040627,0.5438436199154615,250,0.6903993021785567,250,0.53068566,0.5162367,1
hotel_35,2023-03-10,0.595703125,251,0.53125,0.53125,0.6240417711964171,0.5312505702407246,251,0.7321404341524529,251,0.49971974,0.5038097,1
hotel_42,2023-02-11,0.6639676113360324,252,0.4777327935222672,0.7651821862348178,0.6258783436905211,0.6235580385678599,252,0.7379281222916764,252,0.6032068,0.6435982,1
hotel_42,2023-02-12,0.4089068825910931,253,0.4777327935222672,0.22267206477732793,0.4106972953564484,0.2665694395533351,253,0.34939746511088104,253,0.3286576,0.27115312,1
hotel_42,2023-02-13,0.24696356275303644,254,0.4777327935222672,0.3684210526315789,0.4806347020537508,0.33992249330121327,254,0.33955739199220114,254,0.3610701,0.28506973,1
hotel_42,2023-02-14,0.5344129554655871,255,0.4777327935222672,0.4979757085020243,0.5057353521555109,0.43097463465133334,255,0.37321833554259864,255,0.33170193,0.26406622,1
hotel_42,2023-02-15,0.4008097165991903,256,0.4777327935222672,0.41295546558704455,0.6074131090876115,0.4202499145835179,256,0.42268353929063807,256,0.38050595,0.27191287,1
hotel_42,2023-02-16,0.30364372469635625,257,0.4777327935222672,0.5222672064777328,0.6950742095841086,0.4361481068762222,257,0.553588768769129,257,0.5013085,0.32076955,1
hotel_42,2023-02-17,0.41700404858299595,258,0.4777327935222672,0.4777327935222672,0.5837084397027692,0.5178820283064579,258,0.6342841065448406,258,0.60579515,0.46392977,1
hotel_42,2023-02-18,0.7651821862348178,259,0.4777327935222672,0.7651821862348178,0.67240950456108,0.6235580385678599,259,0.7315121942000983,259,0.6917635,0.61358654,1
hotel_42,2023-02-19,0.4534412955465587,260,0.4777327935222672,0.22267206477732793,0.47262187925140653,0.2665694395533351,260,0.49992247009453583,260,0.3031479,0.20363027,1
hotel_42,2023-02-20,0.8704453441295547,261,0.4777327935222672,0.3684210526315789,0.528630494197464,0.33992249330121327,261,0.4997542158438813,261,0.34232128,0.20592809,1
hotel_42,2023-02-21,1.008097165991903,262,0.4777327935222672,0.4979757085020243,0.5714874731003997,0.43097463465133334,262,0.5239165915948558,262,0.35679626,0.12071979,1
hotel_42,2023-02-22,0.9838056680161943,263,0.4777327935222672,0.41295546558704455,0.5653972496927716,0.4202499145835179,263,0.5672427962420222,263,0.34978235,0.14298648,1
hotel_42,2023-02-23,0.6032388663967612,264,0.4777327935222672,0.5222672064777328,0.6139336340074655,0.4361481068762222,264,0.6094491698733353,264,0.37007457,0.2744591,1
hotel_42,2023-02-24,0.3076923076923077,265,0.4777327935222672,0.4777327935222672,0.5800652193835493,0.5178820283064579,265,0.7429501133138128,265,0.47393206,0.33135813,1
hotel_42,2023-02-25,0.4534412955465587,266,0.4777327935222672,0.7651821862348178,0.6402318928615541,0.6235580385678599,266,0.8221742754200423,266,0.60708976,0.49631417,1
hotel_42,2023-02-26,0.47368421052631576,267,0.4777327935222672,0.22267206477732793,0.5396203643639925,0.2665694395533351,267,0.5229256739221332,267,0.29328296,0.13279176,1
hotel_42,2023-02-27,0.757085020242915,268,0.4777327935222672,0.3684210526315789,0.5706577418532998,0.33992249330121327,268,0.5474429557054522,268,0.37466007,0.13492388,1
hotel_42,2023-02-28,0.9271255060728745,269,0.4777327935222672,0.4979757085020243,0.5860372617923156,0.43097463465133334,269,0.5721965063626876,269,0.3199293,0.13300288,1
hotel_42,2023-03-01,0.9635627530364372,270,0.4777327935222672,0.41295546558704455,0.6148528106713729,0.4202499145835179,270,0.6395628559958801,270,0.40617687,0.12271428,1
hotel_42,2023-03-02,0.9271255060728745,271,0.4777327935222672,0.5222672064777328,0.6497184904386312,0.4361481068762222,271,0.6615225184291202,271,0.43553355,0.18304998,1
hotel_42,2023-03-03,0.8502024291497976,272,0.4777327935222672,0.4777327935222672,0.6106035036816201,0.5178820283064579,272,0.7437285813134011,272,0.55068123,0.33059183,1
hotel_42,2023-03-04,0.9311740890688259,273,0.4777327935222672,0.7651821862348178,0.6479426552078872,0.6235580385678599,273,0.8059844590269326,273,0.5752121,0.41821975,1
hotel_42,2023-03-05,0.631578947368421,274,0.4777327935222672,0.22267206477732793,0.5703453323820131,0.2665694395533351,274,0.5305145683968671,274,0.18506745,0.041124582,1
hotel_42,2023-03-06,0.41700404858299595,275,0.4777327935222672,0.3684210526315789,0.59262670374112,0.33992249330121327,275,0.5584234709582182,275,0.24465606,0.056612253,1
hotel_42,2023-03-07,1.0040485829959513,276,0.4777327935222672,0.4979757085020243,0.608116484190702,0.43097463465133334,276,0.642348709364038,276,0.25023624,0.016336322,1
hotel_42,2023-03-08,1.008097165991903,277,0.4777327935222672,0.41295546558704455,0.6116919142343169,0.4202499145835179,277,0.6541197392787502,277,0.28931618,0.027410746,1
hotel_42,2023-03-09,0.6437246963562753,278,0.4777327935222672,0.5222672064777328,0.6324856039102597,0.4361481068762222,278,0.6964671723000507,278,0.25242,0.09452808,1
hotel_42,2023-03-10,0.3360323886639676,279,0.4777327935222672,0.4777327935222672,0.6152207359951005,0.5178820283064579,279,0.7492773788130992,279,0.44159073,0.18669713,1
hotel_49,2023-02-11,1.0087336244541485,280,0.9912663755458515,1.0043668122270741,0.9832864422306586,1.0085896878132308,280,0.994251255060988,280,1.0031846,0.9917104,1
hotel_49,2023-02-12,0.8034934497816594,281,0.9912663755458515,0.9781659388646288,0.9168336149691944,0.9090585212860629,281,0.9042717347788645,281,0.9263587,0.9173652,1
hotel_49,2023-02-13,0.8296943231441049,282,0.9912663755458515,0.9956331877729258,0.9301010262257187,0.8946902929518764,282,0.938027567073047,282,0.9505449,0.9332268,1
hotel_49,2023-02-14,0.8296943231441049,283,0.9912663755458515,1.0,0.9443061242657227,0.9207885694254273,283,0.9475498140758863,283,0.9764165,0.95949805,1
hotel_49,2023-02-15,0.8209606986899564,284,0.9912663755458515,0.9650655021834061,0.9561436219510108,0.9227999332499739,284,0.9398839811468758,284,0.9776847,0.9702445,1
hotel_49,2023-02-16,0.8296943231441049,285,0.9912663755458515,0.9737991266375546,0.9501140843029062,0.9368909801238957,285,0.942315944298077,285,0.97486913,0.9727895,1
hotel_49,2023-02-17,0.834061135371179,286,0.9912663755458515,0.9912663755458515,0.9644629869163541,0.996674405928432,286,0.9719463496128035,286,0.99326354,0.98544955,1
hotel_49,2023-02-18,0.834061135371179,287,0.9912663755458515,1.0043668122270741,0.9619389724562344,1.0085896878132308,287,0.993059790596309,287,1.0073309,0.9926044,1
hotel_49,2023-02-19,0.8296943231441049,288,0.9912663755458515,0.9781659388646288,0.9441110163207114,0.9090585212860629,288,0.9290701184192925,288,0.9248114,0.92440236,1
hotel_49,2023-02-20,0.8253275109170306,289,0.9912663755458515,0.9956331877729258,0.9491820370910562,0.8946902929518764,289,0.9627704928394288,289,0.9502982,0.9360068,1
hotel_49,2023-02-21,0.8296943231441049,290,0.9912663755458515,1.0,0.9543290115507411,0.9207885694254273,290,0.9722635408139809,290,0.97036123,0.9573265,1
hotel_49,2023-02-22,0.834061135371179,291,0.9912663755458515,0.9650655021834061,0.9483572264148893,0.9227999332499739,291,0.9632788349056582,291,0.96526766,0.9631329,1
hotel_49,2023-02-23,0.8296943231441049,292,0.9912663755458515,0.9737991266375546,0.9498662541699027,0.9368909801238957,292,0.9576931957475949,292,0.9636349,0.9667905,1
hotel_49,2023-02-24,0.8296943231441049,293,0.9912663755458515,0.9912663755458515,0.955763531704219,0.996674405928432,293,0.9757418733202596,293,0.9891477,0.9809939,1
hotel_49,2023-02-25,0.8296943231441049,294,0.9912663755458515,1.0043668122270741,0.9542506861351397,1.0085896878132308,294,0.9857150692884731,294,1.0019451,0.9848739,1
hotel_49,2023-02-26,0.8296943231441049,295,0.9912663755458515,0.9781659388646288,0.9358432796518583,0.9090585212860629,295,0.8987366449419423,295,0.9320466,0.9168032,1
hotel_49,2023-02-27,0.834061135371179,296,0.9912663755458515,0.9956331877729258,0.9402462750114658,0.8946902929518764,296,0.9218055472025989,296,0.9503998,0.9379485,1
hotel_49,2023-02-28,0.8384279475982532,297,0.9912663755458515,1.0,0.9438687700129591,0.9207885694254273,297,0.9434597051002369,297,0.9724472,0.95008785,1
hotel_49,2023-03-01,0.834061135371179,298,0.9912663755458515,0.9650655021834061,0.9455163478744107,0.9227999332499739,298,0.9494587939427679,298,0.9774701,0.9644047,1
hotel_49,2023-03-02,0.8296943231441049,299,0.9912663755458515,0.9737991266375546,0.9442103189614931,0.9368909801238957,299,0.9509052435007653,299,0.97168034,0.9606665,1
hotel_49,2023-03-03,0.8384279475982532,300,0.9912663755458515,0.9912663755458515,0.9487867296853777,0.996674405928432,300,0.9751552144383407,300,0.9896572,0.98196834,1
hotel_49,2023-03-04,0.8384279475982532,301,0.9912663755458515,1.0043668122270741,0.9476715215973383,1.0085896878132308,301,0.9842298820218477,301,1.003939,0.9865019,1
hotel_49,2023-03-05,0.7816593886462883,302,0.9912663755458515,0.9781659388646288,0.9402607310522506,0.9090585212860629,302,0.8922025000741083,302,0.9282868,0.92036706,1
hotel_49,2023-03-06,0.8165938864628821,303,0.9912663755458515,0.9956331877729258,0.942059668278107,0.8946902929518764,303,0.9367532918510035,303,0.95139414,0.9367844,1
hotel_49,2023-03-07,0.8253275109170306,304,0.9912663755458515,1.0,0.9440823058972472,0.9207885694254273,304,0.9653310726875524,304,0.9663803,0.9539165,1
hotel_49,2023-03-08,0.8165938864628821,305,0.9912663755458515,0.9650655021834061,0.9430165194583968,0.9227999332499739,305,0.9516131154569836,305,0.97732824,0.9655641,1
hotel_49,2023-03-09,0.8034934497816594,306,0.9912663755458515,0.9737991266375546,0.9431912424962505,0.9368909801238957,306,0.9502435807988349,306,0.97928125,0.9608229,1
hotel_49,2023-03-10,0.7816593886462883,307,0.9912663755458515,0.9912663755458515,0.9452868554632534,0.996674405928432,307,0.9704547007858831,307,0.9958989,0.98008883,1
hotel_56,2023-02-11,0.9916666666666667,308,0.925,1.0,0.942035391294324,1.0019120190116082,308,0.9743831829220091,308,0.95686173,0.9518195,1
hotel_56,2023-02-12,0.8416666666666667,309,0.925,0.8416666666666667,0.8992418159246103,0.867094741138341,309,0.8906498763104117,309,0.90339565,0.91065097,1
hotel_56,2023-02-13,0.8166666666666667,310,0.925,1.0,0.9392118646400897,0.8804173989220663,310,0.9460454684067984,310,0.94895744,0.9454792,1
hotel_56,2023-02-14,1.0,311,0.925,1.0083333333333333,0.9608484359555981,0.9188582967044278,311,0.9798255297775296,311,0.97920763,0.9729607,1
hotel_56,2023-02-15,1.0,312,0.925,1.0,0.959762419184853,0.9449524856765567,312,0.9833633897433716,312,0.97649974,0.97558767,1
hotel_56,2023-02-16,1.0,313,0.925,1.0,0.9604785219832518,0.9577862304198911,313,0.9880698995941609,313,0.98188764,0.97051615,1
hotel_56,2023-02-17,1.0,314,0.925,0.925,0.9389366211206681,0.978291638275675,314,0.9815740851083595,314,0.96582425,0.9593799,1
hotel_56,2023-02-18,1.0,315,0.925,1.0,0.9441174827334847,1.0019120190116082,315,0.9897381039636878,315,0.96079737,0.9620514,1
hotel_56,2023-02-19,1.0,316,0.925,0.8416666666666667,0.9053430428546684,0.867094741138341,316,0.9169029037348077,316,0.92052495,0.9167849,1
hotel_56,2023-02-20,0.975,317,0.925,1.0,0.9434558714468638,0.8804173989220663,317,0.9370597145852522,317,0.95476145,0.93619716,1
hotel_56,2023-02-21,1.0,318,0.925,1.0083333333333333,0.9511982128806521,0.9188582967044278,318,0.9711272646627205,318,0.97924596,0.96156836,1
hotel_56,2023-02-22,1.0,319,0.925,1.0,0.9495086872394811,0.9449524856765567,319,0.9821933764207057,319,0.9808883,0.96902186,1
hotel_56,2023-02-23,1.0,320,0.925,1.0,0.9497264708779638,0.9577862304198911,320,0.9867090582933937,320,0.9793197,0.96890557,1
hotel_56,2023-02-24,1.0,321,0.925,0.925,0.9309418916497136,0.978291638275675,321,0.9784492317838717,321,0.97209805,0.9567323,1
hotel_56,2023-02-25,1.0,322,0.925,1.0,0.9352961403840643,1.0019120190116082,322,0.995717838676834,322,0.9687736,0.9559586,1
hotel_56,2023-02-26,0.85,323,0.925,0.8416666666666667,0.916835961317585,0.867094741138341,323,0.9034093355065226,323,0.92731524,0.9073016,1
hotel_56,2023-02-27,1.0,324,0.925,1.0,0.934634386000598,0.8804173989220663,324,0.9326252850699738,324,0.94487923,0.93052,1
hotel_56,2023-02-28,1.0,325,0.925,1.0083333333333333,0.9405017109815876,0.9188582967044278,325,0.9642952652136431,325,0.97318536,0.94656396,1
hotel_56,2023-03-01,1.0,326,0.925,1.0,0.9398271715428174,0.9449524856765567,326,0.9801308553965482,326,0.9719254,0.9586962,1
hotel_56,2023-03-02,1.0,327,0.925,1.0,0.9400102075324064,0.9577862304198911,327,0.9811851683032675,327,0.9804997,0.95718217,1
hotel_56,2023-03-03,1.0,328,0.925,0.925,0.930931513823822,0.978291638275675,328,0.9885601397017343,328,0.9770149,0.95214593,1
hotel_56,2023-03-04,0.9916666666666667,329,0.925,1.0,0.9330672136151367,1.0019120190116082,329,0.9931863849310973,329,0.9730917,0.94925326,1
hotel_56,2023-03-05,0.9166666666666666,330,0.925,0.8416666666666667,0.9212129182489521,0.867094741138341,330,0.8920764145463113,330,0.91563016,0.90164244,1
hotel_56,2023-03-06,1.0,331,0.925,1.0,0.9327636086511946,0.8804173989220663,331,0.944667499385761,331,0.94950056,0.92294663,1
hotel_56,2023-03-07,1.0,332,0.925,1.0083333333333333,0.935768202611691,0.9188582967044278,332,0.9689790651869324,332,0.97392833,0.94702095,1
hotel_56,2023-03-08,1.0,333,0.925,1.0,0.9352896227815787,0.9449524856765567,333,0.979371311358903,333,0.9818891,0.9583509,1
hotel_56,2023-03-09,1.0,334,0.925,1.0,0.9353793994453885,0.9577862304198911,334,0.977373166067544,334,0.9796317,0.9574093,1
hotel_56,2023-03-10,1.0,335,0.925,0.925,0.929596876965991,0.978291638275675,335,0.9775451949286804,335,0.95967805,0.9521495,1
hotel_63,2023-02-11,0.6888888888888889,336,0.8533333333333334,0.8977777777777778,0.8623676104463724,0.9540040215384962,336,0.8820512288222975,336,0.85299987,0.8041313,1
hotel_63,2023-02-12,0.35555555555555557,337,0.8533333333333334,0.6133333333333333,0.7815951470399567,0.6657673542576502,337,0.5963438139639516,337,0.6905426,0.5999099,1
hotel_63,2023-02-13,0.5022222222222222,338,0.8533333333333334,0.6888888888888889,0.8028780343410731,0.664881624497836,338,0.7516886836997027,338,0.6809863,0.6182538,1
hotel_63,2023-02-14,0.6488888888888888,339,0.8533333333333334,0.5111111111111111,0.7030039795390993,0.7187666847429857,339,0.8089299815600193,339,0.6976196,0.6823572,1
hotel_63,2023-02-15,0.96,340,0.8533333333333334,0.5777777777777777,0.6501051846109352,0.7381215501456785,340,0.7541380326790564,340,0.7041497,0.70176536,1
hotel_63,2023-02-16,0.9822222222222222,341,0.8533333333333334,0.9511111111111111,0.78730565646548,0.7447428509451167,341,0.7821461124303358,341,0.7094585,0.72833806,1
hotel_63,2023-02-17,0.8711111111111111,342,0.8533333333333334,0.8533333333333334,0.770798543386695,0.8947852230429162,342,0.8575218241887356,342,0.84296036,0.8325057,1
hotel_63,2023-02-18,1.008888888888889,343,0.8533333333333334,0.8977777777777778,0.7998126119033074,0.9540040215384962,343,0.8761906189003722,343,0.84668505,0.8011497,1
hotel_63,2023-02-19,0.9955555555555555,344,0.8533333333333334,0.6133333333333333,0.7180282325609696,0.6657673542576502,344,0.6245787576527624,344,0.6683109,0.60734034,1
hotel_63,2023-02-20,0.5555555555555556,345,0.8533333333333334,0.6888888888888889,0.7500342156006696,0.664881624497836,345,0.6937840463119781,345,0.6254455,0.6045009,1
hotel_63,2023-02-21,0.7333333333333333,346,0.8533333333333334,0.5111111111111111,0.6789054960521755,0.7187666847429857,346,0.7272665843706936,346,0.6674369,0.6356504,1
hotel_63,2023-02-22,0.7555555555555555,347,0.8533333333333334,0.5777777777777777,0.6777841217094404,0.7381215501456785,347,0.742491306644792,347,0.66925347,0.6509558,1
hotel_63,2023-02-23,0.7511111111111111,348,0.8533333333333334,0.9511111111111111,0.8110185527928429,0.7447428509451167,348,0.8074523502798503,348,0.70847654,0.71628153,1
hotel_63,2023-02-24,0.7422222222222222,349,0.8533333333333334,0.8533333333333334,0.78195826005099,0.8947852230429162,349,0.8370365016719071,349,0.77921784,0.81509936,1
hotel_63,2023-02-25,0.6711111111111111,350,0.8533333333333334,0.8977777777777778,0.7926513379757345,0.9540040215384962,350,0.8772462488470676,350,0.8250746,0.7884133,1
hotel_63,2023-02-26,0.8933333333333333,351,0.8533333333333334,0.6133333333333333,0.7444311142903723,0.6657673542576502,351,0.5883675136521439,351,0.6705946,0.6093962,1
hotel_63,2023-02-27,0.96,352,0.8533333333333334,0.6888888888888889,0.7596661093161328,0.664881624497836,352,0.7156802816076042,352,0.6649469,0.61258507,1
hotel_63,2023-02-28,0.9288888888888889,353,0.8533333333333334,0.5111111111111111,0.7117848928684845,0.7187666847429857,353,0.7582835672173595,353,0.6737429,0.6490769,1
hotel_63,2023-03-01,0.6577777777777778,354,0.8533333333333334,0.5777777777777777,0.6996228164577878,0.7381215501456785,354,0.7941257878557586,354,0.66416055,0.66486907,1
hotel_63,2023-03-02,0.49333333333333335,355,0.8533333333333334,0.9511111111111111,0.777922381058731,0.7447428509451167,355,0.8080084670967376,355,0.6818439,0.695577,1
hotel_63,2023-03-03,0.6,356,0.8533333333333334,0.8533333333333334,0.7645885337531704,0.8947852230429162,356,0.837646057659314,356,0.78528726,0.81300694,1
hotel_63,2023-03-04,0.7066666666666667,357,0.8533333333333334,0.8977777777777778,0.7754924604205036,0.9540040215384962,357,0.8916466261498555,357,0.77995044,0.78853965,1
hotel_63,2023-03-05,0.29333333333333333,358,0.8533333333333334,0.6133333333333333,0.7405783671838109,0.6657673542576502,358,0.6578092651770004,358,0.6168475,0.6128602,1
hotel_63,2023-03-06,0.3022222222222222,359,0.8533333333333334,0.6888888888888889,0.7535490390796764,0.664881624497836,359,0.7107407938363308,359,0.64952594,0.62369096,1
hotel_63,2023-03-07,0.92,360,0.8533333333333334,0.5111111111111111,0.7209356353668342,0.7187666847429857,360,0.7427214518952522,360,0.6282515,0.6422932,1
hotel_63,2023-03-08,0.8888888888888888,361,0.8533333333333334,0.5777777777777777,0.7166214362721857,0.7381215501456785,361,0.7741094867117799,361,0.6385366,0.64822733,1
hotel_63,2023-03-09,0.8488888888888889,362,0.8533333333333334,0.9511111111111111,0.7744138570730943,0.7447428509451167,362,0.7950692312724642,362,0.6345297,0.6846777,1
hotel_63,2023-03-10,1.0,363,0.8533333333333334,0.8533333333333334,0.7633391071310405,0.8947852230429162,363,0.8579453407332982,363,0.73994094,0.7691016,1
hotel_7,2023-02-11,0.43973941368078173,364,0.5716612377850163,0.509771986970684,0.49303075995718515,0.47765527547375725,364,0.5245883791036946,364,0.48976502,0.5207145,1
hotel_7,2023-02-12,0.44625407166123776,365,0.5716612377850163,0.44136807817589574,0.45255357107910166,0.43559089402117485,365,0.4417159146373645,365,0.45542625,0.42230237,1
hotel_7,2023-02-13,0.40390879478827363,366,0.5716612377850163,0.3517915309446254,0.35219664192008865,0.3398553968537611,366,0.4416022121399191,366,0.3544598,0.35686806,1
hotel_7,2023-02-14,0.43485342019543977,367,0.5716612377850163,0.44462540716612375,0.4050998538676661,0.40376244610673684,367,0.4852528783765799,367,0.42229185,0.3773368,1
hotel_7,2023-02-15,0.5276872964169381,368,0.5716612377850163,0.5276872964169381,0.5044551947927961,0.5152341198716073,368,0.5186318286637922,368,0.49831685,0.46553612,1
hotel_7,2023-02-16,0.5162866449511401,369,0.5716612377850163,0.5228013029315961,0.5054354320466418,0.5057780921077468,369,0.5655925609255665,369,0.53506494,0.5234592,1
hotel_7,2023-02-17,0.6026058631921825,370,0.5716612377850163,0.5716612377850163,0.5810456259187703,0.5705385864114237,370,0.6890963447256535,370,0.5811919,0.5583912,1
hotel_7,2023-02-18,0.5602605863192183,371,0.5716612377850163,0.509771986970684,0.5037966449969081,0.47765527547375725,371,0.6681528479188158,371,0.52304476,0.5110102,1
hotel_7,2023-02-19,0.5928338762214984,372,0.5716612377850163,0.44136807817589574,0.46704095696609427,0.43559089402117485,372,0.5097442790990361,372,0.4592703,0.42458385,1
hotel_7,2023-02-20,0.498371335504886,373,0.5716612377850163,0.3517915309446254,0.3620968840296768,0.3398553968537611,373,0.521792060250368,373,0.35777497,0.32953256,1
hotel_7,2023-02-21,0.5618892508143323,374,0.5716612377850163,0.44462540716612375,0.40702932478408727,0.40376244610673684,374,0.5525112212807917,374,0.40660214,0.36420178,1
hotel_7,2023-02-22,0.6172638436482085,375,0.5716612377850163,0.5276872964169381,0.5083610810452938,0.5152341198716073,375,0.5716067849982526,375,0.4862578,0.44211707,1
hotel_7,2023-02-23,0.5814332247557004,376,0.5716612377850163,0.5228013029315961,0.5086498528398321,0.5057780921077468,376,0.6212666539953259,376,0.5279868,0.5059755,1
hotel_7,2023-02-24,0.6351791530944625,377,0.5716612377850163,0.5716612377850163,0.5883787071322453,0.5705385864114237,377,0.7346069054333417,377,0.5771219,0.5402153,1
hotel_7,2023-02-25,0.5684039087947883,378,0.5716612377850163,0.509771986970684,0.510604415828821,0.47765527547375725,378,0.6851300002737218,378,0.5079968,0.49626735,1
hotel_7,2023-02-26,0.6074918566775245,379,0.5716612377850163,0.44136807817589574,0.47295722103710114,0.43559089402117485,379,0.5329651789286861,379,0.44302318,0.40976098,1
hotel_7,2023-02-27,0.4201954397394137,380,0.5716612377850163,0.3517915309446254,0.36719799638955974,0.3398553968537611,380,0.5603503778406257,380,0.35316408,0.3229513,1
hotel_7,2023-02-28,0.4771986970684039,381,0.5716612377850163,0.44462540716612375,0.41142328245003035,0.40376244610673684,381,0.5819258237827536,381,0.38660222,0.35255456,1
hotel_7,2023-03-01,0.6042345276872965,382,0.5716612377850163,0.5276872964169381,0.5121454503466505,0.5152341198716073,382,0.6303306337414306,382,0.46329147,0.42713958,1
hotel_7,2023-03-02,0.5700325732899023,383,0.5716612377850163,0.5228013029315961,0.5119091538934283,0.5057780921077468,383,0.6366890591272177,383,0.5038443,0.4616862,1
hotel_7,2023-03-03,0.6123778501628665,384,0.5716612377850163,0.5716612377850163,0.5911857859527276,0.5705385864114237,384,0.7213509813760584,384,0.56147,0.52404356,1
hotel_7,2023-03-04,0.5765472312703583,385,0.5716612377850163,0.509771986970684,0.5130220168655255,0.47765527547375725,385,0.7527485484970642,385,0.48201168,0.46040463,1
hotel_7,2023-03-05,0.5781758957654723,386,0.5716612377850163,0.44136807817589574,0.4750393836588836,0.43559089402117485,386,0.5324639207094211,386,0.4175112,0.38750035,1
hotel_7,2023-03-06,0.41368078175895767,387,0.5716612377850163,0.3517915309446254,0.36899126215233824,0.3398553968537611,387,0.5698505935722417,387,0.3319378,0.2959634,1
hotel_7,2023-03-07,0.496742671009772,388,0.5716612377850163,0.44462540716612375,0.4129677353476051,0.40376244610673684,388,0.6394900285809348,388,0.355822,0.3280642,1
hotel_7,2023-03-08,0.6237785016286646,389,0.5716612377850163,0.5276872964169381,0.5134756127811299,0.5152341198716073,389,0.6573793409774471,389,0.4382723,0.40011442,1
hotel_7,2023-03-09,0.6058631921824105,390,0.5716612377850163,0.5228013029315961,0.5130547583368305,0.5057780921077468,390,0.6964671723000507,390,0.47440624,0.45276242,1
hotel_7,2023-03-10,0.6726384364820847,391,0.5716612377850163,0.5716612377850163,0.5921724395423362,0.5705385864114237,391,0.7585250822361465,391,0.5514908,0.51306605,1
hotel_70,2023-02-11,0.43859649122807015,392,0.4166666666666667,0.2894736842105263,0.3888238529185517,0.44474151750181373,392,0.409528416035209,392,0.41257015,0.3938351,1
hotel_70,2023-02-12,0.25,393,0.4166666666666667,0.2412280701754386,0.310439895100574,0.2565593141982787,393,0.28005813260151746,393,0.23891039,0.24671021,1
hotel_70,2023-02-13,0.2412280701754386,394,0.4166666666666667,0.3201754385964912,0.3411417859968248,0.24084282517283315,394,0.2967709900277471,394,0.2309852,0.2132487,1
hotel_70,2023-02-14,0.2982456140350877,395,0.4166666666666667,0.2807017543859649,0.3283521542500475,0.26081191721919655,395,0.30247465782491456,395,0.20253713,0.20509186,1
hotel_70,2023-02-15,0.2894736842105263,396,0.4166666666666667,0.29385964912280704,0.34286061963769887,0.29404029978246565,396,0.30760547788687204,396,0.1890124,0.21807782,1
hotel_70,2023-02-16,0.2982456140350877,397,0.4166666666666667,0.29385964912280704,0.37359638405387563,0.31651067605629823,397,0.33805398929719344,397,0.26234883,0.24881667,1
hotel_70,2023-02-17,0.3991228070175439,398,0.4166666666666667,0.4166666666666667,0.43643817280042657,0.41667153664230244,398,0.43671062508310615,398,0.31585115,0.32042193,1
hotel_70,2023-02-18,0.4342105263157895,399,0.4166666666666667,0.2894736842105263,0.3954005683895524,0.44474151750181373,399,0.4353844157551569,399,0.34353995,0.32409704,1
hotel_70,2023-02-19,0.36403508771929827,400,0.4166666666666667,0.2412280701754386,0.3559166268300175,0.2565593141982787,400,0.2988699552447202,400,0.21278954,0.2142053,1
hotel_70,2023-02-20,0.42543859649122806,401,0.4166666666666667,0.3201754385964912,0.38891598573063396,0.24084282517283315,401,0.3236536148230767,401,0.2093002,0.19291681,1
hotel_70,2023-02-21,0.39035087719298245,402,0.4166666666666667,0.2807017543859649,0.37324618217570726,0.26081191721919655,402,0.3622597324234099,402,0.17590427,0.18543038,1
hotel_70,2023-02-22,0.42543859649122806,403,0.4166666666666667,0.29385964912280704,0.3817889536088755,0.29404029978246565,403,0.41700075712511836,403,0.19498459,0.19016911,1
hotel_70,2023-02-23,0.42543859649122806,404,0.4166666666666667,0.29385964912280704,0.3917474643534534,0.31651067605629823,404,0.434275721198906,404,0.22780046,0.23418397,1
hotel_70,2023-02-24,0.42543859649122806,405,0.4166666666666667,0.4166666666666667,0.4479668473605478,0.41667153664230244,405,0.47298836039882003,405,0.3025332,0.31126148,1
hotel_70,2023-02-25,0.4298245614035088,406,0.4166666666666667,0.2894736842105263,0.4265406826480949,0.44474151750181373,406,0.4676978880907744,406,0.30022293,0.32019746,1
hotel_70,2023-02-26,0.3508771929824561,407,0.4166666666666667,0.2412280701754386,0.39086041429490725,0.2565593141982787,407,0.35611111890042685,407,0.2009283,0.20347527,1
hotel_70,2023-02-27,0.37280701754385964,408,0.4166666666666667,0.3201754385964912,0.4105169765307698,0.24084282517283315,408,0.34054240602054625,408,0.18865348,0.18696478,1
hotel_70,2023-02-28,0.42543859649122806,409,0.4166666666666667,0.2807017543859649,0.40170545590391943,0.26081191721919655,409,0.35780001767515573,409,0.18605435,0.19288799,1
hotel_70,2023-03-01,0.40789473684210525,410,0.4166666666666667,0.29385964912280704,0.40870967141052644,0.29404029978246565,410,0.3899168645311548,410,0.20845783,0.20408651,1
hotel_70,2023-03-02,0.37719298245614036,411,0.4166666666666667,0.29385964912280704,0.420910797303497,0.31651067605629823,411,0.4009013224405873,411,0.22643115,0.22831084,1
hotel_70,2023-03-03,0.43859649122807015,412,0.4166666666666667,0.4166666666666667,0.457475261451204,0.41667153664230244,412,0.4449641752980676,412,0.29999638,0.31337053,1
hotel_70,2023-03-04,0.43859649122807015,413,0.4166666666666667,0.2894736842105263,0.4385505379455325,0.44474151750181373,413,0.45380946110672676,413,0.3091051,0.30808607,1
hotel_70,2023-03-05,0.29385964912280704,414,0.4166666666666667,0.2412280701754386,0.41546108142936317,0.2565593141982787,414,0.3894460753424796,414,0.21023796,0.20075643,1
hotel_70,2023-03-06,0.43859649122807015,415,0.4166666666666667,0.3201754385964912,0.4314653612536203,0.24084282517283315,415,0.3801148706143564,415,0.19687095,0.17949498,1
hotel_70,2023-03-07,0.42543859649122806,416,0.4166666666666667,0.2807017543859649,0.4240349710771104,0.26081191721919655,416,0.3996991994196495,416,0.18584356,0.17839429,1
hotel_70,2023-03-08,0.37280701754385964,417,0.4166666666666667,0.29385964912280704,0.4287987667450884,0.29404029978246565,417,0.43592849521016935,417,0.23820151,0.19403726,1
hotel_70,2023-03-09,0.34649122807017546,418,0.4166666666666667,0.29385964912280704,0.43565976357251235,0.31651067605629823,418,0.4339733661311196,418,0.2435021,0.22945805,1
hotel_70,2023-03-10,0.3684210526315789,419,0.4166666666666667,0.4166666666666667,0.4639222806311111,0.41667153664230244,419,0.4735578041632888,419,0.30885717,0.31860477,1
hotel_84,2023-02-11,0.9204152249134948,420,0.7854671280276817,0.8927335640138409,0.7297813283918414,0.8141608235645224,420,0.763072559169892,420,0.82613754,0.7824235,1
hotel_84,2023-02-12,0.20761245674740483,421,0.7854671280276817,0.4532871972318339,0.5035532596681145,0.5673191381898524,421,0.46508074078039535,421,0.7178902,0.61050373,1
hotel_84,2023-02-13,0.356401384083045,422,0.7854671280276817,0.5882352941176471,0.49859295515272944,0.5750735785458644,422,0.4691644123125853,422,0.7837494,0.6081907,1
hotel_84,2023-02-14,0.6643598615916955,423,0.7854671280276817,0.6332179930795848,0.5535224372543767,0.6305909214111205,423,0.5045586687648022,423,0.945941,0.614176,1
hotel_84,2023-02-15,0.5432525951557093,424,0.7854671280276817,0.643598615916955,0.5167543018713239,0.6469828903723714,424,0.5291971981392465,424,0.88825864,0.611029,1
hotel_84,2023-02-16,0.8131487889273357,425,0.7854671280276817,0.532871972318339,0.5204896714923154,0.6170352733011697,425,0.5500859453613806,425,0.7994741,0.64873403,1
hotel_84,2023-02-17,1.0,426,0.7854671280276817,0.7854671280276817,0.7298430779042698,0.7620711894827383,426,0.7786570646804257,426,0.95100605,0.7150034,1
hotel_84,2023-02-18,1.041522491349481,427,0.7854671280276817,0.8927335640138409,0.7353604194576924,0.8141608235645224,427,0.8430941501082058,427,0.9138955,0.7509364,1
hotel_84,2023-02-19,0.8339100346020761,428,0.7854671280276817,0.4532871972318339,0.5279696611011738,0.5673191381898524,428,0.4851248869918668,428,0.8265225,0.5691581,1
hotel_84,2023-02-20,0.6332179930795848,429,0.7854671280276817,0.5882352941176471,0.5592182424723706,0.5750735785458644,429,0.4451075558497244,429,0.8817292,0.60021037,1
hotel_84,2023-02-21,0.8096885813148789,430,0.7854671280276817,0.6332179930795848,0.5894067975786103,0.6305909214111205,430,0.4788798746814514,430,0.9318467,0.6161034,1
hotel_84,2023-02-22,1.013840830449827,431,0.7854671280276817,0.643598615916955,0.5752926269281945,0.6469828903723714,431,0.5286343451429245,431,0.8879446,0.62922204,1
hotel_84,2023-02-23,1.0069204152249136,432,0.7854671280276817,0.532871972318339,0.5563285572147225,0.6170352733011697,432,0.5638527865407089,432,0.8455484,0.6549881,1
hotel_84,2023-02-24,1.0069204152249136,433,0.7854671280276817,0.7854671280276817,0.7050589597249637,0.7620711894827383,433,0.7431235716464658,433,1.0104064,0.7388103,1
hotel_84,2023-02-25,0.6401384083044983,434,0.7854671280276817,0.8927335640138409,0.6989443253687166,0.8141608235645224,434,0.8101378091476628,434,1.0027019,0.77968234,1
hotel_84,2023-02-26,0.19377162629757785,435,0.7854671280276817,0.4532871972318339,0.5533845221164275,0.5673191381898524,435,0.4669821437313697,435,0.911548,0.6172679,1
hotel_84,2023-02-27,0.42214532871972316,436,0.7854671280276817,0.5882352941176471,0.5694503376524964,0.5750735785458644,436,0.4435746804750223,436,0.9936725,0.6459334,1
hotel_84,2023-02-28,0.5640138408304498,437,0.7854671280276817,0.6332179930795848,0.5930345339727385,0.6305909214111205,437,0.4250762999037052,437,1.0856901,0.67324954,1
hotel_84,2023-03-01,0.5017301038062284,438,0.7854671280276817,0.643598615916955,0.5804420796917527,0.6469828903723714,438,0.4481595835526723,438,1.0336379,0.68695253,1
hotel_84,2023-03-02,0.48788927335640137,439,0.7854671280276817,0.532871972318339,0.5709354362865994,0.6170352733011697,439,0.4974584187471464,439,0.9628365,0.71495956,1
hotel_84,2023-03-03,0.7889273356401384,440,0.7854671280276817,0.7854671280276817,0.683465194239887,0.7620711894827383,440,0.7068350735958745,440,1.0760334,0.78557813,1
hotel_84,2023-03-04,0.9100346020761245,441,0.7854671280276817,0.8927335640138409,0.6810722060038531,0.8141608235645224,441,0.7946827746622089,441,1.0652229,0.8146059,1
hotel_84,2023-03-05,0.5847750865051903,442,0.7854671280276817,0.4532871972318339,0.5713364339420498,0.5673191381898524,442,0.615979980274113,442,0.8930752,0.65037626,1
hotel_84,2023-03-06,0.8823529411764706,443,0.7854671280276817,0.5882352941176471,0.5849078591220821,0.5750735785458644,443,0.622620577160954,443,0.9658601,0.6534517,1
hotel_84,2023-03-07,0.8269896193771626,444,0.7854671280276817,0.6332179930795848,0.6021258615628418,0.6305909214111205,444,0.6368948402576576,444,1.027002,0.66390336,1
hotel_84,2023-03-08,0.754325259515571,445,0.7854671280276817,0.643598615916955,0.5933436648922586,0.6469828903723714,445,0.6330673418448003,445,0.9970702,0.6547539,1
hotel_84,2023-03-09,0.6920415224913494,446,0.7854671280276817,0.532871972318339,0.5851034722066832,0.6170352733011697,446,0.6227244442901143,446,0.9832269,0.6785061,1
hotel_84,2023-03-10,0.9446366782006921,447,0.7854671280276817,0.7854671280276817,0.6680377630524577,0.7620711894827383,447,0.7377231676323754,447,1.0662204,0.7379556,1
hotel_91,2023-02-11,0.6067415730337079,448,0.550561797752809,0.8876404494382022,0.6288323142260519,0.646439922889206,448,0.6465684753145267,448,0.5280135,0.56747186,1
hotel_91,2023-02-12,0.4943820224719101,449,0.550561797752809,0.550561797752809,0.6666881948785914,0.47573600394160864,449,0.5064235722412959,449,0.52177197,0.6049744,1
hotel_91,2023-02-13,0.6629213483146067,450,0.550561797752809,0.9325842696629213,0.7243484225402677,0.5946313365631687,450,0.6199321978058138,450,0.67744434,0.7642353,1
hotel_91,2023-02-14,0.7415730337078652,451,0.550561797752809,0.9662921348314607,0.7318142872744194,0.6858938171261553,451,0.7674537437787113,451,0.83147526,0.8481216,1
hotel_91,2023-02-15,0.8876404494382022,452,0.550561797752809,0.9775280898876404,0.7228207678242562,0.6885933924118087,452,0.8277917837588922,452,0.77775073,0.77748287,1
hotel_91,2023-02-16,0.7078651685393258,453,0.550561797752809,0.8202247191011236,0.7209290848508536,0.6184688832156794,453,0.8170707785613256,453,0.7410085,0.71743035,1
hotel_91,2023-02-17,0.9438202247191011,454,0.550561797752809,0.550561797752809,0.755556168880188,0.6539996959409258,454,0.8106085613501557,454,0.69122195,0.67995393,1
hotel_91,2023-02-18,1.0,455,0.550561797752809,0.8876404494382022,0.7550695938548302,0.646439922889206,455,0.83147828471461,455,0.62290895,0.66501564,1
hotel_91,2023-02-19,0.5955056179775281,456,0.550561797752809,0.550561797752809,0.6893155413855521,0.47573600394160864,456,0.6340170043778308,456,0.6095955,0.67937857,1
hotel_91,2023-02-20,0.8089887640449438,457,0.550561797752809,0.9325842696629213,0.7677102846830648,0.5946313365631687,457,0.7231846877805708,457,0.72547895,0.7758192,1
hotel_91,2023-02-21,0.9325842696629213,458,0.550561797752809,0.9662921348314607,0.7660487231067021,0.6858938171261553,458,0.8088544836045259,458,0.8188219,0.80559784,1
hotel_91,2023-02-22,0.898876404494382,459,0.550561797752809,0.9775280898876404,0.776770198479183,0.6885933924118087,459,0.8586965007147069,459,0.7981808,0.7258237,1
hotel_91,2023-02-23,0.9325842696629213,460,0.550561797752809,0.8202247191011236,0.7419149308031877,0.6184688832156794,460,0.8408949688464716,460,0.72178257,0.68735206,1
hotel_91,2023-02-24,0.898876404494382,461,0.550561797752809,0.550561797752809,0.6835285660644213,0.6539996959409258,461,0.8055521828685792,461,0.7469245,0.6873472,1
hotel_91,2023-02-25,0.9550561797752809,462,0.550561797752809,0.8876404494382022,0.7028072045457461,0.646439922889206,462,0.8131764670354653,462,0.7075934,0.66278476,1
hotel_91,2023-02-26,0.550561797752809,463,0.550561797752809,0.550561797752809,0.7181646691797045,0.47573600394160864,463,0.621649365841842,463,0.60686517,0.7053876,1
hotel_91,2023-02-27,0.7191011235955056,464,0.550561797752809,0.9325842696629213,0.7187593483258861,0.5946313365631687,464,0.7193176697225235,464,0.76678354,0.7841345,1
hotel_91,2023-02-28,0.9325842696629213,465,0.550561797752809,0.9662921348314607,0.7191574706560971,0.6858938171261553,465,0.7876580708077707,465,0.79471076,0.8486561,1
hotel_91,2023-03-01,0.9213483146067416,466,0.550561797752809,0.9775280898876404,0.7209228266858445,0.6885933924118087,466,0.8160825910391158,466,0.7525358,0.74604374,1
hotel_91,2023-03-02,0.7752808988764045,467,0.550561797752809,0.8202247191011236,0.7219875463672557,0.6184688832156794,467,0.8230576844616331,467,0.763517,0.7057928,1
hotel_91,2023-03-03,0.5842696629213483,468,0.550561797752809,0.550561797752809,0.7224381280435219,0.6539996959409258,468,0.8872381281524856,468,0.785891,0.66580427,1
hotel_91,2023-03-04,0.6404494382022472,469,0.550561797752809,0.8876404494382022,0.7227548449651735,0.646439922889206,469,0.8948351362962873,469,0.6989404,0.65807414,1
hotel_91,2023-03-05,0.4157303370786517,470,0.550561797752809,0.550561797752809,0.7229972788027256,0.47573600394160864,470,0.6505743505846528,470,0.5951612,0.63248575,1
hotel_91,2023-03-06,0.6067415730337079,471,0.550561797752809,0.9325842696629213,0.7231484061656221,0.5946313365631687,471,0.7391413837961971,471,0.6859368,0.7515264,1
hotel_91,2023-03-07,0.5842696629213483,472,0.550561797752809,0.9662921348314607,0.7232405845006099,0.6858938171261553,472,0.8047003226515329,472,0.76624894,0.7556201,1
hotel_91,2023-03-08,0.6404494382022472,473,0.550561797752809,0.9775280898876404,0.7233015342139749,0.6885933924118087,473,0.8371175648998406,473,0.74442446,0.6952982,1
hotel_91,2023-03-09,0.6179775280898876,474,0.550561797752809,0.8202247191011236,0.7233418712097767,0.6184688832156794,474,0.835325800892807,474,0.70621747,0.6624523,1
hotel_91,2023-03-10,0.651685393258427,475,0.550561797752809,0.550561797752809,0.7233677548110228,0.6539996959409258,475,0.8868098183416299,475,0.69548297,0.6313968,1
hotel_98,2023-02-11,0.2661290322580645,476,0.1774193548387097,0.21774193548387097,0.23746325603244628,0.2234848542211605,476,0.2501015958160971,476,0.18667376,0.19626246,1
hotel_98,2023-02-12,0.11290322580645161,477,0.1774193548387097,0.08870967741935484,0.0934812046842414,0.06617579050046155,477,0.10607480486527711,477,0.0434715,0.07818402,1
hotel_98,2023-02-13,0.22580645161290322,478,0.1774193548387097,0.14516129032258066,0.13392638752003966,0.09869545633689333,478,0.11929646311099075,478,0.07791701,0.11028296,1
hotel_98,2023-02-14,0.3790322580645161,479,0.1774193548387097,0.1532258064516129,0.14144572564952435,0.09092193028318349,479,0.14015489774630013,479,0.11075373,0.14297709,1
hotel_98,2023-02-15,0.2661290322580645,480,0.1774193548387097,0.13709677419354838,0.1280907046411338,0.05995344447007412,480,0.14036946463632033,480,0.09923676,0.12927912,1
hotel_98,2023-02-16,0.4596774193548387,481,0.1774193548387097,0.13709677419354838,0.15407499967566146,0.08902174596308489,481,0.15847506448262685,481,0.086729735,0.13043691,1
hotel_98,2023-02-17,0.5564516129032258,482,0.1774193548387097,0.1774193548387097,0.23839210391847665,0.1736422982552714,482,0.2185333950746614,482,0.0884461,0.170353,1
hotel_98,2023-02-18,0.5403225806451613,483,0.1774193548387097,0.21774193548387097,0.2927844323650698,0.2234848542211605,483,0.28177628063765825,483,0.1566437,0.18496975,1
hotel_98,2023-02-19,0.3548387096774194,484,0.1774193548387097,0.08870967741935484,0.12715875670921212,0.06617579050046155,484,0.09307624240673064,484,0.016604707,0.07321964,1
hotel_98,2023-02-20,0.2903225806451613,485,0.1774193548387097,0.14516129032258066,0.15339205728212452,0.09869545633689333,485,0.09253072295163284,485,0.06784102,0.11317782,1
hotel_98,2023-02-21,0.4274193548387097,486,0.1774193548387097,0.1532258064516129,0.16037631750068151,0.09092193028318349,486,0.09842625421844457,486,0.12129587,0.13640672,1
hotel_98,2023-02-22,0.4596774193548387,487,0.1774193548387097,0.13709677419354838,0.1455434206006467,0.05995344447007412,487,0.12441066482867859,487,0.08792962,0.124867216,1
hotel_98,2023-02-23,0.4596774193548387,488,0.1774193548387097,0.13709677419354838,0.1708580478654973,0.08902174596308489,488,0.1484446724645572,488,0.040991515,0.13479923,1
hotel_98,2023-02-24,0.5887096774193549,489,0.1774193548387097,0.1774193548387097,0.25446105390068186,0.1736422982552714,489,0.2090449276693247,489,0.10265246,0.19191892,1
hotel_98,2023-02-25,0.5725806451612904,490,0.1774193548387097,0.21774193548387097,0.3063381992074014,0.2234848542211605,490,0.2885455286124573,490,0.14854781,0.20736988,1
hotel_98,2023-02-26,0.4435483870967742,491,0.1774193548387097,0.08870967741935484,0.13739602154151234,0.06617579050046155,491,0.12478160275124324,491,0.024357647,0.08627616,1
hotel_98,2023-02-27,0.27419354838709675,492,0.1774193548387097,0.14516129032258066,0.16149836633928324,0.09869545633689333,492,0.12046268160556185,492,0.10300738,0.13893405,1
hotel_98,2023-02-28,0.24193548387096775,493,0.1774193548387097,0.1532258064516129,0.16715396047069078,0.09092193028318349,493,0.12337529001864159,493,0.11529975,0.1640525,1
hotel_98,2023-03-01,0.29838709677419356,494,0.1774193548387097,0.13709677419354838,0.15128292269841664,0.05995344447007412,494,0.11506707347385095,494,0.067960754,0.15984282,1
hotel_98,2023-03-02,0.4112903225806452,495,0.1774193548387097,0.13709677419354838,0.17568382977051406,0.08902174596308489,495,0.12985169865264914,495,0.02228655,0.1427624,1
hotel_98,2023-03-03,0.6532258064516129,496,0.1774193548387097,0.1774193548387097,0.2586399617879281,0.1736422982552714,496,0.15818196288167924,496,0.14331506,0.2009451,1
hotel_98,2023-03-04,0.6129032258064516,497,0.1774193548387097,0.21774193548387097,0.3097785783914191,0.2234848542211605,497,0.21514868598962536,497,0.19153887,0.22810885,1
hotel_98,2023-03-05,0.1774193548387097,498,0.1774193548387097,0.08870967741935484,0.1401797969690052,0.06617579050046155,498,0.08228490874240472,498,0.079517215,0.124258876,1
hotel_98,2023-03-06,0.1693548387096774,499,0.1774193548387097,0.14516129032258066,0.1637477223568365,0.09869545633689333,499,0.08704056109932554,499,0.1325486,0.1550012,1
hotel_98,2023-03-07,0.21774193548387097,500,0.1774193548387097,0.1532258064516129,0.16902154783366957,0.09092193028318349,500,0.09586392289029169,500,0.18101683,0.19469851,1
hotel_98,2023-03-08,0.20161290322580644,501,0.1774193548387097,0.13709677419354838,0.15282336918107225,0.05995344447007412,501,0.09688471341250796,501,0.16258621,0.17894867,1
hotel_98,2023-03-09,0.23387096774193547,502,0.1774193548387097,0.13709677419354838,0.17696420220103262,0.08902174596308489,502,0.11451017225806613,502,0.1326518,0.15937315,1
hotel_98,2023-03-10,0.45161290322580644,503,0.1774193548387097,0.1774193548387097,0.25970386887000246,0.1736422982552714,503,0.15133495341763029,503,0.14768371,0.23687452,1
hotel_0,2023-03-11,0.9876543209876543,0,0.9876543209876543,0.9753086419753086,0.9846689337725177,1.0138703715359103,0,0.9746661785988816,0,1.005255,0.9981603,2
hotel_0,2023-03-12,0.8518518518518519,1,0.9876543209876543,0.8148148148148148,0.8539359046878343,0.809751055998938,1,0.8058483541533169,1,0.8076947,0.78853655,2
hotel_0,2023-03-13,0.9629629629629629,2,0.9876543209876543,0.7777777777777778,0.8491578813838145,0.8249396292655471,2,0.8268761678717562,2,0.8534211,0.8524632,2
hotel_0,2023-03-14,0.9382716049382716,3,0.9876543209876543,0.9629629629629629,0.896130337010562,0.843089232368981,3,0.8533022161000502,3,0.89954185,0.91853595,2
hotel_0,2023-03-15,0.9876543209876543,4,0.9876543209876543,0.9876543209876543,0.9348846738392549,0.8406479578597593,4,0.8952433485187594,4,0.97475684,0.9603732,2
hotel_0,2023-03-16,0.9876543209876543,5,0.9876543209876543,0.8024691358024691,0.9179935553018143,0.8763035440116149,5,0.8748826718260728,5,0.93924356,0.9254791,2
hotel_0,2023-03-17,0.9876543209876543,6,0.9876543209876543,0.9876543209876543,0.9765413602514137,0.9834560719173691,6,0.9620517773330279,6,0.9516863,0.96471196,2
hotel_0,2023-03-18,0.8765432098765432,7,0.9876543209876543,0.9753086419753086,0.9832657673645682,1.0138703715359103,7,0.9743323223876816,7,0.98088837,0.990754,2
hotel_0,2023-03-19,0.3333333333333333,8,0.9876543209876543,0.8148148148148148,0.8629061137907,0.809751055998938,8,0.8331370004880323,8,0.7617475,0.7884804,2
hotel_0,2023-03-20,0.7407407407407407,9,0.9876543209876543,0.7777777777777778,0.8648496316050196,0.8249396292655471,9,0.8594908099101638,9,0.819154,0.8294329,2
hotel_0,2023-03-21,0.8395061728395061,10,0.9876543209876543,0.9629629629629629,0.9121462390797664,0.843089232368981,10,0.9083767177155516,10,0.87226087,0.90789706,2
hotel_0,2023-03-22,0.8888888888888888,11,0.9876543209876543,0.9876543209876543,0.948471060655557,0.8406479578597593,11,0.9119847829377955,11,0.9253706,0.9418891,2
hotel_0,2023-03-23,0.8641975308641975,12,0.9876543209876543,0.8024691358024691,0.9252317847794986,0.8763035440116149,12,0.8744819527820944,12,0.8811246,0.91216487,2
hotel_0,2023-03-24,0.9629629629629629,13,0.9876543209876543,0.9876543209876543,0.983950502712506,0.9834560719173691,13,0.9395308397468536,13,0.949588,0.9599294,2
hotel_0,2023-03-25,1.0,14,0.9876543209876543,0.9753086419753086,0.9892679184621566,1.0138703715359103,14,0.9621624514649133,14,0.9689418,0.98661846,2
hotel_0,2023-03-26,0.7407407407407407,15,0.9876543209876543,0.8148148148148148,0.8817529307635845,0.809751055998938,15,0.8230621496431139,15,0.78718704,0.80003893,2
hotel_0,2023-03-27,0.6666666666666666,16,0.9876543209876543,0.7777777777777778,0.8830834874491048,0.8249396292655471,16,0.8476730338656082,16,0.8407267,0.8455193,2
hotel_0,2023-03-28,0.7777777777777778,17,0.9876543209876543,0.9629629629629629,0.925309793605058,0.843089232368981,17,0.8829701322309524,17,0.90037525,0.9153591,2
hotel_0,2023-03-29,0.7777777777777778,18,0.9876543209876543,0.9876543209876543,0.9577631961941988,0.8406479578597593,18,0.8815637324030468,18,0.9369279,0.95410734,2
hotel_0,2023-03-30,0.9135802469135802,19,0.9876543209876543,0.8024691358024691,0.9373649907533769,0.8763035440116149,19,0.8611771746729455,19,0.86685914,0.9200981,2
hotel_0,2023-03-31,0.9876543209876543,20,0.9876543209876543,0.9876543209876543,0.9896845839979609,0.9834560719173691,20,0.9285982859558246,20,0.9398644,0.9629746,2
hotel_0,2023-04-01,0.9876543209876543,21,0.9876543209876543,0.9753086419753086,0.9944981367982935,1.0138703715359103,21,0.9500859559187694,21,0.9683959,0.98242503,2
hotel_0,2023-04-02,0.9753086419753086,22,0.9876543209876543,0.8148148148148148,0.8980700517811345,0.809751055998938,22,0.8102294447695448,22,0.7889007,0.79086053,2
hotel_0,2023-04-03,0.9876543209876543,23,0.9876543209876543,0.7777777777777778,0.8992873593362106,0.8249396292655471,23,0.838564333361269,23,0.8406166,0.8366107,2
hotel_0,2023-04-04,0.9876543209876543,24,0.9876543209876543,0.9629629629629629,0.9371566449072956,0.843089232368981,24,0.8814912549697749,24,0.8983499,0.9185209,2
hotel_0,2023-04-05,0.9876543209876543,25,0.9876543209876543,0.9876543209876543,0.9662628443456507,0.8406479578597593,25,0.8857010778501507,25,0.95647764,0.9434349,2
hotel_0,2023-04-06,0.9876543209876543,26,0.9876543209876543,0.8024691358024691,0.9479499711456147,0.8763035440116149,26,0.8719773200257167,26,0.91975117,0.91720206,2
hotel_0,2023-04-07,0.9629629629629629,27,0.9876543209876543,0.9876543209876543,0.9948791098969002,0.9834560719173691,27,0.9227538943529032,27,0.9406881,0.9633844,2
hotel_105,2023-03-11,0.9245283018867925,28,0.7924528301886793,0.7924528301886793,0.7751300478391479,0.8397709552326075,28,0.8608319666841363,28,0.8970851,0.8760159,2
hotel_105,2023-03-12,0.8930817610062893,29,0.7924528301886793,0.5283018867924528,0.6079293015035341,0.518081431428418,29,0.5916736910679288,29,0.6266579,0.5704659,2
hotel_105,2023-03-13,0.9245283018867925,30,0.7924528301886793,0.6540880503144654,0.6750842356862436,0.5659025851301425,30,0.6468402797610321,30,0.69195276,0.6572905,2
hotel_105,2023-03-14,0.9559748427672956,31,0.7924528301886793,0.7295597484276729,0.7033184305873061,0.6287578292615941,31,0.7064989515671378,31,0.72340786,0.72730756,2
hotel_105,2023-03-15,0.9937106918238994,32,0.7924528301886793,0.7358490566037735,0.7337728575490395,0.6679457099322537,32,0.7122823546871302,32,0.795989,0.77516335,2
hotel_105,2023-03-16,0.9811320754716981,33,0.7924528301886793,0.6729559748427673,0.7305080994287093,0.6692336583860319,33,0.7258953197359796,33,0.7542567,0.76065195,2
hotel_105,2023-03-17,0.8301886792452831,34,0.7924528301886793,0.7924528301886793,0.7809451716196081,0.8109428356365567,34,0.8352777307668137,34,0.8377469,0.84957576,2
hotel_105,2023-03-18,0.7735849056603774,35,0.7924528301886793,0.7924528301886793,0.7559294867908848,0.8397709552326075,35,0.8842323445208929,35,0.9125512,0.89903635,2
hotel_105,2023-03-19,0.6226415094339622,36,0.7924528301886793,0.5283018867924528,0.6286575654213085,0.518081431428418,36,0.635737419336649,36,0.6295289,0.59711313,2
hotel_105,2023-03-20,0.5786163522012578,37,0.7924528301886793,0.6540880503144654,0.684873470468237,0.5659025851301425,37,0.6960053109660411,37,0.681898,0.63983154,2
hotel_105,2023-03-21,0.660377358490566,38,0.7924528301886793,0.7295597484276729,0.7141950472652221,0.6287578292615941,38,0.7589313457509574,38,0.7431203,0.7331353,2
hotel_105,2023-03-22,0.6918238993710691,39,0.7924528301886793,0.7358490566037735,0.7269349586897591,0.6679457099322537,39,0.7703371565592168,39,0.78480464,0.7759437,2
hotel_105,2023-03-23,0.7169811320754716,40,0.7924528301886793,0.6729559748427673,0.709968590224058,0.6692336583860319,40,0.7647405510273253,40,0.7283316,0.7580358,2
hotel_105,2023-03-24,0.8176100628930818,41,0.7924528301886793,0.7924528301886793,0.7584155114579815,0.8109428356365567,41,0.836936758604145,41,0.8256306,0.8552546,2
hotel_105,2023-03-25,0.8301886792452831,42,0.7924528301886793,0.7924528301886793,0.7449305445971762,0.8397709552326075,42,0.8827978344831353,42,0.8732873,0.89061636,2
hotel_105,2023-03-26,0.559748427672956,43,0.7924528301886793,0.5283018867924528,0.6564416381668029,0.518081431428418,43,0.6440855881859562,43,0.6079614,0.591125,2
hotel_105,2023-03-27,0.7735849056603774,44,0.7924528301886793,0.6540880503144654,0.6938492866824707,0.5659025851301425,44,0.724538818136869,44,0.6628392,0.6386852,2
hotel_105,2023-03-28,0.8679245283018868,45,0.7924528301886793,0.7295597484276729,0.711655174981741,0.6287578292615941,45,0.7619734576368365,45,0.7192916,0.7174871,2
hotel_105,2023-03-29,0.8176100628930818,46,0.7924528301886793,0.7358490566037735,0.7239583801252831,0.6679457099322537,46,0.7704388699890402,46,0.7657634,0.762185,2
hotel_105,2023-03-30,0.6415094339622641,47,0.7924528301886793,0.6729559748427673,0.7169388651440685,0.6692336583860319,47,0.7689431479485769,47,0.73016596,0.7518776,2
hotel_105,2023-03-31,0.7987421383647799,48,0.7924528301886793,0.7924528301886793,0.7473078113144155,0.8109428356365567,48,0.852478342549804,48,0.8264962,0.8500609,2
hotel_105,2023-04-01,0.8301886792452831,49,0.7924528301886793,0.7924528301886793,0.7360988446633331,0.8397709552326075,49,0.8851357685016441,49,0.89626724,0.884786,2
hotel_105,2023-04-02,0.5723270440251572,50,0.7924528301886793,0.5283018867924528,0.6718048919263544,0.518081431428418,50,0.623777628667441,50,0.6242108,0.59332585,2
hotel_105,2023-04-03,0.7735849056603774,51,0.7924528301886793,0.6540880503144654,0.6995904224063225,0.5659025851301425,51,0.6954359488100543,51,0.63889503,0.6387605,2
hotel_105,2023-04-04,0.7924528301886793,52,0.7924528301886793,0.7295597484276729,0.7134597764433784,0.6287578292615941,52,0.7360817866125932,52,0.69391644,0.7184525,2
hotel_105,2023-04-05,0.8805031446540881,53,0.7924528301886793,0.7358490566037735,0.7211547420444165,0.6679457099322537,53,0.7759505806037588,53,0.75597215,0.7636491,2
hotel_105,2023-04-06,0.6352201257861635,54,0.7924528301886793,0.6729559748427673,0.7143294692016532,0.6692336583860319,54,0.7638055749680625,54,0.6803329,0.75147057,2
hotel_105,2023-04-07,0.9685534591194969,55,0.7924528301886793,0.7924528301886793,0.7375920166166157,0.8109428356365567,55,0.8458443703786074,55,0.8155863,0.8401834,2
hotel_112,2023-03-11,0.95,56,0.925,0.88125,0.8908091875032964,0.8573408812573675,56,0.9171372001515621,56,0.8999035,0.900128,2
hotel_112,2023-03-12,0.9875,57,0.925,0.90625,0.8595197166439175,0.8218680002930833,57,0.872733321751074,57,0.85204935,0.8996804,2
hotel_112,2023-03-13,0.96875,58,0.925,0.8875,0.8651458785770055,0.8774251694450572,58,0.8974095555691429,58,0.879288,0.9154914,2
hotel_112,2023-03-14,1.01875,59,0.925,0.79375,0.861517136640855,0.8777594397534961,59,0.8964217354417409,59,0.8820493,0.9268958,2
hotel_112,2023-03-15,1.0,60,0.925,0.975,0.8631600486993632,0.9060411912578406,60,0.9042805472836377,60,0.8902021,0.921368,2
hotel_112,2023-03-16,0.975,61,0.925,0.7875,0.8198135361129028,0.8940039269877725,61,0.8603095668352654,61,0.8611757,0.8914052,2
hotel_112,2023-03-17,0.975,62,0.925,0.925,0.848358070912468,0.8593304642253671,62,0.9297994770321284,62,0.8913687,0.90167975,2
hotel_112,2023-03-18,0.91875,63,0.925,0.88125,0.8655402801970447,0.8573408812573675,63,0.9225189869960344,63,0.8551231,0.87961555,2
hotel_112,2023-03-19,0.99375,64,0.925,0.90625,0.8662344582329882,0.8218680002930833,64,0.8344924137962577,64,0.83592784,0.88457835,2
hotel_112,2023-03-20,0.89375,65,0.925,0.8875,0.8603766743684209,0.8774251694450572,65,0.8747423143238068,65,0.867553,0.9136024,2
hotel_112,2023-03-21,0.94375,66,0.925,0.79375,0.8459514300642219,0.8777594397534961,66,0.9056459719966587,66,0.8763694,0.9271745,2
hotel_112,2023-03-22,0.8125,67,0.925,0.975,0.8810761137057908,0.9060411912578406,67,0.8878804003593898,67,0.8849956,0.9164316,2
hotel_112,2023-03-23,0.80625,68,0.925,0.7875,0.8365339593718011,0.8940039269877725,68,0.8614139691850103,68,0.8510971,0.8874542,2
hotel_112,2023-03-24,0.99375,69,0.925,0.925,0.8617893344217906,0.8593304642253671,69,0.8964139531463424,69,0.85851556,0.89650404,2
hotel_112,2023-03-25,0.81875,70,0.925,0.88125,0.8599910699688121,0.8573408812573675,70,0.9131071289050527,70,0.81884146,0.86793464,2
hotel_112,2023-03-26,0.9875,71,0.925,0.90625,0.8589262055539202,0.8218680002930833,71,0.8002939244662233,71,0.8137923,0.86655354,2
hotel_112,2023-03-27,0.89375,72,0.925,0.8875,0.8556996868925036,0.8774251694450572,72,0.8569104864728833,72,0.86560494,0.9035194,2
hotel_112,2023-03-28,0.9,73,0.925,0.79375,0.8501292015989753,0.8777594397534961,73,0.8902162081515778,73,0.86867106,0.9144434,2
hotel_112,2023-03-29,0.99375,74,0.925,0.975,0.8620936654772963,0.9060411912578406,74,0.8859146035402271,74,0.87066406,0.90770614,2
hotel_112,2023-03-30,0.9625,75,0.925,0.7875,0.8463912136368444,0.8940039269877725,75,0.8664323391392129,75,0.8455291,0.877623,2
hotel_112,2023-03-31,0.75625,76,0.925,0.925,0.8551260880578948,0.8593304642253671,76,0.8967867570618102,76,0.86706716,0.8876464,2
hotel_112,2023-04-01,0.825,77,0.925,0.88125,0.8544556236742629,0.8573408812573675,77,0.8950983015384453,77,0.83468366,0.8651056,2
hotel_112,2023-04-02,0.74375,78,0.925,0.90625,0.8540613953869456,0.8218680002930833,78,0.8060318572566618,78,0.82537645,0.87463105,2
hotel_112,2023-04-03,0.81875,79,0.925,0.8875,0.8529232330282879,0.8774251694450572,79,0.8601847626164979,79,0.8738378,0.9000067,2
hotel_112,2023-04-04,0.75625,80,0.925,0.79375,0.850972442449252,0.8777594397534961,80,0.8948477350125037,80,0.87481797,0.9172516,2
hotel_112,2023-04-05,0.75625,81,0.925,0.975,0.8551457404529685,0.9060411912578406,81,0.8904147074650535,81,0.8636753,0.91069794,2
hotel_112,2023-04-06,0.675,82,0.925,0.7875,0.8496625691791997,0.8940039269877725,82,0.8660126337172612,82,0.83777,0.8828708,2
hotel_112,2023-04-07,0.65625,83,0.925,0.925,0.8527108477532052,0.8593304642253671,83,0.8992059147218471,83,0.84933853,0.8916318,2
hotel_126,2023-03-11,0.9960159362549801,84,0.9920318725099602,1.00398406374502,1.023063930018008,1.0124156421896686,84,0.9921401236514449,84,0.99139696,0.99679804,2
hotel_126,2023-03-12,0.9920318725099602,85,0.9920318725099602,0.9920318725099602,0.9183566495591083,0.8656168514192787,85,0.9155147858869275,85,0.9194904,0.9268702,2
hotel_126,2023-03-13,0.9800796812749004,86,0.9920318725099602,0.9721115537848606,0.9075415967205703,0.8703480561605027,86,0.8963000587202162,86,0.9434255,0.9385169,2
hotel_126,2023-03-14,1.00398406374502,87,0.9920318725099602,0.9960159362549801,0.9070573756020678,0.9216918294103369,87,0.9113230173579976,87,0.97952735,0.96236116,2
hotel_126,2023-03-15,1.00398406374502,88,0.9920318725099602,0.9760956175298805,0.905261602746409,0.9290260776770333,88,0.8942847091936105,88,0.98544145,0.98394203,2
hotel_126,2023-03-16,0.9960159362549801,89,0.9920318725099602,1.0,1.0001312604546035,1.0068331424443775,89,0.9466688294681351,89,1.024871,0.9930657,2
hotel_126,2023-03-17,1.0,90,0.9920318725099602,0.9920318725099602,1.0056504228703966,0.9918797139902282,90,0.9753847825571826,90,0.9968317,1.0025389,2
hotel_126,2023-03-18,0.9960159362549801,91,0.9920318725099602,1.00398406374502,1.025126365075756,1.0124156421896686,91,0.9893456067416795,91,0.99408966,1.0048361,2
hotel_126,2023-03-19,0.9960159362549801,92,0.9920318725099602,0.9920318725099602,0.9755103725483454,0.8656168514192787,92,0.9324667683439467,92,0.92407244,0.9289145,2
hotel_126,2023-03-20,0.9960159362549801,93,0.9920318725099602,0.9721115537848606,0.9759642437679201,0.8703480561605027,93,0.9513413210888821,93,0.92787695,0.9325276,2
hotel_126,2023-03-21,0.9601593625498008,94,0.9920318725099602,0.9960159362549801,0.9880327218204138,0.9216918294103369,94,0.9515740511586424,94,0.96439433,0.96312916,2
hotel_126,2023-03-22,0.9840637450199203,95,0.9920318725099602,0.9760956175298805,0.977585354866724,0.9290260776770333,95,0.9427933342138515,95,0.9860434,0.9742201,2
hotel_126,2023-03-23,0.9920318725099602,96,0.9920318725099602,1.0,1.0146470853211946,1.0068331424443775,96,0.9409944144106506,96,1.0041481,0.9779723,2
hotel_126,2023-03-24,0.9960159362549801,97,0.9920318725099602,0.9920318725099602,1.0146449002452347,0.9918797139902282,97,0.9683961229560605,97,1.0012436,0.9857227,2
hotel_126,2023-03-25,0.9960159362549801,98,0.9920318725099602,1.00398406374502,1.0343160334317367,1.0124156421896686,98,0.9836985382928478,98,0.9761532,0.98929536,2
hotel_126,2023-03-26,0.9960159362549801,99,0.9920318725099602,0.9920318725099602,0.95912004375472,0.8656168514192787,99,0.9094485163400181,99,0.89562297,0.9239814,2
hotel_126,2023-03-27,0.9880478087649402,100,0.9920318725099602,0.9721115537848606,0.9523111773365615,0.8703480561605027,100,0.8914330520031154,100,0.9193501,0.93493253,2
hotel_126,2023-03-28,1.0,101,0.9920318725099602,0.9960159362549801,0.9551704791744391,0.9216918294103369,101,0.8997662361885831,101,0.92218906,0.94804007,2
hotel_126,2023-03-29,1.0,102,0.9920318725099602,0.9760956175298805,0.9514666666074225,0.9290260776770333,102,0.8788262284165284,102,0.9475578,0.9792993,2
hotel_126,2023-03-30,0.9641434262948207,103,0.9920318725099602,1.0,1.0186431694533233,1.0068331424443775,103,0.8895930194812338,103,1.0116775,0.98411286,2
hotel_126,2023-03-31,1.0,104,0.9920318725099602,0.9920318725099602,1.0218540048012779,0.9918797139902282,104,0.9402192481045903,104,1.0114906,1.0014691,2
hotel_126,2023-04-01,0.9960159362549801,105,0.9920318725099602,1.00398406374502,1.0382851400202715,1.0124156421896686,105,0.963303471608892,105,0.9963179,1.0029572,2
hotel_126,2023-04-02,1.0,106,0.9920318725099602,0.9920318725099602,0.9900208595998679,0.8656168514192787,106,0.8805784382552363,106,0.9117586,0.9324357,2
hotel_126,2023-04-03,0.9920318725099602,107,0.9920318725099602,0.9721115537848606,0.9886142868555475,0.8703480561605027,107,0.903251269353272,107,0.89382654,0.93003184,2
hotel_126,2023-04-04,1.0,108,0.9920318725099602,0.9960159362549801,0.9965088328850902,0.9216918294103369,108,0.9249393911295924,108,0.9014156,0.9555457,2
hotel_126,2023-04-05,0.9840637450199203,109,0.9920318725099602,0.9760956175298805,0.9893937507217984,0.9290260776770333,109,0.9238947973889334,109,0.9159967,0.9647024,2
hotel_126,2023-04-06,1.0,110,0.9920318725099602,1.0,1.0280256901950626,1.0068331424443775,110,0.9332954220630462,110,0.9587378,0.9825308,2
hotel_126,2023-04-07,0.9920318725099602,111,0.9920318725099602,0.9920318725099602,1.0288284653642146,0.9918797139902282,111,0.9436884020361405,111,0.96478057,0.9941193,2
hotel_133,2023-03-11,1.0,112,0.8688524590163934,0.9344262295081968,0.8591890198296359,0.9167538330782539,112,0.8832329410650204,112,0.9130128,0.882345,2
hotel_133,2023-03-12,0.8360655737704918,113,0.8688524590163934,0.819672131147541,0.7311954588930077,0.7361321830784421,113,0.6201549596166924,113,0.77013797,0.7981345,2
hotel_133,2023-03-13,0.9836065573770492,114,0.8688524590163934,0.819672131147541,0.7242593241363062,0.7697694863066419,114,0.6935889922136291,114,0.7694968,0.80938303,2
hotel_133,2023-03-14,0.9672131147540983,115,0.8688524590163934,0.8032786885245902,0.6907866206288711,0.7774315886140009,115,0.7282529146741396,115,0.7591199,0.8192606,2
hotel_133,2023-03-15,0.9344262295081968,116,0.8688524590163934,0.8360655737704918,0.6934663437199943,0.7904897176780941,116,0.763848346587283,116,0.785831,0.8058616,2
hotel_133,2023-03-16,1.0,117,0.8688524590163934,0.819672131147541,0.7066649021931035,0.8021400740290894,117,0.755875837589582,117,0.7799466,0.8218107,2
hotel_133,2023-03-17,0.9672131147540983,118,0.8688524590163934,0.8688524590163934,0.7746614874147392,0.8795180853492531,118,0.8735893524184076,118,0.8506018,0.86481047,2
hotel_133,2023-03-18,0.9344262295081968,119,0.8688524590163934,0.9344262295081968,0.8137901512552035,0.9167538330782539,119,0.9124938025736679,119,0.88848436,0.88340974,2
hotel_133,2023-03-19,0.8032786885245902,120,0.8688524590163934,0.819672131147541,0.7183250424988502,0.7361321830784421,120,0.7022735454174107,120,0.72683454,0.7927712,2
hotel_133,2023-03-20,0.7704918032786885,121,0.8688524590163934,0.819672131147541,0.7240389409874626,0.7697694863066419,121,0.7024683967653377,121,0.7241621,0.79930854,2
hotel_133,2023-03-21,0.819672131147541,122,0.8688524590163934,0.8032786885245902,0.6999027724031676,0.7774315886140009,122,0.6978771042088494,122,0.7447229,0.8047483,2
hotel_133,2023-03-22,0.8852459016393442,123,0.8688524590163934,0.8360655737704918,0.7076225111540089,0.7904897176780941,123,0.7182313229564032,123,0.7539963,0.801923,2
hotel_133,2023-03-23,0.9508196721311475,124,0.8688524590163934,0.819672131147541,0.7181780376734155,0.8021400740290894,124,0.7462852318957954,124,0.7526237,0.8138454,2
hotel_133,2023-03-24,0.9672131147540983,125,0.8688524590163934,0.8688524590163934,0.7790622610176631,0.8795180853492531,125,0.8437167728618672,125,0.80362433,0.8563867,2
hotel_133,2023-03-25,0.9836065573770492,126,0.8688524590163934,0.9344262295081968,0.8105634737997421,0.9167538330782539,126,0.8851357685016441,126,0.8574771,0.8741531,2
hotel_133,2023-03-26,0.8032786885245902,127,0.8688524590163934,0.819672131147541,0.7209411473712288,0.7361321830784421,127,0.6449900383320425,127,0.7543383,0.7963991,2
hotel_133,2023-03-27,0.819672131147541,128,0.8688524590163934,0.819672131147541,0.7250930301172674,0.7697694863066419,128,0.7437168898799903,128,0.7578211,0.8015249,2
hotel_133,2023-03-28,0.9672131147540983,129,0.8688524590163934,0.8032786885245902,0.7023391165765243,0.7774315886140009,129,0.7961864376937045,129,0.77086866,0.8014101,2
hotel_133,2023-03-29,0.9508196721311475,130,0.8688524590163934,0.8360655737704918,0.7089315146925151,0.7904897176780941,130,0.8076035525693722,130,0.7590478,0.7992544,2
hotel_133,2023-03-30,0.9836065573770492,131,0.8688524590163934,0.819672131147541,0.7187989833255832,0.8021400740290894,131,0.7923588145228561,131,0.7462874,0.8123453,2
hotel_133,2023-03-31,0.9672131147540983,132,0.8688524590163934,0.8688524590163934,0.7748558984199124,0.8795180853492531,132,0.8348500520390958,132,0.8070764,0.8480892,2
hotel_133,2023-04-01,1.0,133,0.8688524590163934,0.9344262295081968,0.8042255998117317,0.9167538330782539,133,0.8820834115715344,133,0.86229646,0.8633493,2
hotel_133,2023-04-02,0.9180327868852459,134,0.8688524590163934,0.819672131147541,0.7221572562100452,0.7361321830784421,134,0.6301948377341533,134,0.7637062,0.7864394,2
hotel_133,2023-04-03,1.0,135,0.8688524590163934,0.819672131147541,0.7260807717160536,0.7697694863066419,135,0.721912950997886,135,0.78996515,0.8034798,2
hotel_133,2023-04-04,1.0,136,0.8688524590163934,0.8032786885245902,0.7052542218657781,0.7774315886140009,136,0.7922784982793426,136,0.7740499,0.80629444,2
hotel_133,2023-04-05,1.0163934426229508,137,0.8688524590163934,0.8360655737704918,0.7113563694651837,0.7904897176780941,137,0.8123511794338613,137,0.77762175,0.79697,2
hotel_133,2023-04-06,0.9836065573770492,138,0.8688524590163934,0.819672131147541,0.7203969311362971,0.8021400740290894,138,0.7969515901140447,138,0.7441738,0.80940354,2
hotel_133,2023-04-07,1.0,139,0.8688524590163934,0.8688524590163934,0.7718398504461507,0.8795180853492531,139,0.8481783527590451,139,0.8182704,0.8480426,2
hotel_14,2023-03-11,0.8584905660377359,140,0.8867924528301887,0.8584905660377359,0.856209563894388,0.8740486839770442,140,0.8948085585418156,140,0.91928494,0.9151271,2
hotel_14,2023-03-12,0.7169811320754716,141,0.8867924528301887,0.4528301886792453,0.6385674203518739,0.6555190639225442,141,0.5609142323079764,141,0.6722529,0.6617926,2
hotel_14,2023-03-13,0.7547169811320755,142,0.8867924528301887,0.6509433962264151,0.728919909805891,0.7539288416685888,142,0.697783491761464,142,0.7491317,0.73923916,2
hotel_14,2023-03-14,0.7641509433962265,143,0.8867924528301887,0.7547169811320755,0.7534123612835427,0.8354383180508076,143,0.750075408522701,143,0.8058538,0.81222945,2
hotel_14,2023-03-15,0.8018867924528302,144,0.8867924528301887,0.7830188679245284,0.7712695980294831,0.8595639240562826,144,0.7736321745847496,144,0.87359643,0.8346755,2
hotel_14,2023-03-16,0.8113207547169812,145,0.8867924528301887,0.7830188679245284,0.7379894192324491,0.8174468756784556,145,0.7822378330965811,145,0.82878935,0.81286365,2
hotel_14,2023-03-17,0.8867924528301887,146,0.8867924528301887,0.8867924528301887,0.8252872389972788,0.8410274766555175,146,0.8730151172239617,146,0.8933227,0.86665404,2
hotel_14,2023-03-18,0.8867924528301887,147,0.8867924528301887,0.8584905660377359,0.8158060344467565,0.8740486839770442,147,0.906388166550079,147,0.89572674,0.89828724,2
hotel_14,2023-03-19,0.5377358490566038,148,0.8867924528301887,0.4528301886792453,0.628279180788285,0.6555190639225442,148,0.654121537760679,148,0.63249326,0.65332675,2
hotel_14,2023-03-20,0.5,149,0.8867924528301887,0.6509433962264151,0.7136253654120285,0.7539288416685888,149,0.7574543499795278,149,0.7555356,0.71969503,2
hotel_14,2023-03-21,0.7264150943396226,150,0.8867924528301887,0.7547169811320755,0.7497341026787113,0.8354383180508076,150,0.7942896239460921,150,0.79349214,0.8000347,2
hotel_14,2023-03-22,0.6792452830188679,151,0.8867924528301887,0.7830188679245284,0.7637696103525063,0.8595639240562826,151,0.8176311728760576,151,0.80696577,0.81404614,2
hotel_14,2023-03-23,0.6981132075471698,152,0.8867924528301887,0.7830188679245284,0.7512246233168549,0.8174468756784556,152,0.8061573674465335,152,0.79610634,0.7879261,2
hotel_14,2023-03-24,0.8113207547169812,153,0.8867924528301887,0.8867924528301887,0.8110267883447633,0.8410274766555175,153,0.8816991382958709,153,0.8641631,0.86423635,2
hotel_14,2023-03-25,0.8113207547169812,154,0.8867924528301887,0.8584905660377359,0.7995071932545995,0.8740486839770442,154,0.8962279069230447,154,0.89617664,0.8805236,2
hotel_14,2023-03-26,0.49056603773584906,155,0.8867924528301887,0.4528301886792453,0.6723880138492326,0.6555190639225442,155,0.6190787917530729,155,0.6697447,0.6473091,2
hotel_14,2023-03-27,0.5283018867924528,156,0.8867924528301887,0.6509433962264151,0.7279783106514512,0.7539288416685888,156,0.6800022609781781,156,0.7288961,0.708853,2
hotel_14,2023-03-28,0.7830188679245284,157,0.8867924528301887,0.7547169811320755,0.7479293712644184,0.8354383180508076,157,0.7440563276878884,157,0.7959976,0.7770425,2
hotel_14,2023-03-29,0.7547169811320755,158,0.8867924528301887,0.7830188679245284,0.7578501501454854,0.8595639240562826,158,0.7788135452132805,158,0.8394625,0.80285954,2
hotel_14,2023-03-30,0.5566037735849056,159,0.8867924528301887,0.7830188679245284,0.7444826141111321,0.8174468756784556,159,0.7644830304510556,159,0.8083877,0.784478,2
hotel_14,2023-03-31,0.7075471698113207,160,0.8867924528301887,0.8867924528301887,0.7896678789128064,0.8410274766555175,160,0.8497819945558017,160,0.87353045,0.852509,2
hotel_14,2023-04-01,0.8867924528301887,161,0.8867924528301887,0.8584905660377359,0.7828693705675329,0.8740486839770442,161,0.8906311970110256,161,0.89749056,0.87385565,2
hotel_14,2023-04-02,0.6037735849056604,162,0.8867924528301887,0.4528301886792453,0.6863108666778214,0.6555190639225442,162,0.594807554627595,162,0.65753925,0.6453122,2
hotel_14,2023-04-03,0.6792452830188679,163,0.8867924528301887,0.6509433962264151,0.7294041647084358,0.7539288416685888,163,0.6935347069685771,163,0.69682693,0.7104187,2
hotel_14,2023-04-04,0.7830188679245284,164,0.8867924528301887,0.7547169811320755,0.7462934047194514,0.8354383180508076,164,0.7459036487678684,164,0.7821243,0.78129053,2
hotel_14,2023-04-05,0.8679245283018868,165,0.8867924528301887,0.7830188679245284,0.7536733266235232,0.8595639240562826,165,0.7820029780080223,165,0.8207744,0.80326277,2
hotel_14,2023-04-06,0.7264150943396226,166,0.8867924528301887,0.7830188679245284,0.745383493551299,0.8174468756784556,166,0.7674038154270956,166,0.80077344,0.7826801,2
hotel_14,2023-04-07,0.7169811320754716,167,0.8867924528301887,0.8867924528301887,0.7779247547351742,0.8410274766555175,167,0.846310811025518,167,0.88322294,0.85661,2
hotel_21,2023-03-11,0.9953703703703703,168,0.9907407407407407,0.9861111111111112,0.9855416230085695,0.9896123500877213,168,0.995563591879145,168,0.9886121,0.98337436,2
hotel_21,2023-03-12,1.0,169,0.9907407407407407,0.8842592592592593,0.9608069684188975,0.9368331817308666,169,0.8993840255062342,169,0.95786273,0.9713713,2
hotel_21,2023-03-13,1.0,170,0.9907407407407407,0.9907407407407407,0.9756583966401915,0.9762223107665233,170,0.9504574873645665,170,0.98242885,0.98736936,2
hotel_21,2023-03-14,1.0,171,0.9907407407407407,1.0,0.9702988828926974,0.98960607447974,171,0.9763405442678091,171,0.98799497,0.9997696,2
hotel_21,2023-03-15,0.9953703703703703,172,0.9907407407407407,0.9953703703703703,0.9691251518865222,1.0027690916072884,172,0.9844458954785736,172,0.99327743,0.9967077,2
hotel_21,2023-03-16,0.9953703703703703,173,0.9907407407407407,1.0,0.964504564337844,1.0066236213288484,173,0.9822191296575596,173,0.9897724,0.9900296,2
hotel_21,2023-03-17,0.9675925925925926,174,0.9907407407407407,0.9907407407407407,0.9649234579800402,0.9899607880008806,174,0.987062388001688,174,0.99694353,0.9909927,2
hotel_21,2023-03-18,1.0,175,0.9907407407407407,0.9861111111111112,0.9608716198814384,0.9896123500877213,175,0.9886831391002242,175,0.98395586,0.98212373,2
hotel_21,2023-03-19,0.9768518518518519,176,0.9907407407407407,0.8842592592592593,0.9450545395823697,0.9368331817308666,176,0.8938363539839931,176,0.9538806,0.96748006,2
hotel_21,2023-03-20,0.9814814814814815,177,0.9907407407407407,0.9907407407407407,0.9592182554750698,0.9762223107665233,177,0.9150688059434933,177,0.9910182,0.9848968,2
hotel_21,2023-03-21,0.9861111111111112,178,0.9907407407407407,1.0,0.9595776656258748,0.98960607447974,178,0.9519588127220805,178,0.99088156,1.0009813,2
hotel_21,2023-03-22,1.0,179,0.9907407407407407,0.9953703703703703,0.9577081187838337,1.0027690916072884,179,0.9718967267362763,179,0.99427366,0.99446917,2
hotel_21,2023-03-23,0.9953703703703703,180,0.9907407407407407,1.0,0.9588878292995364,1.0066236213288484,180,0.9684475789219125,180,0.98016256,0.98740166,2
hotel_21,2023-03-24,0.9768518518518519,181,0.9907407407407407,0.9907407407407407,0.9558175739043718,0.9899607880008806,181,0.9860827370862378,181,0.9885628,0.9873597,2
hotel_21,2023-03-25,0.9907407407407407,182,0.9907407407407407,0.9861111111111112,0.9553638403939209,0.9896123500877213,182,0.9836324175905106,182,0.9727956,0.9742368,2
hotel_21,2023-03-26,0.9814814814814815,183,0.9907407407407407,0.8842592592592593,0.9533389103297023,0.9368331817308666,183,0.8997369448512074,183,0.9494695,0.9618741,2
hotel_21,2023-03-27,0.9490740740740741,184,0.9907407407407407,0.9907407407407407,0.9531216237198622,0.9762223107665233,184,0.9228804991256387,184,0.9756923,0.98172367,2
hotel_21,2023-03-28,0.9537037037037037,185,0.9907407407407407,1.0,0.951819688331703,0.98960607447974,185,0.9423466208639596,185,0.9874984,0.99228394,2
hotel_21,2023-03-29,0.9953703703703703,186,0.9907407407407407,0.9953703703703703,0.9517281473622983,1.0027690916072884,186,0.9577724570239325,186,0.9898912,0.9944431,2
hotel_21,2023-03-30,0.9907407407407407,187,0.9907407407407407,1.0,0.9508892494683553,1.0066236213288484,187,0.9575767950047432,187,0.9747668,0.98586506,2
hotel_21,2023-03-31,0.9768518518518519,188,0.9907407407407407,0.9907407407407407,0.9508616232365664,0.9899607880008806,188,0.9803875026039004,188,0.98739433,0.98784345,2
hotel_21,2023-04-01,0.9907407407407407,189,0.9907407407407407,0.9861111111111112,0.9503199008506137,0.9896123500877213,189,0.9847559116841517,189,0.9713844,0.9721917,2
hotel_21,2023-04-02,0.9629629629629629,190,0.9907407407407407,0.8842592592592593,0.9503224328862638,0.9368331817308666,190,0.8933513801740093,190,0.94151306,0.9690834,2
hotel_21,2023-04-03,0.9907407407407407,191,0.9907407407407407,0.9907407407407407,0.9499718456433476,0.9762223107665233,191,0.9205581297082089,191,0.97113496,0.9840386,2
hotel_21,2023-04-04,0.9583333333333334,192,0.9907407407407407,1.0,0.9499866900897275,0.98960607447974,192,0.946856316570923,192,0.97639257,0.9964148,2
hotel_21,2023-04-05,0.9907407407407407,193,0.9907407407407407,0.9953703703703703,0.9497593026005096,1.0027690916072884,193,0.9608098599619285,193,0.9793386,0.98961705,2
hotel_21,2023-04-06,0.9537037037037037,194,0.9907407407407407,1.0,0.9497774723218125,1.0066236213288484,194,0.9690007630836214,194,0.9752994,0.983033,2
hotel_21,2023-04-07,0.9675925925925926,195,0.9907407407407407,0.9907407407407407,0.9496296692407841,0.9899607880008806,195,0.9752774757168429,195,0.98316216,0.98807377,2
hotel_28,2023-03-11,0.0,196,0.0,0.0,-0.00012448175822868027,0.02544401015059239,196,0.0030015660759128452,196,0.0013050102,0.0020702146,2
hotel_28,2023-03-12,0.0,197,0.0,0.0,-0.00024513152333572913,0.028692363691326578,197,-0.006196934738513867,197,-0.00123154,0.002913501,2
hotel_28,2023-03-13,0.0,198,0.0,0.0,-0.0003957386220399909,0.014475664982636492,198,-0.006828714871432405,198,-0.002739057,0.0016490892,2
hotel_28,2023-03-14,0.0,199,0.0,0.0,-0.00045959522153495806,-0.0001788262964456007,199,0.003273327920874087,199,-0.007599678,0.0013812967,2
hotel_28,2023-03-15,0.0,200,0.0,0.0,-0.00045566676862894,-0.005612731419684838,200,0.0033094670755044586,200,0.0020129606,0.0026056408,2
hotel_28,2023-03-16,0.0,201,0.0,0.0,-0.00046250701182347137,-0.005770530827853511,201,0.0031866134431316018,201,0.0018903986,0.0004186444,2
hotel_28,2023-03-17,0.0,202,0.0,0.0,-0.00046562620265142767,0.0023279028192435443,202,0.009848727528705888,202,-0.008162938,0.0013320446,2
hotel_28,2023-03-18,0.016666666666666666,203,0.0,0.0,-0.0004531131814242751,0.02544401015059239,203,0.0030015660759128452,203,-0.000985276,0.0030197315,2
hotel_28,2023-03-19,0.008333333333333333,204,0.0,0.0,-0.00048554972821354003,0.028692363691326578,204,-0.006196934738513867,204,0.0002341941,0.0023100614,2
hotel_28,2023-03-20,0.0,205,0.0,0.0,-0.00058939646031858,0.014475664982636492,205,-0.006828714871432405,205,0.0034368336,0.0030042343,2
hotel_28,2023-03-21,0.0,206,0.0,0.0,-0.0006235120826392705,-0.0001788262964456007,206,0.003273327920874087,206,-0.006030287,0.003414289,2
hotel_28,2023-03-22,0.0,207,0.0,0.0,-0.0006210888160290132,-0.005612731419684838,207,0.0033094670755044586,207,0.00089766085,0.0027749874,2
hotel_28,2023-03-23,0.0,208,0.0,0.0,-0.0006267822552367863,-0.005770530827853511,208,0.0031866134431316018,208,-0.0041853637,-0.001790015,2
hotel_28,2023-03-24,0.0,209,0.0,0.0,-0.0006293807784625268,0.0023279028192435443,209,0.01575230589273609,209,-0.0030340254,-0.00014651567,2
hotel_28,2023-03-25,0.0,210,0.0,0.0,-0.0006273038073914008,0.02544401015059239,210,0.0030015660759128452,210,0.0017088316,0.0008024466,2
hotel_28,2023-03-26,0.0,211,0.0,0.0,-0.0006629657945193166,0.028692363691326578,211,-0.006196934738513867,211,-0.0012064129,0.0013343412,2
hotel_28,2023-03-27,0.0,212,0.0,0.0,-0.000760045745222076,0.014475664982636492,212,-0.006828714871432405,212,-0.0036937818,0.0023990837,2
hotel_28,2023-03-28,0.0,213,0.0,0.0,-0.0007933709479660629,-0.0001788262964456007,213,0.003273327920874087,213,0.0011282563,0.0021445118,2
hotel_28,2023-03-29,0.0,214,0.0,0.0,-0.0007905248855209838,-0.005612731419684838,214,0.0033094670755044586,214,0.0060899183,0.0043908376,2
hotel_28,2023-03-30,0.0,215,0.0,0.0,-0.0007958571448811293,-0.005770530827853511,215,0.0031866134431316018,215,-0.0020812154,0.0014077313,2
hotel_28,2023-03-31,0.0,216,0.0,0.0,-0.0007982892693541953,0.0023279028192435443,216,0.021672621140723346,216,-0.0008305311,0.0040093823,2
hotel_28,2023-04-01,0.0,217,0.0,0.0,-0.0007906656070811497,0.02544401015059239,217,0.0030015660759128452,217,-0.0047351867,0.00016231835,2
hotel_28,2023-04-02,0.0,218,0.0,0.0,-0.0008181651989261783,0.028692363691326578,218,-0.006196934738513867,218,0.0023339689,0.0044075344,2
hotel_28,2023-04-03,0.0,219,0.0,0.0,-0.0009018380536388053,0.014475664982636492,219,-0.006828714871432405,219,0.00050759315,0.0020404747,2
hotel_28,2023-04-04,0.0,220,0.0,0.0,-0.0009296922653983916,-0.0001788262964456007,220,0.003273327920874087,220,0.0035295784,0.0006101001,2
hotel_28,2023-04-05,0.0,221,0.0,0.0,-0.0009275913628788323,-0.005612731419684838,221,0.0033094670755044586,221,0.0019335896,0.0014920868,2
hotel_28,2023-04-06,0.0,222,0.0,0.0,-0.0009321812683910018,-0.005770530827853511,222,0.0031866134431316018,222,-0.0016011894,-0.0028326437,2
hotel_28,2023-04-07,0.0,223,0.0,0.0,-0.0009342757344698077,0.0023279028192435443,223,0.021672621140723346,223,-0.008170262,0.0007706699,2
hotel_35,2023-03-11,0.55859375,224,0.595703125,0.740234375,0.5710666472533905,0.6102579936811696,224,0.722523898224077,224,0.60029256,0.6023919,2
hotel_35,2023-03-12,0.5,225,0.595703125,0.626953125,0.5244359829007273,0.5938599719481812,225,0.5614275456498016,225,0.54183316,0.61662215,2
hotel_35,2023-03-13,0.53125,226,0.595703125,0.64453125,0.5672657741487924,0.6761844202390437,226,0.6534063357951847,226,0.617052,0.6731861,2
hotel_35,2023-03-14,0.71484375,227,0.595703125,0.677734375,0.6027998483639537,0.7030639308890164,227,0.7238981838080724,227,0.6772478,0.7154986,2
hotel_35,2023-03-15,0.76171875,228,0.595703125,0.720703125,0.6164349213982361,0.6798790409107811,228,0.7598051995964931,228,0.69876504,0.7491806,2
hotel_35,2023-03-16,0.74609375,229,0.595703125,0.671875,0.6132519948536946,0.642651586078425,229,0.7543899761019948,229,0.7106732,0.7208925,2
hotel_35,2023-03-17,0.662109375,230,0.595703125,0.595703125,0.5752029497619665,0.5953366827282719,230,0.7952121412000697,230,0.6686555,0.67366165,2
hotel_35,2023-03-18,0.716796875,231,0.595703125,0.740234375,0.5532123237291406,0.6102579936811696,231,0.8313896348094402,231,0.6613069,0.65574145,2
hotel_35,2023-03-19,0.708984375,232,0.595703125,0.626953125,0.5115895921037661,0.5938599719481812,232,0.6197293803222956,232,0.57324606,0.6447327,2
hotel_35,2023-03-20,0.87890625,233,0.595703125,0.64453125,0.5498196480430659,0.6761844202390437,233,0.7441951157993606,233,0.6422301,0.6750877,2
hotel_35,2023-03-21,0.9375,234,0.595703125,0.677734375,0.5815375155696376,0.7030639308890164,234,0.805751286149622,234,0.6987563,0.7143534,2
hotel_35,2023-03-22,0.88671875,235,0.595703125,0.720703125,0.5937082404236983,0.6798790409107811,235,0.8327686465120587,235,0.6844411,0.7437202,2
hotel_35,2023-03-23,0.767578125,236,0.595703125,0.671875,0.590867146495789,0.642651586078425,236,0.8324228707606581,236,0.70023584,0.7226208,2
hotel_35,2023-03-24,0.828125,237,0.595703125,0.595703125,0.5569044051443606,0.5953366827282719,237,0.843866293585772,237,0.62497807,0.6765744,2
hotel_35,2023-03-25,0.84375,238,0.595703125,0.740234375,0.5372754777347941,0.6102579936811696,238,0.855961189069389,238,0.6137273,0.64979917,2
hotel_35,2023-03-26,0.74609375,239,0.595703125,0.626953125,0.500122848407972,0.5938599719481812,239,0.611282154127222,239,0.55153793,0.632392,2
hotel_35,2023-03-27,0.779296875,240,0.595703125,0.64453125,0.5342471608207257,0.6761844202390437,240,0.6998897568131708,240,0.590003,0.66274244,2
hotel_35,2023-03-28,0.83203125,241,0.595703125,0.677734375,0.5625586658381805,0.7030639308890164,241,0.7479510937909968,241,0.6536486,0.6926709,2
hotel_35,2023-03-29,0.822265625,242,0.595703125,0.720703125,0.5734223072063505,0.6798790409107811,242,0.7795551180961656,242,0.6705563,0.7167892,2
hotel_35,2023-03-30,0.79296875,243,0.595703125,0.671875,0.5708863345427506,0.642651586078425,243,0.7827529006218402,243,0.64325786,0.69788307,2
hotel_35,2023-03-31,0.837890625,244,0.595703125,0.595703125,0.5405710454908634,0.5953366827282719,244,0.8384269529307935,244,0.5975604,0.6579004,2
hotel_35,2023-04-01,0.82421875,245,0.595703125,0.740234375,0.5230501804334116,0.6102579936811696,245,0.8743976851481847,245,0.56330264,0.6367751,2
hotel_35,2023-04-02,0.74609375,246,0.595703125,0.626953125,0.4898875836504854,0.5938599719481812,246,0.6405494081541606,246,0.51362896,0.6202622,2
hotel_35,2023-04-03,0.634765625,247,0.595703125,0.64453125,0.5203470917268562,0.6761844202390437,247,0.7069176549023575,247,0.58862334,0.6547482,2
hotel_35,2023-04-04,0.5078125,248,0.595703125,0.677734375,0.5456180629131088,0.7030639308890164,248,0.7442403547630133,248,0.6175696,0.6950496,2
hotel_35,2023-04-05,0.474609375,249,0.595703125,0.720703125,0.5553149959381651,0.6798790409107811,249,0.7881407793624559,249,0.6431025,0.7217533,2
hotel_35,2023-04-06,0.5078125,250,0.595703125,0.671875,0.5530513758278445,0.642651586078425,250,0.7724402754750559,250,0.6117948,0.6954775,2
hotel_35,2023-04-07,0.48828125,251,0.595703125,0.595703125,0.5259918183913592,0.5953366827282719,251,0.8233444828163661,251,0.5789628,0.64626116,2
hotel_42,2023-03-11,0.8421052631578947,252,0.3360323886639676,0.9311740890688259,0.5062549241090003,0.6176831564546014,252,0.4942124881003496,252,0.51475155,0.5510978,2
hotel_42,2023-03-12,0.20647773279352227,253,0.3360323886639676,0.631578947368421,0.538003269604991,0.27022447626510415,253,0.5135259563880913,253,0.29790735,0.35734314,2
hotel_42,2023-03-13,0.24696356275303644,254,0.3360323886639676,0.41700404858299595,0.6111133379855119,0.34421701077815314,254,0.586847872343801,254,0.41783565,0.5033605,2
hotel_42,2023-03-14,0.4534412955465587,255,0.3360323886639676,1.0040485829959513,0.7846746041591057,0.44820732371729166,255,0.6719388934060556,255,0.58621067,0.6823289,2
hotel_42,2023-03-15,0.3805668016194332,256,0.3360323886639676,1.008097165991903,0.8010090597696218,0.43615781696126077,256,0.8245271216392358,256,0.7010858,0.81206644,2
hotel_42,2023-03-16,0.8421052631578947,257,0.3360323886639676,0.6437246963562753,0.7231524425836118,0.43628451841275817,257,0.8198643913059417,257,0.588337,0.7336657,2
hotel_42,2023-03-17,0.9959514170040485,258,0.3360323886639676,0.3360323886639676,0.6432751127591044,0.5042436180430786,258,0.7460803526743097,258,0.6512438,0.67348367,2
hotel_42,2023-03-18,0.9352226720647774,259,0.3360323886639676,0.9311740890688259,0.6992292591744144,0.6176831564546014,259,0.8311340039221206,259,0.699026,0.79976404,2
hotel_42,2023-03-19,0.47368421052631576,260,0.3360323886639676,0.631578947368421,0.6195782602343878,0.27022447626510415,260,0.5573855137517044,260,0.43955922,0.501876,2
hotel_42,2023-03-20,0.5344129554655871,261,0.3360323886639676,0.41700404858299595,0.5720907426948327,0.34421701077815314,261,0.6751566273802705,261,0.45289046,0.58883494,2
hotel_42,2023-03-21,0.5587044534412956,262,0.3360323886639676,1.0040485829959513,0.7733619495672515,0.44820732371729166,262,0.682916133683502,262,0.69038653,0.74998087,2
hotel_42,2023-03-22,0.5141700404858299,263,0.3360323886639676,1.008097165991903,0.7776425512443852,0.43615781696126077,263,0.8326951099087532,263,0.73964256,0.8226824,2
hotel_42,2023-03-23,0.43724696356275305,264,0.3360323886639676,0.6437246963562753,0.6584236740688008,0.43628451841275817,264,0.8265253621308488,264,0.57576454,0.75189066,2
hotel_42,2023-03-24,0.6963562753036437,265,0.3360323886639676,0.3360323886639676,0.5550553150911542,0.5042436180430786,265,0.7594449443271503,265,0.6033875,0.68610597,2
hotel_42,2023-03-25,0.9919028340080972,266,0.3360323886639676,0.9311740890688259,0.6144842841571413,0.6176831564546014,266,0.7717451841292715,266,0.7450381,0.79177964,2
hotel_42,2023-03-26,0.9676113360323887,267,0.3360323886639676,0.631578947368421,0.6083994572634662,0.27022447626510415,267,0.5415417532780056,267,0.5426773,0.48905885,2
hotel_42,2023-03-27,1.0040485829959513,268,0.3360323886639676,0.41700404858299595,0.6202934515974464,0.34421701077815314,268,0.664750257376703,268,0.5196848,0.55410975,2
hotel_42,2023-03-28,0.8987854251012146,269,0.3360323886639676,1.0040485829959513,0.7083734183402366,0.44820732371729166,269,0.7426089027754817,269,0.7128066,0.7201988,2
hotel_42,2023-03-29,0.562753036437247,270,0.3360323886639676,1.008097165991903,0.7138686608834018,0.43615781696126077,270,0.7957959039726897,270,0.7904018,0.7730485,2
hotel_42,2023-03-30,0.4939271255060729,271,0.3360323886639676,0.6437246963562753,0.66884354982002,0.43628451841275817,271,0.8029216895370097,271,0.5972883,0.72920954,2
hotel_42,2023-03-31,0.3643724696356275,272,0.3360323886639676,0.3360323886639676,0.6262603927399495,0.5042436180430786,272,0.8640961841060995,272,0.6489825,0.6919632,2
hotel_42,2023-04-01,1.008097165991903,273,0.3360323886639676,0.9311740890688259,0.6536160413538965,0.6176831564546014,273,0.887220135724769,273,0.7070477,0.81318176,2
hotel_42,2023-04-02,0.31983805668016196,274,0.3360323886639676,0.631578947368421,0.6296383206880268,0.27022447626510415,274,0.5898082808122636,274,0.40628606,0.46567503,2
hotel_42,2023-04-03,0.5020242914979757,275,0.3360323886639676,0.41700404858299595,0.6183011075589196,0.34421701077815314,275,0.6361501771277271,275,0.45040306,0.52560693,2
hotel_42,2023-04-04,0.9595141700404858,276,0.3360323886639676,1.0040485829959513,0.6927469222307464,0.44820732371729166,276,0.6239903416679374,276,0.6468575,0.7252087,2
hotel_42,2023-04-05,0.728744939271255,277,0.3360323886639676,1.008097165991903,0.6950205100366565,0.43615781696126077,277,0.6013440163149232,277,0.76119685,0.7911435,2
hotel_42,2023-04-06,0.6882591093117408,278,0.3360323886639676,0.6437246963562753,0.6522862023420231,0.43628451841275817,278,0.6608946577559459,278,0.5976733,0.7303257,2
hotel_42,2023-04-07,0.5060728744939271,279,0.3360323886639676,0.3360323886639676,0.6145580741719308,0.5042436180430786,279,0.727517476868611,279,0.6063876,0.6570048,2
hotel_49,2023-03-11,0.8253275109170306,280,0.7816593886462883,0.8384279475982532,0.8038255728585961,0.8037301992173328,280,0.8136770326557488,280,0.8329439,0.8486514,2
hotel_49,2023-03-12,0.8165938864628821,281,0.7816593886462883,0.7816593886462883,0.8141396714783079,0.7069108097393239,281,0.7375750095571791,281,0.79001343,0.79087853,2
hotel_49,2023-03-13,0.8253275109170306,282,0.7816593886462883,0.8165938864628821,0.8353913906893278,0.6948023244802142,282,0.8170627558572713,282,0.8192672,0.8000711,2
hotel_49,2023-03-14,0.8296943231441049,283,0.7816593886462883,0.8253275109170306,0.8437456447030072,0.7194638042881918,283,0.8621015073180787,283,0.84545916,0.8140658,2
hotel_49,2023-03-15,0.8296943231441049,284,0.7816593886462883,0.8165938864628821,0.8426389693247306,0.7213630804943717,284,0.8617628590205224,284,0.84149384,0.8199842,2
hotel_49,2023-03-16,0.8209606986899564,285,0.7816593886462883,0.8034934497816594,0.8391108248838748,0.7352282902417914,285,0.841200494992216,285,0.8510908,0.82968485,2
hotel_49,2023-03-17,0.8296943231441049,286,0.7816593886462883,0.7816593886462883,0.836190613220009,0.791581244948214,286,0.8679622806185753,286,0.85920906,0.8751124,2
hotel_49,2023-03-18,0.8034934497816594,287,0.7816593886462883,0.8384279475982532,0.8406769816207197,0.8037301992173328,287,0.8840259814767641,287,0.8768056,0.89774144,2
hotel_49,2023-03-19,0.8384279475982532,288,0.7816593886462883,0.7816593886462883,0.8303885364220738,0.7069108097393239,288,0.6811193214688217,288,0.80494237,0.8028543,2
hotel_49,2023-03-20,0.8296943231441049,289,0.7816593886462883,0.8165938864628821,0.842431234121266,0.6948023244802142,289,0.7742790552196359,289,0.8218681,0.7994259,2
hotel_49,2023-03-21,0.834061135371179,290,0.7816593886462883,0.8253275109170306,0.8460788332562621,0.7194638042881918,290,0.834752862564755,290,0.82570034,0.82140326,2
hotel_49,2023-03-22,0.8296943231441049,291,0.7816593886462883,0.8165938864628821,0.8439457364990515,0.7213630804943717,291,0.8703412235320177,291,0.83197314,0.83429646,2
hotel_49,2023-03-23,0.8296943231441049,292,0.7816593886462883,0.8034934497816594,0.8403507186242447,0.7352282902417914,292,0.8533483018629711,292,0.8346698,0.8351212,2
hotel_49,2023-03-24,0.8209606986899564,293,0.7816593886462883,0.7816593886462883,0.834987294837849,0.791581244948214,293,0.8777914682966276,293,0.85611147,0.8768097,2
hotel_49,2023-03-25,0.8122270742358079,294,0.7816593886462883,0.8384279475982532,0.8407567158224613,0.8037301992173328,294,0.889457648452762,294,0.86969465,0.9051939,2
hotel_49,2023-03-26,0.8122270742358079,295,0.7816593886462883,0.7816593886462883,0.8408291906122121,0.7069108097393239,295,0.6642101463339464,295,0.8051485,0.80790085,2
hotel_49,2023-03-27,0.7947598253275109,296,0.7816593886462883,0.8165938864628821,0.8479950248798559,0.6948023244802142,296,0.7470258428659884,296,0.817719,0.79873586,2
hotel_49,2023-03-28,0.7903930131004366,297,0.7816593886462883,0.8253275109170306,0.8505837545891144,0.7194638042881918,297,0.8179712468513994,297,0.84527445,0.8073564,2
hotel_49,2023-03-29,0.8209606986899564,298,0.7816593886462883,0.8165938864628821,0.8498917010318647,0.7213630804943717,298,0.8523856959441093,298,0.84355307,0.8196104,2
hotel_49,2023-03-30,0.8253275109170306,299,0.7816593886462883,0.8034934497816594,0.8483655363793386,0.7352282902417914,299,0.8498241847803502,299,0.82445043,0.8404248,2
hotel_49,2023-03-31,0.8253275109170306,300,0.7816593886462883,0.7816593886462883,0.8465968954335888,0.791581244948214,300,0.8883668273863834,300,0.8844602,0.8843258,2
hotel_49,2023-04-01,0.8209606986899564,301,0.7816593886462883,0.8384279475982532,0.8487919115034545,0.8037301992173328,301,0.9023224613050698,301,0.8728077,0.89356583,2
hotel_49,2023-04-02,0.8253275109170306,302,0.7816593886462883,0.7816593886462883,0.846568535839576,0.7069108097393239,302,0.638600406239591,302,0.8135965,0.81267583,2
hotel_49,2023-04-03,0.8209606986899564,303,0.7816593886462883,0.8165938864628821,0.850702229114768,0.6948023244802142,303,0.7273810505604081,303,0.82611364,0.8093411,2
hotel_49,2023-04-04,0.8165938864628821,304,0.7816593886462883,0.8253275109170306,0.852042170655044,0.7194638042881918,304,0.8053483491456027,304,0.84273905,0.81966424,2
hotel_49,2023-04-05,0.8209606986899564,305,0.7816593886462883,0.8165938864628821,0.851432245066383,0.7213630804943717,305,0.8518841732605399,305,0.8468353,0.8313634,2
hotel_49,2023-04-06,0.8253275109170306,306,0.7816593886462883,0.8034934497816594,0.8503275722447345,0.7352282902417914,306,0.8403483241102455,306,0.8660986,0.8462475,2
hotel_49,2023-04-07,0.8253275109170306,307,0.7816593886462883,0.7816593886462883,0.8487874450295124,0.791581244948214,307,0.8784949978910168,307,0.8960645,0.88829935,2
hotel_56,2023-03-11,1.0,308,1.0,0.9916666666666667,0.9803893169526553,1.0374675322560463,308,0.9921401236514449,308,1.0051396,0.99724495,2
hotel_56,2023-03-12,0.8916666666666667,309,1.0,0.9166666666666666,0.9236678197563745,0.9060416801042387,309,0.912370599702273,309,0.95054936,0.9567339,2
hotel_56,2023-03-13,1.0,310,1.0,1.0,0.9689713325187767,0.9210694578400873,310,0.9305844618484543,310,0.97969157,0.9830054,2
hotel_56,2023-03-14,1.0,311,1.0,1.0,0.9664427373118293,0.9601530936278738,311,0.9732787569988719,311,0.99754226,1.0023408,2
hotel_56,2023-03-15,1.0,312,1.0,1.0,0.965107484432262,0.9844670410006876,312,0.9825632257390047,312,1.003613,1.005591,2
hotel_56,2023-03-16,1.0,313,1.0,1.0,0.964402389268159,0.996423012964206,313,0.9890886158024441,313,1.0098871,1.0000495,2
hotel_56,2023-03-17,1.0,314,1.0,1.0,0.9640300559086515,1.0156472812428676,314,0.9948733544691323,314,1.003577,1.0042813,2
hotel_56,2023-03-18,1.0,315,1.0,0.9916666666666667,0.956666881014385,1.0374675322560463,315,0.9962550383558489,315,0.9990382,0.9973711,2
hotel_56,2023-03-19,1.0,316,1.0,0.9166666666666666,0.9271118127729616,0.9060416801042387,316,0.9164974309087358,316,0.93259555,0.9520991,2
hotel_56,2023-03-20,1.0,317,1.0,1.0,0.9545953532435661,0.9210694578400873,317,0.9199029276293956,317,0.98438823,0.9801093,2
hotel_56,2023-03-21,1.0,318,1.0,1.0,0.9538264983144157,0.9601530936278738,318,0.9662332029413421,318,0.9928776,1.0046928,2
hotel_56,2023-03-22,1.0,319,1.0,1.0,0.9534204959003888,0.9844670410006876,319,0.9757772277099513,319,0.9929978,1.003929,2
hotel_56,2023-03-23,1.0,320,1.0,1.0,0.9532061018008702,0.996423012964206,320,0.9855820050704345,320,0.99633956,0.9943687,2
hotel_56,2023-03-24,1.0,321,1.0,1.0,0.9530928886072526,1.0156472812428676,321,0.993581363835944,321,0.99946755,1.0017616,2
hotel_56,2023-03-25,1.0,322,1.0,0.9916666666666667,0.947575131536097,1.0374675322560463,322,0.9962550383558489,322,0.9978183,0.98970044,2
hotel_56,2023-03-26,0.8833333333333333,323,1.0,0.9166666666666666,0.9292046112295843,0.9060416801042387,323,0.9102508104198486,323,0.9353374,0.9516908,2
hotel_56,2023-03-27,1.0,324,1.0,1.0,0.9450103095787633,0.9210694578400873,324,0.9414585610108124,324,0.9716873,0.97726864,2
hotel_56,2023-03-28,0.9916666666666667,325,1.0,1.0,0.944351642215636,0.9601530936278738,325,0.9575407273955509,325,1.0016819,0.99415904,2
hotel_56,2023-03-29,1.0,326,1.0,1.0,0.9440038255738594,0.9844670410006876,326,0.9690202661910167,326,1.0020939,1.0059075,2
hotel_56,2023-03-30,1.0,327,1.0,1.0,0.943820157119843,0.996423012964206,327,0.979908968755452,327,0.99749064,0.99822265,2
hotel_56,2023-03-31,1.0,328,1.0,1.0,0.9437231689457622,1.0156472812428676,328,0.9929859514518254,328,1.0068371,1.0050979,2
hotel_56,2023-04-01,1.0,329,1.0,0.9916666666666667,0.9408466458078987,1.0374675322560463,329,0.9921401236514449,329,0.9990762,0.9902595,2
hotel_56,2023-04-02,1.0,330,1.0,0.9166666666666666,0.9304059207445371,0.9060416801042387,330,0.9013374133454854,330,0.9369131,0.95819896,2
hotel_56,2023-04-03,1.0,331,1.0,1.0,0.9397410966725015,0.9210694578400873,331,0.934467035655398,331,0.9694134,0.9792352,2
hotel_56,2023-04-04,1.0,332,1.0,1.0,0.9394165887357692,0.9601530936278738,332,0.968494070462864,332,0.98692966,1.0020689,2
hotel_56,2023-04-05,1.0,333,1.0,1.0,0.9392452287032208,0.9844670410006876,333,0.9730342582669628,333,0.9925335,1.0006237,2
hotel_56,2023-04-06,0.9666666666666667,334,1.0,1.0,0.9391547401282704,0.996423012964206,334,0.9731520072365173,334,0.99611825,0.9953156,2
hotel_56,2023-04-07,0.9833333333333333,335,1.0,1.0,0.9391069566277962,1.0156472812428676,335,0.9869187466391224,335,1.0061885,1.0042108,2
hotel_63,2023-03-11,0.9955555555555555,336,1.0,0.7066666666666667,0.9047724997145633,1.0456929596617055,336,0.93172772114774,336,0.97080624,0.9729872,2
hotel_63,2023-03-12,0.88,337,1.0,0.29333333333333333,0.7118321387713972,0.7674238255592443,337,0.527640284504742,337,0.8276148,0.7881736,2
hotel_63,2023-03-13,0.9866666666666667,338,1.0,0.3022222222222222,0.6621160544485636,0.7631735182808732,338,0.643342139963175,338,0.8131125,0.78917783,2
hotel_63,2023-03-14,0.9733333333333334,339,1.0,0.92,0.8061326502285584,0.8275473739131025,339,0.7628403166878874,339,0.89534295,0.88319707,2
hotel_63,2023-03-15,0.9377777777777778,340,1.0,0.8888888888888888,0.7035503009999429,0.8452480304311073,340,0.7978215742174972,340,0.94110966,0.9153859,2
hotel_63,2023-03-16,0.8311111111111111,341,1.0,0.8488888888888889,0.6524962744394582,0.8490478139715076,341,0.779689343221345,341,0.9581764,0.92299056,2
hotel_63,2023-03-17,0.8844444444444445,342,1.0,1.0,0.7401980043450016,0.9909943205726846,342,0.8556977755497431,342,0.9525531,0.9618201,2
hotel_63,2023-03-18,0.8755555555555555,343,1.0,0.7066666666666667,0.7537413131560372,1.0456929596617055,343,0.8838597036502449,343,0.9497165,0.99543417,2
hotel_63,2023-03-19,0.4088888888888889,344,1.0,0.29333333333333333,0.6066276569035534,0.7674238255592443,344,0.39050507850506894,344,0.7905487,0.8166272,2
hotel_63,2023-03-20,0.4888888888888889,345,1.0,0.3022222222222222,0.6026456082223978,0.7631735182808732,345,0.47839483133750893,345,0.7924098,0.79431826,2
hotel_63,2023-03-21,0.6266666666666667,346,1.0,0.92,0.8014156115085032,0.8275473739131025,346,0.629099012900191,346,0.86676776,0.8861778,2
hotel_63,2023-03-22,0.5333333333333333,347,1.0,0.8888888888888888,0.7623459859882131,0.8452480304311073,347,0.6795831894855383,347,0.87875944,0.93014544,2
hotel_63,2023-03-23,0.8666666666666667,348,1.0,0.8488888888888889,0.7347541832955229,0.8490478139715076,348,0.7079984796699003,348,0.9375814,0.92906475,2
hotel_63,2023-03-24,0.9377777777777778,349,1.0,1.0,0.7956580509074581,0.9909943205726846,349,0.8285315763024901,349,0.9880602,0.9821944,2
hotel_63,2023-03-25,0.9555555555555556,350,1.0,0.7066666666666667,0.7740730905324099,1.0456929596617055,350,0.8613504936407289,350,0.9967316,1.0183936,2
hotel_63,2023-03-26,0.5333333333333333,351,1.0,0.29333333333333333,0.6805265250800929,0.7674238255592443,351,0.5531220806390024,351,0.85367846,0.85544276,2
hotel_63,2023-03-27,0.9422222222222222,352,1.0,0.3022222222222222,0.6664642283755243,0.7631735182808732,352,0.7015649250626733,352,0.8166848,0.83236533,2
hotel_63,2023-03-28,1.0044444444444445,353,1.0,0.92,0.762157691413303,0.8275473739131025,353,0.7443978894213329,353,0.8955979,0.9134797,2
hotel_63,2023-03-29,0.8,354,1.0,0.8888888888888888,0.725536902596175,0.8452480304311073,354,0.7708045642747087,354,0.92800045,0.9473014,2
hotel_63,2023-03-30,0.7466666666666667,355,1.0,0.8488888888888889,0.7051346466374675,0.8490478139715076,355,0.7866816208839873,355,0.9168981,0.9272298,2
hotel_63,2023-03-31,1.0044444444444445,356,1.0,1.0,0.7455446376646782,0.9909943205726846,356,0.8188370181372209,356,0.9223586,0.960173,2
hotel_63,2023-04-01,0.9777777777777777,357,1.0,0.7066666666666667,0.7425734651106214,1.0456929596617055,357,0.870432001316641,357,0.9530811,0.98786217,2
hotel_63,2023-04-02,0.6222222222222222,358,1.0,0.29333333333333333,0.6782563538627207,0.7674238255592443,358,0.5303204511342053,358,0.85562027,0.8137965,2
hotel_63,2023-04-03,0.8444444444444444,359,1.0,0.3022222222222222,0.673014992932859,0.7631735182808732,359,0.6088028909316178,359,0.8145564,0.80739796,2
hotel_63,2023-04-04,0.8133333333333334,360,1.0,0.92,0.7506923499476419,0.8275473739131025,360,0.6967219537526028,360,0.88688797,0.8961276,2
hotel_63,2023-04-05,0.7244444444444444,361,1.0,0.8888888888888888,0.729910399096822,0.8452480304311073,361,0.7057378845510103,361,0.92266136,0.9259229,2
hotel_63,2023-04-06,0.7911111111111111,362,1.0,0.8488888888888889,0.7168786721649909,0.8490478139715076,362,0.6800784132299047,362,0.94600093,0.9289146,2
hotel_63,2023-04-07,0.8666666666666667,363,1.0,1.0,0.7440203072103404,0.9909943205726846,363,0.8425431450667565,363,0.9688365,0.97056574,2
hotel_7,2023-03-11,0.6237785016286646,364,0.6726384364820847,0.5765472312703583,0.5968348396955994,0.5882674923419289,364,0.6485144006026277,364,0.6072372,0.6160202,2
hotel_7,2023-03-12,0.6661237785016286,365,0.6726384364820847,0.5781758957654723,0.5746082538765964,0.5561861218097256,365,0.4858830117892758,365,0.58419734,0.56615496,2
hotel_7,2023-03-13,0.5130293159609121,366,0.6726384364820847,0.41368078175895767,0.44508548430120126,0.4393822311715559,366,0.44994512413141036,366,0.4231118,0.4432415,2
hotel_7,2023-03-14,0.5342019543973942,367,0.6726384364820847,0.496742671009772,0.4940397740440813,0.5093524697084555,367,0.482506213859968,367,0.4819035,0.48700097,2
hotel_7,2023-03-15,0.6547231270358306,368,0.6726384364820847,0.6237785016286646,0.5935067084499953,0.6176476686927251,368,0.552478450211749,368,0.60435694,0.5732471,2
hotel_7,2023-03-16,0.6482084690553745,369,0.6726384364820847,0.6058631921824105,0.577638227321434,0.6047731921190347,369,0.6045926038366177,369,0.5963986,0.6005991,2
hotel_7,2023-03-17,0.6644951140065146,370,0.6726384364820847,0.6726384364820847,0.6455930713394242,0.6725960635762329,370,0.686847731878722,370,0.6327755,0.6185248,2
hotel_7,2023-03-18,0.5977198697068404,371,0.6726384364820847,0.5765472312703583,0.5670606326070347,0.5882674923419289,371,0.6694693179650747,371,0.5630412,0.5821475,2
hotel_7,2023-03-19,0.6465798045602605,372,0.6726384364820847,0.5781758957654723,0.5465580984839005,0.5561861218097256,372,0.49988217272839414,372,0.5551118,0.54156077,2
hotel_7,2023-03-20,0.5244299674267101,373,0.6726384364820847,0.41368078175895767,0.4255782291275329,0.4393822311715559,373,0.5547537065686748,373,0.4004121,0.4172488,2
hotel_7,2023-03-21,0.2736156351791531,374,0.6726384364820847,0.496742671009772,0.4719343344017898,0.5093524697084555,374,0.6260189455806361,374,0.47081566,0.4810971,2
hotel_7,2023-03-22,0.3289902280130293,375,0.6726384364820847,0.6237785016286646,0.5703252227364151,0.6176476686927251,375,0.6668909882656482,375,0.5577476,0.5504196,2
hotel_7,2023-03-23,0.34201954397394135,376,0.6726384364820847,0.6058631921824105,0.5569170150912355,0.6047731921190347,376,0.6835043109069772,376,0.56211495,0.5831404,2
hotel_7,2023-03-24,0.43973941368078173,377,0.6726384364820847,0.6726384364820847,0.626604358253591,0.6725960635762329,377,0.7237556738359932,377,0.6076433,0.60667163,2
hotel_7,2023-03-25,0.3762214983713355,378,0.6726384364820847,0.5765472312703583,0.5506193769304107,0.5882674923419289,378,0.7491921738501546,378,0.5668877,0.5667411,2
hotel_7,2023-03-26,0.36644951140065146,379,0.6726384364820847,0.5781758957654723,0.5324186997737989,0.5561861218097256,379,0.5497875960136221,379,0.5583931,0.52431196,2
hotel_7,2023-03-27,0.14169381107491857,380,0.6726384364820847,0.41368078175895767,0.4134286117868144,0.4393822311715559,380,0.6180704920491401,380,0.40983823,0.4041417,2
hotel_7,2023-03-28,0.14006514657980457,381,0.6726384364820847,0.496742671009772,0.46149557283511555,0.5093524697084555,381,0.6597977092231794,381,0.42426175,0.44453636,2
hotel_7,2023-03-29,0.30293159609120524,382,0.6726384364820847,0.6237785016286646,0.5613565180350949,0.6176476686927251,382,0.693862026284358,382,0.5527461,0.5429856,2
hotel_7,2023-03-30,0.3306188925081433,383,0.6726384364820847,0.6058631921824105,0.5492113563506789,0.6047731921190347,383,0.6855573549886603,383,0.54528236,0.5542288,2
hotel_7,2023-03-31,0.44462540716612375,384,0.6726384364820847,0.6726384364820847,0.6199838743939053,0.6725960635762329,384,0.754604439255748,384,0.61363447,0.58352405,2
hotel_7,2023-04-01,0.3534201954397394,385,0.6726384364820847,0.5765472312703583,0.5449312447513438,0.5882674923419289,385,0.7803732981934522,385,0.57228917,0.56341755,2
hotel_7,2023-04-02,0.3697068403908795,386,0.6726384364820847,0.5781758957654723,0.5275316177610798,0.5561861218097256,386,0.5485053624006707,386,0.528313,0.51065373,2
hotel_7,2023-04-03,0.20358306188925082,387,0.6726384364820847,0.41368078175895767,0.40922976938337635,0.4393822311715559,387,0.63809253109624,387,0.3862428,0.39336568,2
hotel_7,2023-04-04,0.24267100977198697,388,0.6726384364820847,0.496742671009772,0.4578880464047878,0.5093524697084555,388,0.679523351707046,388,0.41540927,0.4497531,2
hotel_7,2023-04-05,0.48534201954397393,389,0.6726384364820847,0.6237785016286646,0.5582570335355624,0.6176476686927251,389,0.7112893937191912,389,0.52339095,0.5226655,2
hotel_7,2023-04-06,0.4771986970684039,390,0.6726384364820847,0.6058631921824105,0.5465483670841077,0.6047731921190347,390,0.7057145973424731,390,0.518121,0.549381,2
hotel_7,2023-04-07,0.5781758957654723,391,0.6726384364820847,0.6726384364820847,0.6176959094645945,0.6725960635762329,391,0.7698445458256649,391,0.58660245,0.58156896,2
hotel_70,2023-03-11,0.40789473684210525,392,0.3684210526315789,0.43859649122807015,0.36972936265393375,0.3986128818684279,392,0.38454682275269236,392,0.39480573,0.40623075,2
hotel_70,2023-03-12,0.31140350877192985,393,0.3684210526315789,0.29385964912280704,0.29978527504442065,0.2112556382361824,393,0.2799691512151752,393,0.26144361,0.26410902,2
hotel_70,2023-03-13,0.34649122807017546,394,0.3684210526315789,0.43859649122807015,0.3527213323633211,0.20188409995226936,394,0.31937810720363713,394,0.32047382,0.33285674,2
hotel_70,2023-03-14,0.33771929824561403,395,0.3684210526315789,0.42543859649122806,0.3642033701582038,0.2218933871965272,395,0.3664713470801953,395,0.3729566,0.37496352,2
hotel_70,2023-03-15,0.2675438596491228,396,0.3684210526315789,0.37280701754385964,0.342099400175284,0.25923440066640135,396,0.39095488640620735,396,0.40935817,0.38615713,2
hotel_70,2023-03-16,0.3333333333333333,397,0.3684210526315789,0.34649122807017546,0.32450586507205004,0.2783611620815323,397,0.3954787143080414,397,0.4177695,0.3788825,2
hotel_70,2023-03-17,0.3815789473684211,398,0.3684210526315789,0.3684210526315789,0.34985167617397606,0.368450470864797,398,0.4147525593935139,398,0.44982588,0.44704932,2
hotel_70,2023-03-18,0.3333333333333333,399,0.3684210526315789,0.43859649122807015,0.3502710469290541,0.3986128818684279,399,0.42502282873465264,399,0.4411698,0.45540553,2
hotel_70,2023-03-19,0.2324561403508772,400,0.3684210526315789,0.29385964912280704,0.28467666780690387,0.2112556382361824,400,0.29681466832656983,400,0.30193037,0.29135096,2
hotel_70,2023-03-20,0.2894736842105263,401,0.3684210526315789,0.43859649122807015,0.3448192271130395,0.20188409995226936,401,0.31555071734323054,401,0.33183914,0.33128172,2
hotel_70,2023-03-21,0.32894736842105265,402,0.3684210526315789,0.42543859649122806,0.34457479385299916,0.2218933871965272,402,0.3518447920747359,402,0.3663124,0.38285157,2
hotel_70,2023-03-22,0.34649122807017546,403,0.3684210526315789,0.37280701754385964,0.3217897815487796,0.25923440066640135,403,0.39452905748770173,403,0.41171664,0.3883443,2
hotel_70,2023-03-23,0.39473684210526316,404,0.3684210526315789,0.34649122807017546,0.3083004216212796,0.2783611620815323,404,0.3924390405696433,404,0.4016393,0.3750978,2
hotel_70,2023-03-24,0.39473684210526316,405,0.3684210526315789,0.3684210526315789,0.322966416060667,0.368450470864797,405,0.42128130417201637,405,0.4197849,0.44911677,2
hotel_70,2023-03-25,0.40789473684210525,406,0.3684210526315789,0.43859649122807015,0.3234911047107434,0.3986128818684279,406,0.42152184039687307,406,0.42626095,0.44523528,2
hotel_70,2023-03-26,0.41228070175438597,407,0.3684210526315789,0.29385964912280704,0.2816012791215421,0.2112556382361824,407,0.30127750595597796,407,0.28990093,0.2953722,2
hotel_70,2023-03-27,0.3991228070175439,408,0.3684210526315789,0.43859649122807015,0.3166701522597502,0.20188409995226936,408,0.30994912527695334,408,0.34205547,0.33416203,2
hotel_70,2023-03-28,0.4342105263157895,409,0.3684210526315789,0.42543859649122806,0.32001683152541,0.2218933871965272,409,0.3525942346687321,409,0.37605467,0.38609993,2
hotel_70,2023-03-29,0.3684210526315789,410,0.3684210526315789,0.37280701754385964,0.3061197387840767,0.25923440066640135,410,0.39377961489370555,410,0.41352624,0.38975054,2
hotel_70,2023-03-30,0.4517543859649123,411,0.3684210526315789,0.34649122807017546,0.2965477491630281,0.2783611620815323,411,0.4015520396548827,411,0.41378367,0.38891217,2
hotel_70,2023-03-31,0.37719298245614036,412,0.3684210526315789,0.3684210526315789,0.30880936448952584,0.368450470864797,412,0.4464742891569981,412,0.44107795,0.46467793,2
hotel_70,2023-04-01,0.4517543859649123,413,0.3684210526315789,0.43859649122807015,0.3091026462862295,0.3986128818684279,413,0.43417865752035856,413,0.43774933,0.45795515,2
hotel_70,2023-04-02,0.36403508771929827,414,0.3684210526315789,0.29385964912280704,0.27610866489863717,0.2112556382361824,414,0.3034820206536933,414,0.31965932,0.302495,2
hotel_70,2023-04-03,0.45614035087719296,415,0.3684210526315789,0.43859649122807015,0.3052899829290812,0.20188409995226936,415,0.31356149317114884,415,0.34328103,0.3318969,2
hotel_70,2023-04-04,0.4517543859649123,416,0.3684210526315789,0.42543859649122806,0.3062898273034417,0.2218933871965272,416,0.3460525906956383,416,0.37946367,0.38860273,2
hotel_70,2023-04-05,0.4342105263157895,417,0.3684210526315789,0.37280701754385964,0.2950385513722903,0.25923440066640135,417,0.3837431055975874,417,0.38636518,0.40132725,2
hotel_70,2023-04-06,0.42105263157894735,418,0.3684210526315789,0.34649122807017546,0.287946504423196,0.2783611620815323,418,0.40310430572086736,418,0.4094481,0.3925421,2
hotel_70,2023-04-07,0.3157894736842105,419,0.3684210526315789,0.3684210526315789,0.2962516782205216,0.368450470864797,419,0.4310479791099684,419,0.46175787,0.4640238,2
hotel_84,2023-03-11,0.972318339100346,420,0.9446366782006921,0.9100346020761245,0.8550177535420638,0.9089282610664536,420,0.9414250641915648,420,0.9948633,0.9391885,2
hotel_84,2023-03-12,0.6262975778546713,421,0.9446366782006921,0.5847750865051903,0.6171186416647252,0.6270213889358269,421,0.4729879949428266,421,0.76019645,0.5749506,2
hotel_84,2023-03-13,0.5951557093425606,422,0.9446366782006921,0.8823529411764706,0.7358105403996885,0.6960922736162185,422,0.5190114503896562,422,0.7662097,0.64616764,2
hotel_84,2023-03-14,0.643598615916955,423,0.9446366782006921,0.8269896193771626,0.7857977616794547,0.7632822965292345,423,0.6250018139739678,423,0.9157009,0.68628097,2
hotel_84,2023-03-15,0.671280276816609,424,0.9446366782006921,0.754325259515571,0.6835348326850893,0.7678204564064761,424,0.6498096465726793,424,0.8566168,0.6511349,2
hotel_84,2023-03-16,0.6885813148788927,425,0.9446366782006921,0.6920415224913494,0.69063447123514,0.7718796104752202,425,0.6512697069354261,425,0.9365466,0.69261855,2
hotel_84,2023-03-17,0.9930795847750865,426,0.9446366782006921,0.9446366782006921,0.8365076933752837,0.9196977071739926,426,0.8348377448554007,426,0.9675267,0.8595912,2
hotel_84,2023-03-18,0.9965397923875432,427,0.9446366782006921,0.9100346020761245,0.8434471150234545,0.9089282610664536,427,0.9258595729159577,427,1.0314509,0.9192492,2
hotel_84,2023-03-19,0.5916955017301038,428,0.9446366782006921,0.5847750865051903,0.650218993340098,0.6270213889358269,428,0.6541196579382007,428,0.7920923,0.585065,2
hotel_84,2023-03-20,0.42560553633217996,429,0.9446366782006921,0.8823529411764706,0.7757480312320493,0.6960922736162185,429,0.754781957108165,429,0.8759851,0.62962484,2
hotel_84,2023-03-21,0.44982698961937717,430,0.9446366782006921,0.8269896193771626,0.7833465817673627,0.7632822965292345,430,0.8072470094113157,430,0.85748845,0.65068144,2
hotel_84,2023-03-22,0.4429065743944637,431,0.9446366782006921,0.754325259515571,0.7206538631529606,0.7678204564064761,431,0.8461261702919592,431,0.8712479,0.64497596,2
hotel_84,2023-03-23,0.903114186851211,432,0.9446366782006921,0.6920415224913494,0.712394447391444,0.7718796104752202,432,0.7520547419710961,432,0.75681293,0.70280296,2
hotel_84,2023-03-24,0.9273356401384083,433,0.9446366782006921,0.9446366782006921,0.8304064594701539,0.9196977071739926,433,0.8285552323556266,433,0.80553603,0.82209367,2
hotel_84,2023-03-25,0.8512110726643599,434,0.9446366782006921,0.9100346020761245,0.817039196579923,0.9089282610664536,434,0.8747224949556529,434,0.9113172,0.8471363,2
hotel_84,2023-03-26,0.7681660899653979,435,0.9446366782006921,0.5847750865051903,0.6749969722664162,0.6270213889358269,435,0.5759498358340911,435,0.7320892,0.55726534,2
hotel_84,2023-03-27,0.7370242214532872,436,0.9446366782006921,0.8823529411764706,0.7598773641402432,0.6960922736162185,436,0.6134891095584726,436,0.9421514,0.6271231,2
hotel_84,2023-03-28,0.5259515570934256,437,0.9446366782006921,0.8269896193771626,0.7725368337031291,0.7632822965292345,437,0.6978047959749827,437,0.96136034,0.6847562,2
hotel_84,2023-03-29,0.5709342560553633,438,0.9446366782006921,0.754325259515571,0.723014700556744,0.7678204564064761,438,0.7158908436857467,438,1.0240396,0.64028573,2
hotel_84,2023-03-30,0.6678200692041523,439,0.9446366782006921,0.6920415224913494,0.7201434930439544,0.7718796104752202,439,0.720353636987112,439,0.87570894,0.6959182,2
hotel_84,2023-03-31,0.8408304498269896,440,0.9446366782006921,0.9446366782006921,0.805654497674773,0.9196977071739926,440,0.8183721108650777,440,0.9909927,0.853214,2
hotel_84,2023-04-01,0.9134948096885813,441,0.9446366782006921,0.9100346020761245,0.8010319784534287,0.9089282610664536,441,0.8695797956645996,441,1.1452532,0.8585437,2
hotel_84,2023-04-02,0.6332179930795848,442,0.9446366782006921,0.5847750865051903,0.6945967782277213,0.6270213889358269,442,0.6233964650613063,442,0.82112455,0.5751189,2
hotel_84,2023-04-03,0.7993079584775087,443,0.9446366782006921,0.8823529411764706,0.7605016722753276,0.6960922736162185,443,0.7089818654192607,443,0.95756155,0.6320309,2
hotel_84,2023-04-04,0.9100346020761245,444,0.9446366782006921,0.8269896193771626,0.7677057622761096,0.7632822965292345,444,0.7743394084585573,444,1.0923394,0.70753384,2
hotel_84,2023-04-05,0.9826989619377162,445,0.9446366782006921,0.754325259515571,0.7318136298378618,0.7678204564064761,445,0.8048461537437682,445,1.0013232,0.67599285,2
hotel_84,2023-04-06,0.8581314878892734,446,0.9446366782006921,0.6920415224913494,0.7285624283681242,0.7718796104752202,446,0.804836004732825,446,0.9898077,0.6961385,2
hotel_84,2023-04-07,0.643598615916955,447,0.9446366782006921,0.9446366782006921,0.793086984691635,0.9196977071739926,447,0.8740454847236679,447,1.1206014,0.8107539,2
hotel_91,2023-03-11,0.8089887640449438,448,0.651685393258427,0.6404494382022472,0.6824940348392418,0.6409712722062972,448,0.7661422757702399,448,0.6997273,0.67892784,2
hotel_91,2023-03-12,0.7303370786516854,449,0.651685393258427,0.4157303370786517,0.5926876946439414,0.46264379144287254,449,0.5251440758757603,449,0.5347521,0.5618241,2
hotel_91,2023-03-13,0.9550561797752809,450,0.651685393258427,0.6067415730337079,0.6486761706573532,0.5861183393450601,450,0.6367217365093953,450,0.7070666,0.6899276,2
hotel_91,2023-03-14,0.9550561797752809,451,0.651685393258427,0.5842696629213483,0.6871495779629588,0.6774071406084442,451,0.7304437751098953,451,0.8829484,0.822662,2
hotel_91,2023-03-15,0.9550561797752809,452,0.651685393258427,0.6404494382022472,0.6878393781672238,0.6826965405317965,452,0.7860694669640341,452,0.86902857,0.8347804,2
hotel_91,2023-03-16,0.8314606741573034,453,0.651685393258427,0.6179775280898876,0.6557379467891216,0.6120907939929666,453,0.7743597707269487,453,0.7210159,0.66759264,2
hotel_91,2023-03-17,0.7415730337078652,454,0.651685393258427,0.651685393258427,0.603474474621367,0.6461956778947437,454,0.7993631311842964,454,0.69444674,0.66456383,2
hotel_91,2023-03-18,0.4943820224719101,455,0.651685393258427,0.6404494382022472,0.6152589834975538,0.6409712722062972,455,0.9020434511060009,455,0.7723831,0.6996846,2
hotel_91,2023-03-19,0.43820224719101125,456,0.651685393258427,0.4157303370786517,0.5910960929328113,0.46264379144287254,456,0.5206863206262761,456,0.6242116,0.5555067,2
hotel_91,2023-03-20,0.6629213483146067,457,0.651685393258427,0.6067415730337079,0.6284964273122517,0.5861183393450601,457,0.6593649211053467,457,0.7817406,0.69797677,2
hotel_91,2023-03-21,0.8876404494382022,458,0.651685393258427,0.5842696629213483,0.6101014092431255,0.6774071406084442,458,0.7019775815170041,458,0.8422389,0.8176525,2
hotel_91,2023-03-22,0.8876404494382022,459,0.651685393258427,0.6404494382022472,0.6299878548370197,0.6826965405317965,459,0.7152327738225377,459,0.83152604,0.7906793,2
hotel_91,2023-03-23,0.7303370786516854,460,0.651685393258427,0.6179775280898876,0.6221765167689232,0.6120907939929666,460,0.7074022729565789,460,0.7048583,0.6733662,2
hotel_91,2023-03-24,0.5842696629213483,461,0.651685393258427,0.651685393258427,0.6381814673952693,0.6461956778947437,461,0.775586230712279,461,0.68194795,0.6882062,2
hotel_91,2023-03-25,0.5617977528089888,462,0.651685393258427,0.6404494382022472,0.6427061234171173,0.6409712722062972,462,0.8600957739254179,462,0.7544925,0.69496965,2
hotel_91,2023-03-26,0.5280898876404494,463,0.651685393258427,0.4157303370786517,0.6451869555812524,0.46264379144287254,463,0.5912536677519932,463,0.587519,0.5505272,2
hotel_91,2023-03-27,0.651685393258427,464,0.651685393258427,0.6067415730337079,0.6465471757166371,0.5861183393450601,464,0.6999252760565837,464,0.7479486,0.6640463,2
hotel_91,2023-03-28,0.8764044943820225,465,0.651685393258427,0.5842696629213483,0.6472929733741546,0.6774071406084442,465,0.7513204515043853,465,0.85813004,0.7811262,2
hotel_91,2023-03-29,0.8314606741573034,466,0.651685393258427,0.6404494382022472,0.647701888175141,0.6826965405317965,466,0.7761902274803842,466,0.8286898,0.7593167,2
hotel_91,2023-03-30,0.7078651685393258,467,0.651685393258427,0.6179775280898876,0.6479260928408171,0.6120907939929666,467,0.7830522614659576,467,0.65218985,0.6252178,2
hotel_91,2023-03-31,0.6292134831460674,468,0.651685393258427,0.651685393258427,0.6480490224388402,0.6461956778947437,468,0.821210665656948,468,0.68466234,0.6550192,2
hotel_91,2023-04-01,0.6741573033707865,469,0.651685393258427,0.6404494382022472,0.6481164237394534,0.6409712722062972,469,0.8526598485690821,469,0.6951924,0.6665098,2
hotel_91,2023-04-02,0.7303370786516854,470,0.651685393258427,0.4157303370786517,0.6481533793253937,0.46264379144287254,470,0.5909288125469108,470,0.49419796,0.521042,2
hotel_91,2023-04-03,0.9887640449438202,471,0.651685393258427,0.6067415730337079,0.6481736417731472,0.5861183393450601,471,0.6931901443766035,471,0.6589136,0.63763523,2
hotel_91,2023-04-04,1.0,472,0.651685393258427,0.5842696629213483,0.6481847515087532,0.6774071406084442,472,0.7118290167280956,472,0.77054936,0.7578656,2
hotel_91,2023-04-05,1.0112359550561798,473,0.651685393258427,0.6404494382022472,0.6481908428865936,0.6826965405317965,473,0.7189987440372093,473,0.7071702,0.7523673,2
hotel_91,2023-04-06,0.9887640449438202,474,0.651685393258427,0.6179775280898876,0.6481941827396116,0.6120907939929666,474,0.7096748004571047,474,0.6282935,0.6565633,2
hotel_91,2023-04-07,1.0,475,0.651685393258427,0.651685393258427,0.6481960139539074,0.6461956778947437,475,0.7826914202701827,475,0.70286477,0.66052425,2
hotel_98,2023-03-11,0.6209677419354839,476,0.45161290322580644,0.6129032258064516,0.4867484838417966,0.4629635160088827,476,0.5462545575980993,476,0.48379818,0.45021307,2
hotel_98,2023-03-12,0.24193548387096775,477,0.45161290322580644,0.1774193548387097,0.2637612812654243,0.29109754834738205,477,0.31770257738729607,477,0.20980544,0.14468345,2
hotel_98,2023-03-13,0.1693548387096774,478,0.45161290322580644,0.1693548387096774,0.23374400610099683,0.32618768491345407,478,0.2707128505180761,478,0.16702671,0.14962444,2
hotel_98,2023-03-14,0.18548387096774194,479,0.45161290322580644,0.21774193548387097,0.25963839778408654,0.36859292823059275,479,0.2813124272637992,479,0.20118506,0.12652585,2
hotel_98,2023-03-15,0.2661290322580645,480,0.45161290322580644,0.20161290322580644,0.2428888903187565,0.3287451080521121,480,0.2855042859255304,480,0.16801697,0.12510684,2
hotel_98,2023-03-16,0.33064516129032256,481,0.45161290322580644,0.23387096774193547,0.28466928562203464,0.3612354279419129,481,0.28598333841208995,481,0.20375496,0.1901922,2
hotel_98,2023-03-17,0.45161290322580644,482,0.45161290322580644,0.45161290322580644,0.401495004686152,0.4635311438591122,482,0.39655196024167383,482,0.35028255,0.34261563,2
hotel_98,2023-03-18,0.46774193548387094,483,0.45161290322580644,0.6129032258064516,0.4285306751572404,0.4629635160088827,483,0.45991382123383767,483,0.39913872,0.38795412,2
hotel_98,2023-03-19,0.1935483870967742,484,0.45161290322580644,0.1774193548387097,0.22449986890033347,0.29109754834738205,484,0.34809713040362217,484,0.17358066,0.13123064,2
hotel_98,2023-03-20,0.12096774193548387,485,0.45161290322580644,0.1693548387096774,0.2173827174636997,0.32618768491345407,485,0.31442126993567415,485,0.16116425,0.11616257,2
hotel_98,2023-03-21,0.12903225806451613,486,0.45161290322580644,0.21774193548387097,0.24509188935592482,0.36859292823059275,486,0.29541745754832827,486,0.13589457,0.11179963,2
hotel_98,2023-03-22,0.12903225806451613,487,0.45161290322580644,0.20161290322580644,0.22997416521925074,0.3287451080521121,487,0.3181803724207812,487,0.16199535,0.11716801,2
hotel_98,2023-03-23,0.14516129032258066,488,0.45161290322580644,0.23387096774193547,0.2732142048829865,0.3612354279419129,488,0.30981842536070325,488,0.22818643,0.1890448,2
hotel_98,2023-03-24,0.25,489,0.45161290322580644,0.45161290322580644,0.39122293322612955,0.4635311438591122,489,0.40603941421565637,489,0.3461516,0.33340347,2
hotel_98,2023-03-25,0.3870967741935484,490,0.45161290322580644,0.6129032258064516,0.41939371586359747,0.4629635160088827,490,0.4498494705464076,490,0.37091288,0.3595147,2
hotel_98,2023-03-26,0.1532258064516129,491,0.45161290322580644,0.1774193548387097,0.21639811070558368,0.29109754834738205,491,0.3370365560800296,491,0.14927602,0.12922013,2
hotel_98,2023-03-27,0.22580645161290322,492,0.45161290322580644,0.1693548387096774,0.21020661805382568,0.32618768491345407,492,0.3218152348047875,492,0.14853203,0.120759934,2
hotel_98,2023-03-28,0.23387096774193547,493,0.45161290322580644,0.21774193548387097,0.2387186878333237,0.36859292823059275,493,0.313837635696712,493,0.18509956,0.12179357,2
hotel_98,2023-03-29,0.1774193548387097,494,0.45161290322580644,0.20161290322580644,0.22431404829459012,0.3287451080521121,494,0.34231741992151515,494,0.14877969,0.12107389,2
hotel_98,2023-03-30,0.12903225806451613,495,0.45161290322580644,0.23387096774193547,0.26818739826816196,0.3612354279419129,495,0.3426314212135816,495,0.23572227,0.17497188,2
hotel_98,2023-03-31,0.25806451612903225,496,0.45161290322580644,0.45161290322580644,0.38675846014020554,0.4635311438591122,496,0.42186003545469636,496,0.38143766,0.32738125,2
hotel_98,2023-04-01,0.3951612903225806,497,0.45161290322580644,0.6129032258064516,0.41542874584751965,0.4629635160088827,497,0.4400816012716682,497,0.4309732,0.35183555,2
hotel_98,2023-04-02,0.20161290322580644,498,0.45161290322580644,0.1774193548387097,0.21287678378682165,0.29109754834738205,498,0.3166867108925736,498,0.18425599,0.14426231,2
hotel_98,2023-04-03,0.1935483870967742,499,0.45161290322580644,0.1693548387096774,0.20707930271978742,0.32618768491345407,499,0.3047520202889554,499,0.16056792,0.1392971,2
hotel_98,2023-04-04,0.1935483870967742,500,0.45161290322580644,0.21774193548387097,0.2359412793125988,0.36859292823059275,500,0.3422812807668848,500,0.16686752,0.14045784,2
hotel_98,2023-04-05,0.16129032258064516,501,0.45161290322580644,0.20161290322580644,0.22184739648443783,0.3287451080521121,501,0.358555395541108,501,0.16063471,0.14246349,2
hotel_98,2023-04-06,0.47580645161290325,502,0.45161290322580644,0.23387096774193547,0.2659967334543243,0.3612354279419129,502,0.36173682984862654,502,0.2228666,0.18306449,2
hotel_98,2023-04-07,0.4596774193548387,503,0.45161290322580644,0.45161290322580644,0.38481290276459684,0.4635311438591122,503,0.4076219087104611,503,0.33606938,0.32126746,2
hotel_0,2023-04-08,0.5308641975308642,0,0.9629629629629629,0.9876543209876543,0.9715529675576163,1.036886101445155,0,0.9722225960863623,0,0.97723824,0.9770804,3
hotel_0,2023-04-09,0.3333333333333333,1,0.9629629629629629,0.9753086419753086,0.8146774431579477,0.8304224216698672,1,0.8673968570010439,1,0.83912146,0.7909212,3
hotel_0,2023-04-10,0.4074074074074074,2,0.9629629629629629,0.9876543209876543,0.8693318179456064,0.8515722598070342,2,0.9032617353573079,2,0.95746315,0.83864117,3
hotel_0,2023-04-11,0.5061728395061729,3,0.9629629629629629,0.9876543209876543,0.9134177432131643,0.8710972858172741,3,0.9250047412226922,3,1.0150106,0.9107499,3
hotel_0,2023-04-12,0.4444444444444444,4,0.9629629629629629,0.9876543209876543,0.9373386685086448,0.8706633841924205,4,0.9281527226112088,4,1.0167308,0.94409233,3
hotel_0,2023-04-13,0.4567901234567901,5,0.9629629629629629,0.9876543209876543,0.9505771402578105,0.9058814938877284,5,0.9258937567584433,5,0.9637195,0.9393401,3
hotel_0,2023-04-14,0.7654320987654321,6,0.9629629629629629,0.9629629629629629,0.9914336906185915,1.0086162084186356,6,0.956987550964079,6,1.0032321,0.9752251,3
hotel_0,2023-04-15,0.7654320987654321,7,0.9629629629629629,0.9876543209876543,0.9903070652325341,1.036886101445155,7,0.9482014027070607,7,1.0145637,0.9738069,3
hotel_0,2023-04-16,0.4074074074074074,8,0.9629629629629629,0.9753086419753086,0.8505559639046119,0.8304224216698672,8,0.8124725062780809,8,0.8306445,0.77413404,3
hotel_0,2023-04-17,0.35802469135802467,9,0.9629629629629629,0.9876543209876543,0.8955662304860221,0.8515722598070342,9,0.8433853861905187,9,0.90446556,0.8336935,3
hotel_0,2023-04-18,0.7160493827160493,10,0.9629629629629629,0.9876543209876543,0.9318779916066311,0.8710972858172741,10,0.8956012903115476,10,0.9702496,0.9055224,3
hotel_0,2023-04-19,0.6172839506172839,11,0.9629629629629629,0.9876543209876543,0.9515683023113272,0.8706633841924205,11,0.9175729099539957,11,1.0194057,0.9276019,3
hotel_0,2023-04-20,0.7407407407407407,12,0.9629629629629629,0.9876543209876543,0.9624671018146255,0.9058814938877284,12,0.931566528358983,12,0.9745646,0.9267787,3
hotel_0,2023-04-21,0.7283950617283951,13,0.9629629629629629,0.9629629629629629,0.995578714306944,1.0086162084186356,13,0.9466058587012584,13,1.0078475,0.97122663,3
hotel_0,2023-04-22,0.9629629629629629,14,0.9629629629629629,0.9876543209876543,0.9950463927448709,1.036886101445155,14,0.9761857308699377,14,1.0017207,0.9724546,3
hotel_0,2023-04-23,0.5185185185185185,15,0.9629629629629629,0.9753086419753086,0.8650780802748653,0.8304224216698672,15,0.8521319233842155,15,0.8331894,0.77641684,3
hotel_0,2023-04-24,0.5925925925925926,16,0.9629629629629629,0.9876543209876543,0.9071450593500333,0.8515722598070342,16,0.8597085899534839,16,0.91199595,0.8218009,3
hotel_0,2023-04-25,0.8148148148148148,17,0.9629629629629629,0.9876543209876543,0.9410921262893285,0.8710972858172741,17,0.8794821039084905,17,0.9603596,0.8990401,3
hotel_0,2023-04-26,0.5432098765432098,18,0.9629629629629629,0.9876543209876543,0.959500950452895,0.8706633841924205,18,0.9030095524047896,18,1.0180776,0.9266554,3
hotel_0,2023-04-27,0.7407407407407407,19,0.9629629629629629,0.9876543209876543,0.9696903277228798,0.9058814938877284,19,0.8878606065848271,19,0.9994362,0.932113,3
hotel_0,2023-04-28,0.8765432098765432,20,0.9629629629629629,0.9629629629629629,1.0007050172503629,1.0086162084186356,20,0.9117856229588505,20,1.0406268,0.9608819,3
hotel_0,2023-04-29,0.7160493827160493,21,0.9629629629629629,0.9876543209876543,1.0001735156347042,1.036886101445155,21,0.9314391176892148,21,1.0370225,0.96613437,3
hotel_0,2023-04-30,0.5185185185185185,22,0.9629629629629629,0.9753086419753086,0.8797720945159966,0.8304224216698672,22,0.7727391008471776,22,0.86294717,0.7816566,3
hotel_0,2023-05-01,0.691358024691358,23,0.9629629629629629,0.9876543209876543,0.918726939803175,0.8515722598070342,23,0.8084717471998036,23,0.903324,0.82208943,3
hotel_0,2023-05-02,0.7160493827160493,24,0.9629629629629629,0.9876543209876543,0.9501620590902129,0.8710972858172741,24,0.8642554778127542,24,0.996882,0.89575684,3
hotel_0,2023-05-03,0.7777777777777778,25,0.9629629629629629,0.9876543209876543,0.9672086454645047,0.8706633841924205,25,0.8835140143172782,25,1.0039667,0.9204948,3
hotel_0,2023-05-04,0.7160493827160493,26,0.9629629629629629,0.9876543209876543,0.9766440250474332,0.9058814938877284,26,0.9036299832141267,26,0.9785652,0.9247899,3
hotel_0,2023-05-05,0.8641975308641975,27,0.9629629629629629,0.9629629629629629,1.005359841459355,1.0086162084186356,27,0.8946572728772024,27,1.0276344,0.96950835,3
hotel_105,2023-04-08,0.9056603773584906,28,0.9685534591194969,0.8301886792452831,0.9267651760330701,0.9392546359785798,28,0.9463552264191071,28,0.9754293,0.9772052,3
hotel_105,2023-04-09,0.5534591194968553,29,0.9685534591194969,0.5723270440251572,0.7186812778373822,0.7261514528895958,29,0.7058579863001917,29,0.6331232,0.66055673,3
hotel_105,2023-04-10,0.6666666666666666,30,0.9685534591194969,0.7735849056603774,0.8200660493062891,0.7548586400087209,30,0.7416763625096658,30,0.72275627,0.7241616,3
hotel_105,2023-04-11,0.7421383647798742,31,0.9685534591194969,0.7924528301886793,0.8349246251239772,0.8101107073259887,31,0.8045115076714069,31,0.8019731,0.80577046,3
hotel_105,2023-04-12,0.7924528301886793,32,0.9685534591194969,0.8805031446540881,0.8450264052711283,0.8275872162408401,32,0.8297768822353222,32,0.8074569,0.8491327,3
hotel_105,2023-04-13,0.7610062893081762,33,0.9685534591194969,0.6352201257861635,0.7043844111676019,0.8263361612933595,33,0.7674822618546875,33,0.75040036,0.81399906,3
hotel_105,2023-04-14,0.8301886792452831,34,0.9685534591194969,0.9685534591194969,0.8636348426463766,0.9081339175483477,34,0.8549356001336199,34,0.88686675,0.9022081,3
hotel_105,2023-04-15,0.8742138364779874,35,0.9685534591194969,0.8301886792452831,0.8542542910189255,0.9424615704656303,35,0.8902396606891789,35,0.9078667,0.9450301,3
hotel_105,2023-04-16,0.6415094339622641,36,0.9685534591194969,0.5723270440251572,0.7110056612287325,0.7293583873766463,36,0.6126805979954,36,0.6097971,0.6272733,3
hotel_105,2023-04-17,0.7861635220125787,37,0.9685534591194969,0.7735849056603774,0.7987315479999928,0.7580655744957714,37,0.6668376698891155,37,0.6698872,0.7027723,3
hotel_105,2023-04-18,0.9371069182389937,38,0.9685534591194969,0.7924528301886793,0.8085762032184904,0.813317641813039,38,0.730738885532777,38,0.7328627,0.7878785,3
hotel_105,2023-04-19,0.9056603773584906,39,0.9685534591194969,0.8805031446540881,0.8344104396555423,0.8307941507278905,39,0.7667358878868845,39,0.79305744,0.81958187,3
hotel_105,2023-04-20,0.779874213836478,40,0.9685534591194969,0.6352201257861635,0.7202094897655144,0.82954309578041,40,0.7476170776189327,40,0.74582005,0.79355794,3
hotel_105,2023-04-21,0.9371069182389937,41,0.9685534591194969,0.9685534591194969,0.8633886322014337,0.9113408520353982,41,0.8627510044356246,41,0.8791287,0.8946338,3
hotel_105,2023-04-22,0.8553459119496856,42,0.9685534591194969,0.8301886792452831,0.8492715345507089,0.9456685049526807,42,0.8983338878533592,42,0.95169085,0.92722434,3
hotel_105,2023-04-23,0.6477987421383647,43,0.9685534591194969,0.5723270440251572,0.7436749913796424,0.7325653218636967,43,0.6041284931602631,43,0.64105225,0.6260149,3
hotel_105,2023-04-24,0.8930817610062893,44,0.9685534591194969,0.7735849056603774,0.801690439962754,0.7612725089828218,44,0.6918824195010126,44,0.7216146,0.69116664,3
hotel_105,2023-04-25,1.0,45,0.9685534591194969,0.7924528301886793,0.809076390273696,0.8165245763000895,45,0.7345591083451014,45,0.8138416,0.79605824,3
hotel_105,2023-04-26,1.0062893081761006,46,0.9685534591194969,0.8805031446540881,0.8211428212991134,0.8340010852149409,46,0.7684503734132313,46,0.832058,0.82064897,3
hotel_105,2023-04-27,0.7484276729559748,47,0.9685534591194969,0.6352201257861635,0.7433918318039414,0.8327500302674604,47,0.7537784756770015,47,0.78861713,0.79926795,3
hotel_105,2023-04-28,0.8616352201257862,48,0.9685534591194969,0.9685534591194969,0.8365271380342532,0.9145477865224486,48,0.8472057655539279,48,0.9037124,0.8914425,3
hotel_105,2023-04-29,1.0,49,0.9685534591194969,0.8301886792452831,0.828948139281246,0.9488754394397312,49,0.8861714767822991,49,0.9406309,0.9166492,3
hotel_105,2023-04-30,0.5283018867924528,50,0.9685534591194969,0.5723270440251572,0.7537045724340183,0.7357722563507472,50,0.6463993869691878,50,0.6665983,0.6430838,3
hotel_105,2023-05-01,0.6666666666666666,51,0.9685534591194969,0.7735849056603774,0.7973349620965398,0.7644794434698723,51,0.6974535974467048,51,0.7569381,0.7046728,3
hotel_105,2023-05-02,0.8238993710691824,52,0.9685534591194969,0.7924528301886793,0.8025531255347533,0.8197315107871399,52,0.7289069991473742,52,0.8435637,0.79675895,3
hotel_105,2023-05-03,0.7358490566037735,53,0.9685534591194969,0.8805031446540881,0.8135549226826365,0.8372080197019913,53,0.7500033274357943,53,0.85630906,0.8252316,3
hotel_105,2023-05-04,0.8238993710691824,54,0.9685534591194969,0.6352201257861635,0.7559369712270073,0.8359569647545108,54,0.7156547069508236,54,0.8033417,0.80353415,3
hotel_105,2023-05-05,0.89937106918239,55,0.9685534591194969,0.9685534591194969,0.8265762391402821,0.9177547210094991,55,0.780897232877896,55,0.92932564,0.90174633,3
hotel_112,2023-04-08,0.79375,56,0.65625,0.825,0.738092531541371,0.7075550748125726,56,0.8216582715003103,56,0.7152541,0.73779774,3
hotel_112,2023-04-09,0.66875,57,0.65625,0.74375,0.796536754843036,0.6776747726123896,57,0.7312827796471479,57,0.7672088,0.8176268,3
hotel_112,2023-04-10,0.7125,58,0.65625,0.81875,0.8106251880090819,0.7280915124807438,58,0.7942767600038396,58,0.78171253,0.8685842,3
hotel_112,2023-04-11,0.6375,59,0.65625,0.75625,0.8204233698200729,0.7292830100985017,59,0.8304672235495825,59,0.7790666,0.84712994,3
hotel_112,2023-04-12,0.95625,60,0.65625,0.75625,0.8404539001766731,0.7554592472760712,60,0.85519157245203,60,0.7969219,0.8548366,3
hotel_112,2023-04-13,0.95,61,0.65625,0.675,0.8342022278791794,0.7422239141952185,61,0.8509015534481692,61,0.74779797,0.82917273,3
hotel_112,2023-04-14,0.8,62,0.65625,0.65625,0.8022924403609716,0.7093570842756894,62,0.8470974721752423,62,0.82225597,0.8259338,3
hotel_112,2023-04-15,0.7125,63,0.65625,0.825,0.8201792405442072,0.7075550748125726,63,0.8913302498156297,63,0.84076285,0.84978133,3
hotel_112,2023-04-16,0.70625,64,0.65625,0.74375,0.8129785471924968,0.6776747726123896,64,0.6411879979105605,64,0.8571247,0.8783971,3
hotel_112,2023-04-17,0.875,65,0.65625,0.81875,0.8282748773413294,0.7280915124807438,65,0.7306342663943678,65,0.83530486,0.88697064,3
hotel_112,2023-04-18,0.875,66,0.65625,0.75625,0.8168018326771576,0.7292830100985017,66,0.7786666693979357,66,0.8442176,0.8813615,3
hotel_112,2023-04-19,0.78125,67,0.65625,0.75625,0.8242081644696699,0.7554592472760712,67,0.8075739979791946,67,0.8560708,0.8915325,3
hotel_112,2023-04-20,0.76875,68,0.65625,0.675,0.8085250563553216,0.7422239141952185,68,0.8128390466847704,68,0.82391894,0.8754906,3
hotel_112,2023-04-21,0.7875,69,0.65625,0.65625,0.7941220657120702,0.7093570842756894,69,0.827232466740712,69,0.84125495,0.8545697,3
hotel_112,2023-04-22,0.85625,70,0.65625,0.825,0.8163068761291002,0.7075550748125726,70,0.877289286170682,70,0.84197575,0.858217,3
hotel_112,2023-04-23,0.79375,71,0.65625,0.74375,0.8197898551170717,0.6776747726123896,71,0.5949386496803205,71,0.8374655,0.8816779,3
hotel_112,2023-04-24,0.83125,72,0.65625,0.81875,0.8280649439514254,0.7280915124807438,72,0.7281955902827869,72,0.7870656,0.89195806,3
hotel_112,2023-04-25,0.93125,73,0.65625,0.75625,0.8268993466902652,0.7292830100985017,73,0.7865303559732506,73,0.82441854,0.86465216,3
hotel_112,2023-04-26,0.88125,74,0.65625,0.75625,0.8301848817313625,0.7554592472760712,74,0.7904180273467544,74,0.8019322,0.86606354,3
hotel_112,2023-04-27,0.91875,75,0.65625,0.675,0.826441584342689,0.7422239141952185,75,0.7831664833698831,75,0.75756073,0.8427709,3
hotel_112,2023-04-28,0.9,76,0.65625,0.65625,0.8227680945581546,0.7093570842756894,76,0.8621018573668897,76,0.7897983,0.82780504,3
hotel_112,2023-04-29,0.91875,77,0.65625,0.825,0.8292256772532762,0.7075550748125726,77,0.8997511230773637,77,0.80686563,0.8432497,3
hotel_112,2023-04-30,0.775,78,0.65625,0.74375,0.830326808800255,0.6776747726123896,78,0.6390440382555481,78,0.8207325,0.87458414,3
hotel_112,2023-05-01,0.89375,79,0.65625,0.81875,0.8327238978286639,0.7280915124807438,79,0.7243794796584265,79,0.8134727,0.8964101,3
hotel_112,2023-05-02,0.93125,80,0.65625,0.75625,0.8324343790064042,0.7292830100985017,80,0.7576545134186214,80,0.82173055,0.8822601,3
hotel_112,2023-05-03,0.725,81,0.65625,0.75625,0.8333807635259838,0.7554592472760712,81,0.7682593192347857,81,0.819132,0.8765976,3
hotel_112,2023-05-04,0.8,82,0.65625,0.675,0.8323395577949059,0.7422239141952185,82,0.7355338797073969,82,0.7842547,0.8402025,3
hotel_112,2023-05-05,0.70625,83,0.65625,0.65625,0.8313126536997392,0.7093570842756894,83,0.8388318706723364,83,0.8034327,0.8257734,3
hotel_126,2023-04-08,1.0,84,0.9920318725099602,0.9960159362549801,1.0008837512537052,1.0056942816261165,84,0.9945082807345416,84,0.99320585,0.9920383,3
hotel_126,2023-04-09,0.9960159362549801,85,0.9920318725099602,1.0,0.9929601062595736,0.9195613611366934,85,0.9620371785282804,85,0.99187654,0.98650706,3
hotel_126,2023-04-10,0.9402390438247012,86,0.9920318725099602,0.9920318725099602,0.9912436241501873,0.8878491956608303,86,0.9551407326152371,86,0.9841752,0.98643965,3
hotel_126,2023-04-11,0.9800796812749004,87,0.9920318725099602,1.0,0.9963163306412044,0.9143506390459059,87,0.9859802160328925,87,0.98489785,0.9951044,3
hotel_126,2023-04-12,1.00398406374502,88,0.9920318725099602,0.9840637450199203,0.9963559447043998,0.9286994703376521,88,0.9963708892328371,88,0.9871216,0.99273974,3
hotel_126,2023-04-13,0.9681274900398407,89,0.9920318725099602,1.0,1.003447998940773,0.9778784006387398,89,0.9912820300320108,89,1.0072749,1.0144389,3
hotel_126,2023-04-14,1.0,90,0.9920318725099602,0.9920318725099602,1.0103376458245807,0.9932088936059456,90,0.9953485529123652,90,0.9966255,1.0086972,3
hotel_126,2023-04-15,0.9800796812749004,91,0.9920318725099602,0.9960159362549801,1.0126119316807076,1.0056942816261165,91,0.9945082807345416,91,1.0018152,0.99977046,3
hotel_126,2023-04-16,0.9641434262948207,92,0.9920318725099602,1.0,1.004782930507737,0.9195613611366934,92,0.961934849356837,92,0.986496,0.9871211,3
hotel_126,2023-04-17,0.9362549800796812,93,0.9920318725099602,0.9920318725099602,1.0005955823657433,0.8878491956608303,93,0.9478139897379575,93,0.9752581,0.98616517,3
hotel_126,2023-04-18,0.9760956175298805,94,0.9920318725099602,1.0,1.002383751752632,0.9143506390459059,94,0.9626850784964447,94,0.9704303,0.98949975,3
hotel_126,2023-04-19,0.9641434262948207,95,0.9920318725099602,0.9840637450199203,1.0000341585215125,0.9286994703376521,95,0.9710645197007188,95,0.9894154,0.98867345,3
hotel_126,2023-04-20,0.9760956175298805,96,0.9920318725099602,1.0,1.0098933415449962,0.9778784006387398,96,0.9748584190737356,96,0.9960504,1.0094988,3
hotel_126,2023-04-21,0.9880478087649402,97,0.9920318725099602,0.9920318725099602,1.0114260808436804,0.9932088936059456,97,0.9874885332019073,97,1.0009078,1.0064597,3
hotel_126,2023-04-22,1.0079681274900398,98,0.9920318725099602,0.9960159362549801,1.0149500706990662,1.0056942816261165,98,0.9916013875130208,98,1.006729,0.9975472,3
hotel_126,2023-04-23,0.7808764940239044,99,0.9920318725099602,1.0,1.0074312414680957,0.9195613611366934,99,0.9636888480129213,99,0.9960728,0.97870547,3
hotel_126,2023-04-24,0.896414342629482,100,0.9920318725099602,0.9920318725099602,1.0042521875522545,0.8878491956608303,100,0.9429628929063288,100,0.975094,0.97831035,3
hotel_126,2023-04-25,0.9561752988047809,101,0.9920318725099602,1.0,1.0066954744939038,0.9143506390459059,101,0.9519582364107461,101,0.9780448,0.9820253,3
hotel_126,2023-04-26,0.9681274900398407,102,0.9920318725099602,0.9840637450199203,1.005832095764215,0.9286994703376521,102,0.9666197345180471,102,0.97444975,0.98388195,3
hotel_126,2023-04-27,0.9840637450199203,103,0.9920318725099602,1.0,1.0122147957594245,0.9778784006387398,103,0.9574415422651105,103,0.98904586,1.0031016,3
hotel_126,2023-04-28,0.9840637450199203,104,0.9920318725099602,0.9920318725099602,1.0160766862127537,0.9932088936059456,104,0.9789367466894608,104,0.99861264,0.9962133,3
hotel_126,2023-04-29,0.9960159362549801,105,0.9920318725099602,0.9960159362549801,1.0182905907914122,1.0056942816261165,105,0.9920547591908377,105,0.9884511,0.99208915,3
hotel_126,2023-04-30,0.9123505976095617,106,0.9920318725099602,1.0,1.012293957305294,0.9195613611366934,106,0.9636888480129213,106,0.9745163,0.9738538,3
hotel_126,2023-05-01,0.9840637450199203,107,0.9920318725099602,0.9920318725099602,1.0093334014600288,0.8878491956608303,107,0.9306202979326957,107,0.96158344,0.9720559,3
hotel_126,2023-05-02,0.9960159362549801,108,0.9920318725099602,1.0,1.0109307814506618,0.9143506390459059,108,0.9491514489588224,108,0.9696686,0.9822982,3
hotel_126,2023-05-03,1.0,109,0.9920318725099602,0.9840637450199203,1.0095326015432404,0.9286994703376521,109,0.9535388986008816,109,0.9818546,0.98204064,3
hotel_126,2023-05-04,0.9840637450199203,110,0.9920318725099602,1.0,1.0162085352567352,0.9778784006387398,110,0.9616612660928244,110,0.99735886,1.0009307,3
hotel_126,2023-05-05,0.9960159362549801,111,0.9920318725099602,0.9920318725099602,1.0180996992347513,0.9932088936059456,111,0.971343207146679,111,1.0020076,1.0005963,3
hotel_133,2023-04-08,0.9508196721311475,112,1.0,1.0,1.0069257705978398,1.0569500143940356,112,0.9956814645449854,112,0.98875463,1.003169,3
hotel_133,2023-04-09,0.8360655737704918,113,1.0,0.9180327868852459,0.8970227132968219,0.8783565166466328,113,0.8943751079640441,113,0.8943713,0.92011124,3
hotel_133,2023-04-10,0.8852459016393442,114,1.0,1.0,0.9157417251226652,0.9128159461427618,114,0.9147740541069195,114,0.92577565,0.9369497,3
hotel_133,2023-04-11,1.0,115,1.0,1.0,0.9385757021014476,0.9227054037711245,115,0.934399808118843,115,0.9629898,0.9688227,3
hotel_133,2023-04-12,1.0,116,1.0,1.0163934426229508,0.9443662496723648,0.9353932149151043,116,0.931774532871898,116,0.9416683,0.97300255,3
hotel_133,2023-04-13,1.0,117,1.0,0.9836065573770492,0.9624419477876393,0.9478955821540707,117,0.9679078239248124,117,0.94112694,0.98292035,3
hotel_133,2023-04-14,1.0,118,1.0,1.0,0.9778885581794654,1.0201543652110685,118,0.9718615222319767,118,0.96290314,1.0015029,3
hotel_133,2023-04-15,1.0,119,1.0,1.0,1.0015094879204633,1.0569500143940356,119,0.9732886216341362,119,0.9389221,1.0055728,3
hotel_133,2023-04-16,0.7704918032786885,120,1.0,0.9180327868852459,0.9092207101926519,0.8783565166466328,120,0.8919765797811281,120,0.8617666,0.91471004,3
hotel_133,2023-04-17,0.7213114754098361,121,1.0,1.0,0.9363651888485872,0.9128159461427618,121,0.9086136204130141,121,0.8631906,0.93745375,3
hotel_133,2023-04-18,0.8032786885245902,122,1.0,1.0,0.9568557120359096,0.9227054037711245,122,0.9226687323652359,122,0.8991945,0.9579123,3
hotel_133,2023-04-19,0.8360655737704918,123,1.0,1.0163934426229508,0.964019814780699,0.9353932149151043,123,0.9424349085512697,123,0.894421,0.95564497,3
hotel_133,2023-04-20,1.0,124,1.0,0.9836065573770492,0.9764225432811515,0.9478955821540707,124,0.9419561483698748,124,0.92911744,0.97215116,3
hotel_133,2023-04-21,0.9672131147540983,125,1.0,1.0,0.990898753505955,1.0201543652110685,125,0.9627830949884223,125,0.9784202,1.0049073,3
hotel_133,2023-04-22,0.9344262295081968,126,1.0,1.0,1.0111724918754252,1.0569500143940356,126,0.972807619595448,126,0.9690082,1.0075073,3
hotel_133,2023-04-23,0.6721311475409836,127,1.0,0.9180327868852459,0.925047726999958,0.8783565166466328,127,0.8919765797811281,127,0.8634039,0.9112339,3
hotel_133,2023-04-24,0.7377049180327869,128,1.0,1.0,0.9492101517096168,0.9128159461427618,128,0.9072517783952097,128,0.82354236,0.93457186,3
hotel_133,2023-04-25,0.8360655737704918,129,1.0,1.0,0.9682225620213389,0.9227054037711245,129,0.9063217717370132,129,0.89203405,0.9540617,3
hotel_133,2023-04-26,1.0,130,1.0,1.0163934426229508,0.9746758371719674,0.9353932149151043,130,0.9070072948795116,130,0.8835974,0.9602358,3
hotel_133,2023-04-27,0.8360655737704918,131,1.0,0.9836065573770492,0.9865595531718592,0.9478955821540707,131,0.914469908196627,131,0.9257076,0.9709095,3
hotel_133,2023-04-28,1.0,132,1.0,1.0,0.9999204842015247,1.0201543652110685,132,0.9198274202696844,132,0.95071805,0.99236673,3
hotel_133,2023-04-29,1.0,133,1.0,1.0,1.0188085473594575,1.0569500143940356,133,0.9625194033001387,133,0.9488656,0.99648947,3
hotel_133,2023-04-30,0.6557377049180327,134,1.0,0.9180327868852459,0.9392980515749803,0.8783565166466328,134,0.8869790720141648,134,0.8695476,0.9132779,3
hotel_133,2023-05-01,0.639344262295082,135,1.0,1.0,0.9617176305279763,0.9128159461427618,135,0.9084110910115047,135,0.86850065,0.92700577,3
hotel_133,2023-05-02,0.7704918032786885,136,1.0,1.0,0.9792807334845512,0.9227054037711245,136,0.9222742411418934,136,0.9049482,0.963518,3
hotel_133,2023-05-03,0.8032786885245902,137,1.0,1.0163934426229508,0.9852608554443126,0.9353932149151043,137,0.9341770058212753,137,0.8862787,0.9622329,3
hotel_133,2023-05-04,1.0,138,1.0,0.9836065573770492,0.9962023244478506,0.9478955821540707,138,0.9307641896329117,138,0.9253376,0.98186624,3
hotel_133,2023-05-05,1.0,139,1.0,1.0,1.0085515276586887,1.0201543652110685,139,0.9577537793588267,139,0.9557561,1.0019555,3
hotel_14,2023-04-08,0.7452830188679245,140,0.7169811320754716,0.8867924528301887,0.7989526049516341,0.7828058597207943,140,0.8264600973090839,140,0.81101567,0.79689455,3
hotel_14,2023-04-09,0.5188679245283019,141,0.7169811320754716,0.6037735849056604,0.6136391321457655,0.56104881444875,141,0.5405248032839184,141,0.5000444,0.5082534,3
hotel_14,2023-04-10,0.7735849056603774,142,0.7169811320754716,0.6792452830188679,0.6563604503630358,0.6551063234431023,142,0.6746475040183666,142,0.61411583,0.6129103,3
hotel_14,2023-04-11,0.8207547169811321,143,0.7169811320754716,0.7830188679245284,0.7651243907476758,0.7408713026576794,143,0.7225679736135175,143,0.7287367,0.73064566,3
hotel_14,2023-04-12,0.8113207547169812,144,0.7169811320754716,0.8679245283018868,0.7913262200345197,0.7644930175278304,144,0.775342206320982,144,0.7286372,0.78241557,3
hotel_14,2023-04-13,0.7830188679245284,145,0.7169811320754716,0.7264150943396226,0.6857513918389145,0.7204528302132626,145,0.769914700410293,145,0.62321556,0.71731025,3
hotel_14,2023-04-14,0.8773584905660378,146,0.7169811320754716,0.7169811320754716,0.7221430158103287,0.7476532335876525,146,0.8133312052789624,146,0.7424838,0.7795816,3
hotel_14,2023-04-15,0.8584905660377359,147,0.7169811320754716,0.8867924528301887,0.8007885122237705,0.7828058597207943,147,0.886541193197478,147,0.81316245,0.82676005,3
hotel_14,2023-04-16,0.5943396226415094,148,0.7169811320754716,0.6037735849056604,0.6556183542565707,0.56104881444875,148,0.6191323664155777,148,0.46168497,0.5175853,3
hotel_14,2023-04-17,0.7547169811320755,149,0.7169811320754716,0.6792452830188679,0.6918489033086881,0.6551063234431023,149,0.6873131751967791,149,0.53426075,0.60986507,3
hotel_14,2023-04-18,0.8867924528301887,150,0.7169811320754716,0.7830188679245284,0.7607598135316785,0.7408713026576794,150,0.7413991730917161,150,0.66916037,0.7274921,3
hotel_14,2023-04-19,0.8773584905660378,151,0.7169811320754716,0.8679245283018868,0.7931108237643463,0.7644930175278304,151,0.7641620563106061,151,0.69086754,0.76244944,3
hotel_14,2023-04-20,0.7924528301886793,152,0.7169811320754716,0.7264150943396226,0.7155421097012631,0.7204528302132626,152,0.7476170776189327,152,0.6093973,0.7024048,3
hotel_14,2023-04-21,0.8584905660377359,153,0.7169811320754716,0.7169811320754716,0.7269914559217772,0.7476532335876525,153,0.807268068589282,153,0.71699035,0.78951615,3
hotel_14,2023-04-22,0.8113207547169812,154,0.7169811320754716,0.8867924528301887,0.7786234146945519,0.7828058597207943,154,0.8803587779937264,154,0.8228855,0.8289329,3
hotel_14,2023-04-23,0.6132075471698113,155,0.7169811320754716,0.6037735849056604,0.6743879399697125,0.56104881444875,155,0.6131511657290029,155,0.4792353,0.5273693,3
hotel_14,2023-04-24,0.6981132075471698,156,0.7169811320754716,0.6792452830188679,0.699476359614603,0.6551063234431023,156,0.678095735176858,156,0.5459941,0.5952538,3
hotel_14,2023-04-25,0.7641509433962265,157,0.7169811320754716,0.7830188679245284,0.754421833365547,0.7408713026576794,157,0.7229376818607401,157,0.66246676,0.7062829,3
hotel_14,2023-04-26,0.8207547169811321,158,0.7169811320754716,0.8679245283018868,0.7736846516866774,0.7644930175278304,158,0.7519140458982142,158,0.66111195,0.7444804,3
hotel_14,2023-04-27,0.7452830188679245,159,0.7169811320754716,0.7264150943396226,0.7162651597084605,0.7204528302132626,159,0.7399607574194432,159,0.6209681,0.71384645,3
hotel_14,2023-04-28,0.8490566037735849,160,0.7169811320754716,0.7169811320754716,0.730208260701935,0.7476532335876525,160,0.804403789837751,160,0.7355842,0.7823952,3
hotel_14,2023-04-29,0.9056603773584906,161,0.7169811320754716,0.8867924528301887,0.7706282679790238,0.7828058597207943,161,0.8822268067823859,161,0.80517596,0.8242366,3
hotel_14,2023-04-30,0.8490566037735849,162,0.7169811320754716,0.6037735849056604,0.6926015525989461,0.56104881444875,162,0.636023114912367,162,0.50309694,0.5332611,3
hotel_14,2023-05-01,0.7169811320754716,163,0.7169811320754716,0.6792452830188679,0.7117206582212046,0.6551063234431023,163,0.684343897272216,163,0.584411,0.61590695,3
hotel_14,2023-05-02,0.7358490566037735,164,0.7169811320754716,0.7830188679245284,0.7508504937680697,0.7408713026576794,164,0.738689735047412,164,0.7134098,0.73011154,3
hotel_14,2023-05-03,0.839622641509434,165,0.7169811320754716,0.8679245283018868,0.766721277663172,0.7644930175278304,165,0.7467060296856488,165,0.7029717,0.7619861,3
hotel_14,2023-05-04,0.6886792452830188,166,0.7169811320754716,0.7264150943396226,0.724369906046885,0.7204528302132626,166,0.7269930521963066,166,0.616959,0.7139144,3
hotel_14,2023-05-05,0.8962264150943396,167,0.7169811320754716,0.7169811320754716,0.732713103301572,0.7476532335876525,167,0.7817176331536385,167,0.7533959,0.80176425,3
hotel_21,2023-04-08,0.9629629629629629,168,0.9675925925925926,0.9907407407407407,0.9851284747327012,0.9690272289796648,168,0.9820899167908923,168,0.9738611,0.9739646,3
hotel_21,2023-04-09,0.9583333333333334,169,0.9675925925925926,0.9629629629629629,0.9565952543738945,0.9217617994295255,169,0.9629194609206154,169,0.969138,0.96924627,3
hotel_21,2023-04-10,0.8981481481481481,170,0.9675925925925926,0.9907407407407407,0.975230652442594,0.949197794456121,170,0.9598987429615525,170,0.967366,0.9744308,3
hotel_21,2023-04-11,0.9814814814814815,171,0.9675925925925926,0.9583333333333334,0.9793394396496853,0.9631931405963134,171,0.9636961986980969,171,0.9761412,0.97961354,3
hotel_21,2023-04-12,0.9953703703703703,172,0.9675925925925926,0.9907407407407407,0.9891083505198435,0.9797555276047937,172,0.9754201010805977,172,0.9754047,0.9799271,3
hotel_21,2023-04-13,1.0,173,0.9675925925925926,0.9537037037037037,0.984958229836116,0.9793282919815647,173,0.9709150358023568,173,0.9736687,0.97965354,3
hotel_21,2023-04-14,1.0,174,0.9675925925925926,0.9675925925925926,0.9786202821570382,0.9648303655766726,174,0.9647452779185172,174,0.96979374,0.9771339,3
hotel_21,2023-04-15,0.9953703703703703,175,0.9675925925925926,0.9907407407407407,0.9863075091405032,0.9690272289796648,175,0.9782109863916941,175,0.9731733,0.97964597,3
hotel_21,2023-04-16,1.0,176,0.9675925925925926,0.9629629629629629,0.9676550901944537,0.9217617994295255,176,0.9190224729612327,176,0.9690881,0.9721972,3
hotel_21,2023-04-17,0.9490740740740741,177,0.9675925925925926,0.9907407407407407,0.9796505914984525,0.949197794456121,177,0.9467738743052005,177,0.96650964,0.97463804,3
hotel_21,2023-04-18,0.9768518518518519,178,0.9675925925925926,0.9583333333333334,0.9779495201592345,0.9631931405963134,178,0.949885868419439,178,0.9690203,0.97677606,3
hotel_21,2023-04-19,0.9953703703703703,179,0.9675925925925926,0.9907407407407407,0.9904744077453512,0.9797555276047937,179,0.9672143875139692,179,0.97536814,0.9779495,3
hotel_21,2023-04-20,0.9907407407407407,180,0.9675925925925926,0.9537037037037037,0.9818745885843458,0.9793282919815647,180,0.9578023042252041,180,0.96775067,0.9794803,3
hotel_21,2023-04-21,0.8981481481481481,181,0.9675925925925926,0.9675925925925926,0.978404497969352,0.9648303655766726,181,0.9622907462086084,181,0.96888304,0.9738189,3
hotel_21,2023-04-22,1.0,182,0.9675925925925926,0.9907407407407407,0.9868208187918481,0.9690272289796648,182,0.9690996945204048,182,0.9700697,0.973066,3
hotel_21,2023-04-23,0.9120370370370371,183,0.9675925925925926,0.9629629629629629,0.9681168476428212,0.9217617994295255,183,0.9176048759672619,183,0.96654814,0.9658026,3
hotel_21,2023-04-24,0.9907407407407407,184,0.9675925925925926,0.9907407407407407,0.9800611087075946,0.949197794456121,184,0.9378381739857308,184,0.96190196,0.96848,3
hotel_21,2023-04-25,1.0,185,0.9675925925925926,0.9583333333333334,0.9784779274180911,0.9631931405963134,185,0.9412427055843114,185,0.97170293,0.97294486,3
hotel_21,2023-04-26,0.9814814814814815,186,0.9675925925925926,0.9907407407407407,0.9901059021850278,0.9797555276047937,186,0.9499968481125948,186,0.9684213,0.9758465,3
hotel_21,2023-04-27,0.9861111111111112,187,0.9675925925925926,0.9537037037037037,0.9821177760081912,0.9793282919815647,187,0.9564950568933017,187,0.96840644,0.97485894,3
hotel_21,2023-04-28,0.9907407407407407,188,0.9675925925925926,0.9675925925925926,0.9788936477160356,0.9648303655766726,188,0.9622907462086084,188,0.9645925,0.9701229,3
hotel_21,2023-04-29,0.9861111111111112,189,0.9675925925925926,0.9907407407407407,0.9867077670630591,0.9690272289796648,189,0.9653883201368673,189,0.9663431,0.9724946,3
hotel_21,2023-04-30,0.8055555555555556,190,0.9675925925925926,0.9629629629629629,0.9693379092390153,0.9217617994295255,190,0.8860191757711128,190,0.9584907,0.96471506,3
hotel_21,2023-05-01,0.8148148148148148,191,0.9675925925925926,0.9907407407407407,0.9804286406324816,0.949197794456121,191,0.9065973144280183,191,0.95486444,0.9669202,3
hotel_21,2023-05-02,0.9166666666666666,192,0.9675925925925926,0.9583333333333334,0.9789577890367526,0.9631931405963134,192,0.9115460206217424,192,0.9679212,0.9758931,3
hotel_21,2023-05-03,0.9907407407407407,193,0.9675925925925926,0.9907407407407407,0.9897551379202908,0.9797555276047937,193,0.9190435854308432,193,0.9674604,0.9733395,3
hotel_21,2023-05-04,0.9814814814814815,194,0.9675925925925926,0.9537037037037037,0.9823368258506989,0.9793282919815647,194,0.9301240582154559,194,0.9642467,0.97199416,3
hotel_21,2023-05-05,0.9953703703703703,195,0.9675925925925926,0.9675925925925926,0.9793425160973811,0.9648303655766726,195,0.9464711268612492,195,0.9627669,0.9697607,3
hotel_28,2023-04-08,0.0,196,0.0,0.0,0.0012530234922205818,0.01551553966077349,196,0.00776826160652989,196,0.0030245632,-0.0036705583,3
hotel_28,2023-04-09,0.0,197,0.0,0.0,0.000582940072657725,0.020367422377247528,197,-0.003882480858625296,197,0.0036432855,-0.0009134561,3
hotel_28,2023-04-10,0.0,198,0.0,0.0,-0.0001228724491826363,0.013873737967241468,198,-0.004934033177039581,198,-0.002396658,-0.0017839484,3
hotel_28,2023-04-11,0.0,199,0.0,0.0,-0.00014251209363708628,0.004734481135784854,199,0.002937948096285401,199,-0.004584331,-0.0017094295,3
hotel_28,2023-04-12,0.0,200,0.0,0.0,-0.0001416543361416614,-0.0009111668423614216,200,0.0039054582102542885,200,-0.0035768822,-0.0018410324,3
hotel_28,2023-04-13,0.0,201,0.0,0.0,-0.00014327736030284434,-0.0033580347722510957,201,0.00529188142640646,201,0.0008688867,6.7893416e-05,3
hotel_28,2023-04-14,0.0,202,0.0,0.0,-0.00014401766824320212,-6.316547227497651e-05,202,0.011081786906938328,202,0.0023927465,0.0028508678,3
hotel_28,2023-04-15,0.0,203,0.0,0.0,0.001359337982526383,0.01551553966077349,203,0.011351770243843375,203,0.00459449,0.0011314042,3
hotel_28,2023-04-16,0.0,204,0.0,0.0,0.0006013954641400549,0.020367422377247528,204,-0.003882480858625296,204,0.0002850294,0.003417313,3
hotel_28,2023-04-17,0.0,205,0.0,0.0,-0.0001777185619177981,0.013873737967241468,205,-0.004934033177039581,205,-0.00614772,0.00034943596,3
hotel_28,2023-04-18,0.0,206,0.0,0.0,-0.000186528205121705,0.004734481135784854,206,0.002937948096285401,206,-0.00520527,-0.0015874822,3
hotel_28,2023-04-19,0.0,207,0.0,0.0,-0.00018591216833567238,-0.0009111668423614216,207,0.0039054582102542885,207,-0.00064910576,-0.0022786758,3
hotel_28,2023-04-20,0.0,208,0.0,0.0,-0.00018727435638606996,-0.0033580347722510957,208,0.00529188142640646,208,-0.006134361,0.0018971087,3
hotel_28,2023-04-21,0.0,209,0.0,0.0,-0.0001878959701081435,-6.316547227497651e-05,209,0.01798152342202442,209,0.0036882088,0.0009495001,3
hotel_28,2023-04-22,0.0,210,0.0,0.0,0.0009394990891938486,0.01551553966077349,210,0.01466799812161597,210,0.003111884,-0.0026874505,3
hotel_28,2023-04-23,0.0,211,0.0,0.0,0.0003675660297151502,0.020367422377247528,211,-0.003882480858625296,211,0.0012642667,-0.004408039,3
hotel_28,2023-04-24,0.0,212,0.0,0.0,-0.00022453879382384372,0.013873737967241468,212,-0.004934033177039581,212,-0.007265277,-0.004435342,3
hotel_28,2023-04-25,0.0,213,0.0,0.0,-0.00023332614698538554,0.004734481135784854,213,0.002937948096285401,213,-0.00578513,-0.0010638516,3
hotel_28,2023-04-26,0.0,214,0.0,0.0,-0.00023268250401159562,-0.0009111668423614216,214,0.0039054582102542885,214,-0.008610353,-0.004943772,3
hotel_28,2023-04-27,0.0,215,0.0,0.0,-0.00023395061334538964,-0.0033580347722510957,215,0.00529188142640646,215,-0.002959922,-0.0032130294,3
hotel_28,2023-04-28,0.0,216,0.0,0.0,-0.0002345291061524985,-6.316547227497651e-05,216,0.01798152342202442,216,-0.0018763989,-0.0039657224,3
hotel_28,2023-04-29,0.0,217,0.0,0.0,0.000905745102170517,0.01551553966077349,217,0.01466799812161597,217,-0.0022157729,-0.0061600665,3
hotel_28,2023-04-30,0.0,218,0.0,0.0,0.00032995229437735355,0.020367422377247528,218,-0.003882480858625296,218,-0.0058885813,-0.0051740827,3
hotel_28,2023-05-01,0.0,219,0.0,0.0,-0.00026299636481508324,0.013873737967241468,219,-0.004597098016113416,219,-0.013386071,-0.006061664,3
hotel_28,2023-05-02,0.0,220,0.0,0.0,-0.0002702356735749254,0.004734481135784854,220,0.0024150219014466684,220,-0.0067608953,-0.0026109386,3
hotel_28,2023-05-03,0.0,221,0.0,0.0,-0.0002697219932728648,-0.0009111668423614216,221,0.003382532015415557,221,-0.005094409,-0.0052183717,3
hotel_28,2023-05-04,0.0,222,0.0,0.0,-0.00027081820762387695,-0.0033580347722510957,222,0.0047689552315677295,222,-0.009483129,-0.0072331782,3
hotel_28,2023-05-05,0.0,223,0.0,0.0,-0.00027131839987392173,-6.316547227497651e-05,223,0.017458597227185693,223,-0.0030040145,-0.005917607,3
hotel_35,2023-04-08,0.50390625,224,0.48828125,0.82421875,0.4861264747600006,0.48246937962461345,224,0.641033357447465,224,0.5224543,0.5214694,3
hotel_35,2023-04-09,0.443359375,225,0.48828125,0.74609375,0.44152814627365405,0.450072884958907,225,0.5151018422312403,225,0.50491536,0.52655447,3
hotel_35,2023-04-10,0.548828125,226,0.48828125,0.634765625,0.44730528898887834,0.5247194276666646,226,0.5953471282929991,226,0.57519776,0.62915444,3
hotel_35,2023-04-11,0.640625,227,0.48828125,0.5078125,0.450063078079782,0.5776931754642675,227,0.6804237540201353,227,0.6612687,0.69761485,3
hotel_35,2023-04-12,0.826171875,228,0.48828125,0.474609375,0.44161211947424833,0.5649783925862697,228,0.7503720055858591,228,0.66932493,0.7180041,3
hotel_35,2023-04-13,0.880859375,229,0.48828125,0.5078125,0.431696539188964,0.5239331338444682,229,0.7191664912568917,229,0.63860756,0.68550694,3
hotel_35,2023-04-14,0.8203125,230,0.48828125,0.48828125,0.42778733709954286,0.48896796182663194,230,0.7797147954594582,230,0.6310066,0.6720012,3
hotel_35,2023-04-15,0.681640625,231,0.48828125,0.82421875,0.4258901453209032,0.48246937962461345,231,0.8327387786814177,231,0.61210436,0.651611,3
hotel_35,2023-04-16,0.65234375,232,0.48828125,0.74609375,0.38662313474146476,0.450072884958907,232,0.5876499094912637,232,0.559728,0.5974804,3
hotel_35,2023-04-17,0.72265625,233,0.48828125,0.634765625,0.391709673448562,0.5247194276666646,233,0.680746240548671,233,0.6112987,0.66652185,3
hotel_35,2023-04-18,0.845703125,234,0.48828125,0.5078125,0.3941377943464456,0.5776931754642675,234,0.7371460705911366,234,0.6826152,0.7299449,3
hotel_35,2023-04-19,0.890625,235,0.48828125,0.474609375,0.38669706972217005,0.5649783925862697,235,0.7402534767372501,235,0.7010055,0.74759597,3
hotel_35,2023-04-20,0.88671875,236,0.48828125,0.5078125,0.37796680540110406,0.5239331338444682,236,0.7159190327794054,236,0.69032043,0.7235669,3
hotel_35,2023-04-21,0.806640625,237,0.48828125,0.48828125,0.37452491228509954,0.48896796182663194,237,0.7233084543942396,237,0.66870135,0.6981143,3
hotel_35,2023-04-22,0.640625,238,0.48828125,0.82421875,0.3728545122460964,0.48246937962461345,238,0.7738769027346427,238,0.6604309,0.65172863,3
hotel_35,2023-04-23,0.63671875,239,0.48828125,0.74609375,0.33828150980010174,0.450072884958907,239,0.5572862462596592,239,0.5828961,0.60059154,3
hotel_35,2023-04-24,0.828125,240,0.48828125,0.634765625,0.34275999982435135,0.5247194276666646,240,0.6933889386928215,240,0.59268683,0.6588431,3
hotel_35,2023-04-25,0.806640625,241,0.48828125,0.5078125,0.34489786131426214,0.5776931754642675,241,0.7469261914241678,241,0.6789051,0.7135017,3
hotel_35,2023-04-26,0.84765625,242,0.48828125,0.474609375,0.3383466065373132,0.5649783925862697,242,0.7548715318112674,242,0.67820144,0.7082203,3
hotel_35,2023-04-27,0.76953125,243,0.48828125,0.5078125,0.33065996461391595,0.5239331338444682,243,0.7322572303144901,243,0.64932585,0.6957162,3
hotel_35,2023-04-28,0.78125,244,0.48828125,0.48828125,0.32762951800332557,0.48896796182663194,244,0.7818242480485669,244,0.6397889,0.66509944,3
hotel_35,2023-04-29,0.880859375,245,0.48828125,0.82421875,0.3261587988479314,0.48246937962461345,245,0.8590826848419858,245,0.61099774,0.61618394,3
hotel_35,2023-04-30,0.923828125,246,0.48828125,0.74609375,0.29571867925408973,0.450072884958907,246,0.6032832093502708,246,0.5329615,0.57017916,3
hotel_35,2023-05-01,0.830078125,247,0.48828125,0.634765625,0.2996618071947693,0.5247194276666646,247,0.6775101101640141,247,0.5634659,0.64652735,3
hotel_35,2023-05-02,0.802734375,248,0.48828125,0.5078125,0.301544107105794,0.5776931754642675,248,0.7069028801761598,248,0.65185404,0.72348905,3
hotel_35,2023-05-03,0.61328125,249,0.48828125,0.474609375,0.2957759942781169,0.5649783925862697,249,0.6992488107390095,249,0.6666908,0.7143984,3
hotel_35,2023-05-04,0.578125,250,0.48828125,0.5078125,0.289008219341915,0.5239331338444682,250,0.687812535104688,250,0.6499412,0.6875372,3
hotel_35,2023-05-05,0.669921875,251,0.48828125,0.48828125,0.2863400346103974,0.48896796182663194,251,0.7160888495351296,251,0.6501267,0.6590072,3
hotel_42,2023-04-08,0.26720647773279355,252,0.5060728744939271,1.008097165991903,0.7430830461477143,0.7251467989205168,252,0.6999810042813222,252,0.6450759,0.6361619,3
hotel_42,2023-04-09,0.12955465587044535,253,0.5060728744939271,0.31983805668016196,0.6430637623146874,0.37083728428387797,253,0.4105588917001844,253,0.44296244,0.4927668,3
hotel_42,2023-04-10,0.2631578947368421,254,0.5060728744939271,0.5020242914979757,0.7042174730227291,0.4443570467969137,254,0.5542091109328616,254,0.7150856,0.6248673,3
hotel_42,2023-04-11,0.3360323886639676,255,0.5060728744939271,0.9595141700404858,0.7705669100228337,0.5511916725991541,255,0.6467278964862738,255,0.84917086,0.849026,3
hotel_42,2023-04-12,0.5182186234817814,256,0.5060728744939271,0.728744939271255,0.6362875723996679,0.5291169250098472,256,0.6812760020538153,256,0.78224266,0.7959702,3
hotel_42,2023-04-13,0.6558704453441295,257,0.5060728744939271,0.6882591093117408,0.6105471996075609,0.5348159804816088,257,0.6821212982663598,257,0.8010649,0.748756,3
hotel_42,2023-04-14,0.8218623481781376,258,0.5060728744939271,0.5060728744939271,0.540091633215562,0.5984641148465754,258,0.6846209609720904,258,0.9181936,0.79176253,3
hotel_42,2023-04-15,0.8380566801619433,259,0.5060728744939271,1.008097165991903,0.762189778925106,0.7251467989205168,259,0.8668700897917763,259,0.92183244,0.8708601,3
hotel_42,2023-04-16,0.6882591093117408,260,0.5060728744939271,0.31983805668016196,0.5547594548314502,0.37083728428387797,260,0.5621547785085282,260,0.6763965,0.6619593,3
hotel_42,2023-04-17,0.9595141700404858,261,0.5060728744939271,0.5020242914979757,0.6164467744435442,0.4443570467969137,261,0.5750548963048757,261,0.77288353,0.71405464,3
hotel_42,2023-04-18,0.8825910931174089,262,0.5060728744939271,0.9595141700404858,0.7543462134971417,0.5511916725991541,262,0.6986137980083161,262,0.933684,0.8830873,3
hotel_42,2023-04-19,0.9838056680161943,263,0.5060728744939271,0.728744939271255,0.6651916966907873,0.5291169250098472,263,0.7237584897475471,263,0.8068342,0.8322081,3
hotel_42,2023-04-20,0.9352226720647774,264,0.5060728744939271,0.6882591093117408,0.6491268658193317,0.5348159804816088,264,0.7275516015922746,264,0.77700114,0.772756,3
hotel_42,2023-04-21,0.6356275303643725,265,0.5060728744939271,0.5060728744939271,0.5856529948287538,0.5984641148465754,265,0.722462885205842,265,0.9378816,0.8422074,3
hotel_42,2023-04-22,0.8340080971659919,266,0.5060728744939271,1.008097165991903,0.6935919738376459,0.7251467989205168,266,0.8090270688084344,266,1.02797,0.9140915,3
hotel_42,2023-04-23,0.5060728744939271,267,0.5060728744939271,0.31983805668016196,0.6259322949800503,0.37083728428387797,267,0.41935821441612436,267,0.73544335,0.7125699,3
hotel_42,2023-04-24,0.7894736842105263,268,0.5060728744939271,0.5020242914979757,0.6546347546392757,0.4443570467969137,268,0.5110266910685065,268,0.8484578,0.74605757,3
hotel_42,2023-04-25,0.9352226720647774,269,0.5060728744939271,0.9595141700404858,0.6995757513178388,0.5511916725991541,269,0.6329935884386501,269,0.8907152,0.8871176,3
hotel_42,2023-04-26,1.0,270,0.5060728744939271,0.728744939271255,0.6455539994373752,0.5291169250098472,270,0.677256065217264,270,0.76571167,0.82356626,3
hotel_42,2023-04-27,1.0161943319838056,271,0.5060728744939271,0.6882591093117408,0.6353978149821828,0.5348159804816088,271,0.6979112713331913,271,0.7851714,0.78036547,3
hotel_42,2023-04-28,0.951417004048583,272,0.5060728744939271,0.5060728744939271,0.6038066628030514,0.5984641148465754,272,0.7022717400551691,272,0.87272453,0.8073003,3
hotel_42,2023-04-29,0.7044534412955465,273,0.5060728744939271,1.008097165991903,0.685473722447753,0.7251467989205168,273,0.7636149968599522,273,0.99973905,0.91103375,3
hotel_42,2023-04-30,0.44129554655870445,274,0.5060728744939271,0.31983805668016196,0.6156461199442542,0.37083728428387797,274,0.5250461927805992,274,0.6551809,0.6600927,3
hotel_42,2023-05-01,0.7004048582995951,275,0.5060728744939271,0.5020242914979757,0.6380806044600901,0.4443570467969137,275,0.5262738736830344,275,0.7828052,0.7611513,3
hotel_42,2023-05-02,0.9149797570850202,276,0.5060728744939271,0.9595141700404858,0.6844943149775695,0.5511916725991541,276,0.6739442069672906,276,0.88829577,0.9118381,3
hotel_42,2023-05-03,0.9554655870445344,277,0.5060728744939271,0.728744939271255,0.6496323817427192,0.5291169250098472,277,0.6827583396620684,277,0.7743335,0.8236825,3
hotel_42,2023-05-04,0.8461538461538461,278,0.5060728744939271,0.6882591093117408,0.643268531914807,0.5348159804816088,278,0.6892538393380145,278,0.6836218,0.756633,3
hotel_42,2023-05-05,0.9919028340080972,279,0.5060728744939271,0.5060728744939271,0.6197842570937919,0.5984641148465754,279,0.7201008347682947,279,0.769999,0.7885247,3
hotel_49,2023-04-08,0.7554585152838428,280,0.8253275109170306,0.8209606986899564,0.8250836655016888,0.8429025601814342,280,0.8693160295159201,280,0.83094066,0.83855605,3
hotel_49,2023-04-09,0.6200873362445415,281,0.8253275109170306,0.8253275109170306,0.8272653330947438,0.7522693009199686,281,0.7338416661896076,281,0.8260727,0.8281007,3
hotel_49,2023-04-10,0.74235807860262,282,0.8253275109170306,0.8209606986899564,0.8233288956055548,0.7404784297296299,282,0.7844028013720735,282,0.81800467,0.82754433,3
hotel_49,2023-04-11,0.7554585152838428,283,0.8253275109170306,0.8165938864628821,0.8215294720619093,0.7639533443979304,283,0.8308235646800285,283,0.8219814,0.83955836,3
hotel_49,2023-04-12,0.8078602620087336,284,0.8253275109170306,0.8209606986899564,0.8292012023338537,0.7666754904223503,284,0.8428404723502197,284,0.83559024,0.83994734,3
hotel_49,2023-04-13,0.8209606986899564,285,0.8253275109170306,0.8253275109170306,0.8309517046870212,0.7793015261815247,285,0.8401537924515656,285,0.83186203,0.84740925,3
hotel_49,2023-04-14,0.8165938864628821,286,0.8253275109170306,0.8253275109170306,0.8310119315747049,0.8318480029275368,286,0.8594841201718879,286,0.83032954,0.84893596,3
hotel_49,2023-04-15,0.8165938864628821,287,0.8253275109170306,0.8209606986899564,0.8299306494067848,0.8429025601814342,287,0.893788998301632,287,0.8348001,0.8535843,3
hotel_49,2023-04-16,0.5938864628820961,288,0.8253275109170306,0.8253275109170306,0.8313937306198096,0.7522693009199686,288,0.7277779155637237,288,0.8171866,0.8345182,3
hotel_49,2023-04-17,0.6462882096069869,289,0.8253275109170306,0.8209606986899564,0.8295612901683317,0.7404784297296299,289,0.7959437337310866,289,0.8112156,0.83136076,3
hotel_49,2023-04-18,0.7947598253275109,290,0.8253275109170306,0.8165938864628821,0.8282828446576201,0.7639533443979304,290,0.8409019191830567,290,0.8098372,0.8410523,3
hotel_49,2023-04-19,0.8078602620087336,291,0.8253275109170306,0.8209606986899564,0.8308075617911195,0.7666754904223503,291,0.8442604748966824,291,0.82607156,0.84028995,3
hotel_49,2023-04-20,0.7685589519650655,292,0.8253275109170306,0.8253275109170306,0.8321585004499353,0.7793015261815247,292,0.8401537924515656,292,0.8161695,0.8501577,3
hotel_49,2023-04-21,0.759825327510917,293,0.8253275109170306,0.8253275109170306,0.8321403458147703,0.8318480029275368,293,0.8738940708155231,293,0.82464844,0.84993684,3
hotel_49,2023-04-22,0.7816593886462883,294,0.8253275109170306,0.8209606986899564,0.8318862143703825,0.8429025601814342,294,0.8997511230773637,294,0.8225261,0.848583,3
hotel_49,2023-04-23,0.7248908296943232,295,0.8253275109170306,0.8253275109170306,0.8326440979918523,0.7522693009199686,295,0.6811022676418775,295,0.80701256,0.832759,3
hotel_49,2023-04-24,0.7641921397379913,296,0.8253275109170306,0.8209606986899564,0.8314252511632932,0.7404784297296299,296,0.7319266433581724,296,0.8057146,0.82930523,3
hotel_49,2023-04-25,0.759825327510917,297,0.8253275109170306,0.8165938864628821,0.8307479699263257,0.7639533443979304,297,0.7869272112785832,297,0.8122244,0.8406534,3
hotel_49,2023-04-26,0.4672489082969432,298,0.8253275109170306,0.8209606986899564,0.8329575209670002,0.7666754904223503,298,0.7979187752096258,298,0.8156946,0.84099483,3
hotel_49,2023-04-27,0.7903930131004366,299,0.8253275109170306,0.8253275109170306,0.8336083889453485,0.7793015261815247,299,0.7978803057730368,299,0.8242173,0.8507491,3
hotel_49,2023-04-28,0.74235807860262,300,0.8253275109170306,0.8253275109170306,0.8336292509233105,0.8318480029275368,300,0.8712865528829671,300,0.82687074,0.8489694,3
hotel_49,2023-04-29,0.74235807860262,301,0.8253275109170306,0.8209606986899564,0.8333313415631712,0.8429025601814342,301,0.8965616498493667,301,0.8236702,0.85250974,3
hotel_49,2023-04-30,0.7336244541484717,302,0.8253275109170306,0.8253275109170306,0.8338169675387438,0.7522693009199686,302,0.645716751245285,302,0.8099089,0.8335697,3
hotel_49,2023-05-01,0.5633187772925764,303,0.8253275109170306,0.8209606986899564,0.8331551814945543,0.7404784297296299,303,0.7290868711763374,303,0.80010366,0.83332974,3
hotel_49,2023-05-02,0.5545851528384279,304,0.8253275109170306,0.8165938864628821,0.832742033958919,0.7639533443979304,304,0.7932446472871343,304,0.8068085,0.8416585,3
hotel_49,2023-05-03,0.6375545851528385,305,0.8253275109170306,0.8209606986899564,0.8337494424189906,0.7666754904223503,305,0.8145428941610094,305,0.8164062,0.8417291,3
hotel_49,2023-05-04,0.7467248908296943,306,0.8253275109170306,0.8253275109170306,0.8341844171811118,0.7793015261815247,306,0.8049957567949092,306,0.81332844,0.85273814,3
hotel_49,2023-05-05,0.7379912663755459,307,0.8253275109170306,0.8253275109170306,0.834180506888485,0.8318480029275368,307,0.8870035448926684,307,0.8250514,0.85390645,3
hotel_56,2023-04-08,1.0,308,0.9833333333333333,1.0,0.9751090755159825,1.0208258409596045,308,0.9916013875130208,308,0.98917234,0.98908514,3
hotel_56,2023-04-09,0.9166666666666666,309,0.9833333333333333,1.0,0.9497615296022792,0.8941177288023681,309,0.9355767571490994,309,0.95475954,0.96316147,3
hotel_56,2023-04-10,0.9833333333333333,310,0.9833333333333333,1.0,0.9684629683059317,0.9115102015909258,310,0.9686963109006437,310,0.9687169,0.9798682,3
hotel_56,2023-04-11,1.0,311,0.9833333333333333,1.0,0.9657479451575702,0.9493739790485953,311,0.9801228928013092,311,0.9908468,1.0016391,3
hotel_56,2023-04-12,1.0,312,0.9833333333333333,1.0,0.966605611298667,0.972200835709424,312,0.9890752322343139,312,0.9836454,0.99562293,3
hotel_56,2023-04-13,1.0,313,0.9833333333333333,0.9666666666666667,0.9565644985687021,0.9832043680317467,313,0.9789041046953586,313,0.9808757,0.99348205,3
hotel_56,2023-04-14,1.0,314,0.9833333333333333,0.9833333333333333,0.9612357680351092,1.0005818727302267,314,0.9894987639984053,314,0.9837766,0.9927325,3
hotel_56,2023-04-15,1.0083333333333333,315,0.9833333333333333,1.0,0.9587472306297891,1.0208258409596045,315,0.9945082807345416,315,0.9828816,0.9924041,3
hotel_56,2023-04-16,0.9916666666666667,316,0.9833333333333333,1.0,0.9513197482803748,0.8941177288023681,316,0.9529105276816051,316,0.947688,0.960353,3
hotel_56,2023-04-17,0.9916666666666667,317,0.9833333333333333,1.0,0.9567362179938419,0.9115102015909258,317,0.9547307096671929,317,0.9666146,0.9800894,3
hotel_56,2023-04-18,1.0,318,0.9833333333333333,1.0,0.9559320001635209,0.9493739790485953,318,0.96680733270943,318,0.9761785,0.99428344,3
hotel_56,2023-04-19,1.0,319,0.9833333333333333,1.0,0.9561742095439292,0.972200835709424,319,0.9739185011785386,319,0.9801359,0.98994243,3
hotel_56,2023-04-20,0.8416666666666667,320,0.9833333333333333,0.9666666666666667,0.9472479074435912,0.9832043680317467,320,0.9734058184660658,320,0.96844035,0.9902064,3
hotel_56,2023-04-21,1.0083333333333333,321,0.9833333333333333,0.9833333333333333,0.9516053695025349,1.0005818727302267,321,0.986903669417537,321,0.9855623,0.99197394,3
hotel_56,2023-04-22,1.0,322,0.9833333333333333,1.0,0.9493996395484592,1.0208258409596045,322,0.9916013875130208,322,0.9861846,0.9871767,3
hotel_56,2023-04-23,0.8583333333333333,323,0.9833333333333333,1.0,0.9426747951716372,0.8941177288023681,323,0.9126170892740995,323,0.9473178,0.9529002,3
hotel_56,2023-04-24,1.0,324,0.9833333333333333,1.0,0.9476171665184576,0.9115102015909258,324,0.9260684902811132,324,0.9597973,0.96885085,3
hotel_56,2023-04-25,1.0,325,0.9833333333333333,1.0,0.946894239600119,0.9493739790485953,325,0.9438907928996825,325,0.9771663,0.9885581,3
hotel_56,2023-04-26,1.0,326,0.9833333333333333,1.0,0.9471190269808457,0.972200835709424,326,0.9665040107519742,326,0.9712638,0.98343134,3
hotel_56,2023-04-27,0.95,327,0.9833333333333333,0.9666666666666667,0.9427136261002327,0.9832043680317467,327,0.9667987643306611,327,0.97334576,0.9849707,3
hotel_56,2023-04-28,1.0,328,0.9833333333333333,0.9833333333333333,0.9448226484735496,1.0005818727302267,328,0.9790512585695178,328,0.9832694,0.9867046,3
hotel_56,2023-04-29,0.9916666666666667,329,0.9833333333333333,1.0,0.9437327324952391,1.0208258409596045,329,0.9920547591908377,329,0.9754543,0.98493344,3
hotel_56,2023-04-30,0.725,330,0.9833333333333333,1.0,0.9404385466274966,0.8941177288023681,330,0.935409775121579,330,0.9330723,0.95061433,3
hotel_56,2023-05-01,0.7916666666666666,331,0.9833333333333333,1.0,0.9428519601991036,0.9115102015909258,331,0.9413453949694232,331,0.9478491,0.9692316,3
hotel_56,2023-05-02,0.9666666666666667,332,0.9833333333333333,1.0,0.9424967948626699,0.9493739790485953,332,0.9541421270590991,332,0.97508204,0.9957958,3
hotel_56,2023-05-03,1.0,333,0.9833333333333333,1.0,0.9426058148174044,0.972200835709424,333,0.9600222592811429,333,0.97093964,0.98551977,3
hotel_56,2023-05-04,0.975,334,0.9833333333333333,0.9666666666666667,0.9397169157666211,0.9832043680317467,334,0.9509597907942792,334,0.9691963,0.98583317,3
hotel_56,2023-05-05,0.9916666666666667,335,0.9833333333333333,0.9833333333333333,0.9411150762066962,1.0005818727302267,335,0.9656852927292425,335,0.978616,0.9862005,3
hotel_63,2023-04-08,0.8933333333333333,336,0.8666666666666667,0.9777777777777777,0.8644340469831169,0.9433775114638809,336,0.9362201281161164,336,0.8934281,0.89407164,3
hotel_63,2023-04-09,0.5688888888888889,337,0.8666666666666667,0.6222222222222222,0.6515968024701493,0.6612122181820597,337,0.6306411034968704,337,0.5657606,0.6137346,3
hotel_63,2023-04-10,0.7022222222222222,338,0.8666666666666667,0.8444444444444444,0.8290025231096484,0.6698040765928308,338,0.6891413848348363,338,0.6666576,0.69881946,3
hotel_63,2023-04-11,0.7244444444444444,339,0.8666666666666667,0.8133333333333334,0.8410265926148369,0.7329893302079129,339,0.7876848510860185,339,0.805327,0.79165614,3
hotel_63,2023-04-12,0.7955555555555556,340,0.8666666666666667,0.7244444444444444,0.7671586833041595,0.7441264629229638,340,0.808667072326631,340,0.73473746,0.77579,3
hotel_63,2023-04-13,0.8222222222222222,341,0.8666666666666667,0.7911111111111111,0.7787512768004119,0.7510310418893741,341,0.8015663757239613,341,0.6983107,0.777045,3
hotel_63,2023-04-14,1.008888888888889,342,0.8666666666666667,0.8666666666666667,0.8710564904531369,0.8912269835073008,342,0.8740947470411287,342,0.76823676,0.8508829,3
hotel_63,2023-04-15,1.0044444444444445,343,0.8666666666666667,0.9777777777777777,0.8660219753655088,0.9433775114638809,343,0.9075290950118728,343,0.85736126,0.86397946,3
hotel_63,2023-04-16,0.3466666666666667,344,0.8666666666666667,0.6222222222222222,0.7115472247471362,0.6612122181820597,344,0.6000302589105101,344,0.5294572,0.58931744,3
hotel_63,2023-04-17,0.4533333333333333,345,0.8666666666666667,0.8444444444444444,0.8234162217532396,0.6698040765928308,345,0.6725695339336233,345,0.65020406,0.6746294,3
hotel_63,2023-04-18,0.5688888888888889,346,0.8666666666666667,0.8133333333333334,0.8193986983356967,0.7329893302079129,346,0.727276201336302,346,0.76166517,0.7650772,3
hotel_63,2023-04-19,0.8533333333333334,347,0.8666666666666667,0.7244444444444444,0.7738876175671159,0.7441264629229638,347,0.7550663580853695,347,0.74589926,0.75025797,3
hotel_63,2023-04-20,0.8933333333333333,348,0.8666666666666667,0.7911111111111111,0.7940735137677901,0.7510310418893741,348,0.744609648962894,348,0.72171783,0.7575262,3
hotel_63,2023-04-21,0.9288888888888889,349,0.8666666666666667,0.8666666666666667,0.8413489123028489,0.8912269835073008,349,0.8396748499114507,349,0.8484105,0.8537024,3
hotel_63,2023-04-22,0.9511111111111111,350,0.8666666666666667,0.9777777777777777,0.8388915202869551,0.9433775114638809,350,0.8844899357448367,350,0.8978104,0.85372174,3
hotel_63,2023-04-23,0.48,351,0.8666666666666667,0.6222222222222222,0.7369407061579244,0.6612122181820597,351,0.6222718626771968,351,0.52770436,0.5873177,3
hotel_63,2023-04-24,0.4222222222222222,352,0.8666666666666667,0.8444444444444444,0.816348984747115,0.6698040765928308,352,0.7062731213469075,352,0.618598,0.6510235,3
hotel_63,2023-04-25,0.5066666666666667,353,0.8666666666666667,0.8133333333333334,0.8181157931973896,0.7329893302079129,353,0.705478837536129,353,0.7435255,0.74990577,3
hotel_63,2023-04-26,0.5155555555555555,354,0.8666666666666667,0.7244444444444444,0.7853567138233547,0.7441264629229638,354,0.7116282468061494,354,0.6776885,0.7417433,3
hotel_63,2023-04-27,0.5333333333333333,355,0.8666666666666667,0.7911111111111111,0.7946330623461206,0.7510310418893741,355,0.716566475665715,355,0.6864392,0.7576153,3
hotel_63,2023-04-28,0.8888888888888888,356,0.8666666666666667,0.8666666666666667,0.8328181244292788,0.8912269835073008,356,0.784175333260778,356,0.79692614,0.84252733,3
hotel_63,2023-04-29,0.9466666666666667,357,0.8666666666666667,0.9777777777777777,0.8309706763710426,0.9433775114638809,357,0.8677755769924397,357,0.851323,0.8415554,3
hotel_63,2023-04-30,0.6711111111111111,358,0.8666666666666667,0.6222222222222222,0.7604987598821699,0.6612122181820597,358,0.636023114912367,358,0.58811337,0.5983064,3
hotel_63,2023-05-01,0.5955555555555555,359,0.8666666666666667,0.8444444444444444,0.8136093832884295,0.6698040765928308,359,0.723044584914171,359,0.6931506,0.66939723,3
hotel_63,2023-05-02,0.5866666666666667,360,0.8666666666666667,0.8133333333333334,0.8133378789504428,0.7329893302079129,360,0.7739018907235973,360,0.7956517,0.77469504,3
hotel_63,2023-05-03,0.6444444444444445,361,0.8666666666666667,0.7244444444444444,0.7918728650558735,0.7441264629229638,361,0.799881603610917,361,0.7067861,0.74157494,3
hotel_63,2023-05-04,0.56,362,0.8666666666666667,0.7911111111111111,0.80004842322307,0.7510310418893741,362,0.7954104287173395,362,0.7198598,0.7572281,3
hotel_63,2023-05-05,0.8933333333333333,363,0.8666666666666667,0.8666666666666667,0.8240083970100703,0.8912269835073008,363,0.8634887910142739,363,0.82731605,0.8390471,3
hotel_7,2023-04-08,0.3322475570032573,364,0.5781758957654723,0.3534201954397394,0.5019264007671158,0.49917202460710874,364,0.5126711595812123,364,0.48665476,0.506658,3
hotel_7,2023-04-09,0.3762214983713355,365,0.5781758957654723,0.3697068403908795,0.5024550790844815,0.4850482660004323,365,0.4503838656223411,365,0.4749517,0.47361293,3
hotel_7,2023-04-10,0.28664495114006516,366,0.5781758957654723,0.20358306188925082,0.3608133948863327,0.3235518338621844,366,0.4120705874058966,366,0.32847703,0.2959843,3
hotel_7,2023-04-11,0.255700325732899,367,0.5781758957654723,0.24267100977198697,0.3759474968999461,0.35748807736358224,367,0.3828302353115453,367,0.31325564,0.30076957,3
hotel_7,2023-04-12,0.30618892508143325,368,0.5781758957654723,0.48534201954397393,0.516758789863563,0.5135680788040389,368,0.3848621241683368,368,0.41475803,0.37988412,3
hotel_7,2023-04-13,0.3306188925081433,369,0.5781758957654723,0.4771986970684039,0.5097027675852165,0.5050555044357664,369,0.3958181488373972,369,0.42520887,0.41458106,3
hotel_7,2023-04-14,0.46579804560260585,370,0.5781758957654723,0.5781758957654723,0.5894491212982457,0.5808296965099659,370,0.5221396487334633,370,0.48319262,0.44245148,3
hotel_7,2023-04-15,0.34527687296416937,371,0.5781758957654723,0.3534201954397394,0.5158371374901766,0.49917202460710874,371,0.49096636017553424,371,0.4537944,0.4113822,3
hotel_7,2023-04-16,0.34201954397394135,372,0.5781758957654723,0.3697068403908795,0.5139890312206145,0.4850482660004323,372,0.44373837023440554,372,0.4817201,0.4187584,3
hotel_7,2023-04-17,0.19543973941368079,373,0.5781758957654723,0.20358306188925082,0.3756309960886599,0.3235518338621844,373,0.3938782022895488,373,0.28884634,0.25588453,3
hotel_7,2023-04-18,0.19381107491856678,374,0.5781758957654723,0.24267100977198697,0.38814712477946595,0.35748807736358224,374,0.392378087443172,374,0.28972918,0.27442366,3
hotel_7,2023-04-19,0.2719869706840391,375,0.5781758957654723,0.48534201954397393,0.5111042893285777,0.5135680788040389,375,0.4014702339895067,375,0.4088413,0.36826608,3
hotel_7,2023-04-20,0.3338762214983713,376,0.5781758957654723,0.4771986970684039,0.506162947836842,0.5050555044357664,376,0.4215567260065868,376,0.37488854,0.38720882,3
hotel_7,2023-04-21,0.5390879478827362,377,0.5781758957654723,0.5781758957654723,0.5834415709736747,0.5808296965099659,377,0.5059397484044316,377,0.36524564,0.4128878,3
hotel_7,2023-04-22,0.5618892508143323,378,0.5781758957654723,0.3534201954397394,0.5103400596695378,0.49917202460710874,378,0.5023592729261837,378,0.3616966,0.40598017,3
hotel_7,2023-04-23,0.6465798045602605,379,0.5781758957654723,0.3697068403908795,0.5092467578750001,0.4850482660004323,379,0.45284456852369875,379,0.38654983,0.39939052,3
hotel_7,2023-04-24,0.5228013029315961,380,0.5781758957654723,0.20358306188925082,0.3715725603755518,0.3235518338621844,380,0.4011940041673733,380,0.26717842,0.25930387,3
hotel_7,2023-04-25,0.5211726384364821,381,0.5781758957654723,0.24267100977198697,0.3846778531999708,0.35748807736358224,381,0.4181476856760858,381,0.25108138,0.26643676,3
hotel_7,2023-04-26,0.7084690553745928,382,0.5781758957654723,0.48534201954397393,0.5081391307509968,0.5135680788040389,382,0.4283263971729213,382,0.37428325,0.3629024,3
hotel_7,2023-04-27,0.6514657980456026,383,0.5781758957654723,0.4771986970684039,0.5036287087035003,0.5050555044357664,383,0.42249214541093144,383,0.37568766,0.38516352,3
hotel_7,2023-04-28,0.7231270358306189,384,0.5781758957654723,0.5781758957654723,0.5812756338517614,0.5808296965099659,384,0.46394625527723954,384,0.39418715,0.39420226,3
hotel_7,2023-04-29,0.6205211726384365,385,0.5781758957654723,0.3534201954397394,0.5084888999359238,0.49917202460710874,385,0.4651894095958066,385,0.3868798,0.38316074,3
hotel_7,2023-04-30,0.6579804560260586,386,0.5781758957654723,0.3697068403908795,0.5076646287824987,0.4850482660004323,386,0.4390184842625592,386,0.3646354,0.39853713,3
hotel_7,2023-05-01,0.5407166123778502,387,0.5781758957654723,0.20358306188925082,0.37022036348169407,0.3235518338621844,387,0.3848774978032724,387,0.26306525,0.25471652,3
hotel_7,2023-05-02,0.6074918566775245,388,0.5781758957654723,0.24267100977198697,0.3835221722596599,0.35748807736358224,388,0.3998319213676908,388,0.3080873,0.26259628,3
hotel_7,2023-05-03,0.755700325732899,389,0.5781758957654723,0.48534201954397393,0.507151405929552,0.5135680788040389,389,0.4294379928421809,389,0.3840955,0.34761247,3
hotel_7,2023-05-04,0.749185667752443,390,0.5781758957654723,0.4771986970684039,0.5027845307917236,0.5050555044357664,390,0.4290532692170299,390,0.36519045,0.38066056,3
hotel_7,2023-05-05,0.760586319218241,391,0.5781758957654723,0.5781758957654723,0.5805541410520901,0.5808296965099659,391,0.4457646907961792,391,0.4026041,0.41652718,3
hotel_70,2023-04-08,0.2850877192982456,392,0.3157894736842105,0.4517543859649123,0.3435319430312076,0.3474219498401573,392,0.3564358586522426,392,0.3528358,0.35134652,3
hotel_70,2023-04-09,0.2543859649122807,393,0.3157894736842105,0.36403508771929827,0.31682340084002597,0.23211379521067851,393,0.31455488002905463,393,0.29660875,0.29410595,3
hotel_70,2023-04-10,0.35526315789473684,394,0.3157894736842105,0.45614035087719296,0.3423145372719977,0.22431768814779332,394,0.33881232694229796,394,0.38084525,0.35982764,3
hotel_70,2023-04-11,0.4298245614035088,395,0.3157894736842105,0.4517543859649123,0.35138681339665073,0.21026250646154263,395,0.375019489517817,395,0.40769076,0.41127595,3
hotel_70,2023-04-12,0.44298245614035087,396,0.3157894736842105,0.4342105263157895,0.3261461000326252,0.2267569370538569,396,0.39461383998222194,396,0.3913921,0.40663436,3
hotel_70,2023-04-13,0.37719298245614036,397,0.3157894736842105,0.42105263157894735,0.3468172031020484,0.25972103392983786,397,0.40705495497314875,397,0.40668565,0.43085802,3
hotel_70,2023-04-14,0.37719298245614036,398,0.3157894736842105,0.3157894736842105,0.2909405123641196,0.3085947717587414,398,0.4260719520555588,398,0.39134678,0.4286941,3
hotel_70,2023-04-15,0.36403508771929827,399,0.3157894736842105,0.4517543859649123,0.3220569684588608,0.3474219498401573,399,0.412907102796799,399,0.40505555,0.427587,3
hotel_70,2023-04-16,0.2850877192982456,400,0.3157894736842105,0.36403508771929827,0.28734331520509915,0.23211379521067851,400,0.30840030832867577,400,0.35785037,0.34178448,3
hotel_70,2023-04-17,0.40350877192982454,401,0.3157894736842105,0.45614035087719296,0.322977272130215,0.22431768814779332,401,0.30289456952808563,401,0.40702698,0.38275766,3
hotel_70,2023-04-18,0.3201754385964912,402,0.3157894736842105,0.4517543859649123,0.3245658268937342,0.21026250646154263,402,0.34838309265299383,402,0.43268842,0.44107306,3
hotel_70,2023-04-19,0.31140350877192985,403,0.3157894736842105,0.4342105263157895,0.31126732154130254,0.2267569370538569,403,0.36400243616946154,403,0.43850714,0.41713318,3
hotel_70,2023-04-20,0.2675438596491228,404,0.3157894736842105,0.42105263157894735,0.3139422704694656,0.25972103392983786,404,0.3904477877158234,404,0.43615615,0.4362779,3
hotel_70,2023-04-21,0.4473684210526316,405,0.3157894736842105,0.3157894736842105,0.2646756826458356,0.3085947717587414,405,0.40764851440085614,405,0.44576865,0.44965658,3
hotel_70,2023-04-22,0.44298245614035087,406,0.3157894736842105,0.4517543859649123,0.2828950426005936,0.3474219498401573,406,0.4135465803298834,406,0.47192043,0.45560092,3
hotel_70,2023-04-23,0.2149122807017544,407,0.3157894736842105,0.36403508771929827,0.26383534381649765,0.23211379521067851,407,0.3067513075211962,407,0.39474422,0.37270507,3
hotel_70,2023-04-24,0.34210526315789475,408,0.3157894736842105,0.45614035087719296,0.28282561164963244,0.22431768814779332,408,0.30731211211629833,408,0.4437492,0.40852126,3
hotel_70,2023-04-25,0.35964912280701755,409,0.3157894736842105,0.4517543859649123,0.28604093764725824,0.21026250646154263,409,0.34319679114202045,409,0.46732104,0.4484379,3
hotel_70,2023-04-26,0.2543859649122807,410,0.3157894736842105,0.4342105263157895,0.2742593971055554,0.2267569370538569,410,0.35205375994275406,410,0.44558007,0.43794122,3
hotel_70,2023-04-27,0.2719298245614035,411,0.3157894736842105,0.42105263157894735,0.28128379589287894,0.25972103392983786,411,0.37914052981925817,411,0.46735358,0.4688777,3
hotel_70,2023-04-28,0.4649122807017544,412,0.3157894736842105,0.3157894736842105,0.24886960904374783,0.3085947717587414,412,0.4008980388244434,412,0.46205828,0.46370816,3
hotel_70,2023-04-29,0.4780701754385965,413,0.3157894736842105,0.4517543859649123,0.26397670009254354,0.3474219498401573,413,0.4222729732525544,413,0.45125043,0.4580492,3
hotel_70,2023-04-30,0.25,414,0.3157894736842105,0.36403508771929827,0.24752749378818167,0.23211379521067851,414,0.3067513075211962,414,0.39018738,0.3715583,3
hotel_70,2023-05-01,0.2675438596491228,415,0.3157894736842105,0.45614035087719296,0.2642292206426521,0.22431768814779332,415,0.32136722229890063,415,0.4433965,0.41354424,3
hotel_70,2023-05-02,0.2807017543859649,416,0.3157894736842105,0.4517543859649123,0.2657303609082653,0.21026250646154263,416,0.34962241192933835,416,0.47870624,0.47265244,3
hotel_70,2023-05-03,0.17543859649122806,417,0.3157894736842105,0.4342105263157895,0.2579979122475645,0.2267569370538569,417,0.3557216592651175,417,0.4744644,0.43775183,3
hotel_70,2023-05-04,0.25877192982456143,418,0.3157894736842105,0.42105263157894735,0.2610399490313027,0.25972103392983786,418,0.37504855324689707,418,0.48369977,0.46580318,3
hotel_70,2023-05-05,0.3684210526315789,419,0.3157894736842105,0.3157894736842105,0.23598146365837916,0.3085947717587414,419,0.40619799372650023,419,0.47903955,0.46054512,3
hotel_84,2023-04-08,0.6020761245674741,420,0.643598615916955,0.9134948096885813,0.6918107778745956,0.7878312187139078,420,0.7917236626697803,420,0.748052,0.74133843,3
hotel_84,2023-04-09,0.39792387543252594,421,0.643598615916955,0.6332179930795848,0.6617008571141753,0.5291986840450784,421,0.5809468268553328,421,0.6457842,0.5303248,3
hotel_84,2023-04-10,0.657439446366782,422,0.643598615916955,0.7993079584775087,0.7152690999459629,0.5438225083126048,422,0.6597134556370117,422,0.7922472,0.63903177,3
hotel_84,2023-04-11,0.7820069204152249,423,0.643598615916955,0.9100346020761245,0.7646394939390169,0.5997203139984164,423,0.7583504099010768,423,0.9006161,0.7578089,3
hotel_84,2023-04-12,0.8339100346020761,424,0.643598615916955,0.9826989619377162,0.8009388839335982,0.6133064534615674,424,0.7842591561668336,424,0.85532844,0.8027493,3
hotel_84,2023-04-13,0.7923875432525952,425,0.643598615916955,0.8581314878892734,0.7750395952287417,0.5984541010823732,425,0.8065309764762044,425,0.886122,0.82354087,3
hotel_84,2023-04-14,0.7993079584775087,426,0.643598615916955,0.643598615916955,0.7204888833526983,0.7410702034855067,426,0.8310834252142056,426,0.9227509,0.8963563,3
hotel_84,2023-04-15,0.8304498269896193,427,0.643598615916955,0.9134948096885813,0.7523801673828041,0.7878312187139078,427,0.8840620283081883,427,0.9272193,0.91138864,3
hotel_84,2023-04-16,0.4186851211072664,428,0.643598615916955,0.6332179930795848,0.6891353988787137,0.5291986840450784,428,0.6383095033183288,428,0.72489464,0.641091,3
hotel_84,2023-04-17,0.4913494809688581,429,0.643598615916955,0.7993079584775087,0.740061042275686,0.5438225083126048,429,0.6640393739003672,429,0.78328735,0.70112,3
hotel_84,2023-04-18,0.629757785467128,430,0.643598615916955,0.9100346020761245,0.7931906758757594,0.5997203139984164,430,0.7084119603698068,430,0.8834329,0.81245327,3
hotel_84,2023-04-19,0.629757785467128,431,0.643598615916955,0.9826989619377162,0.8188457845223441,0.6133064534615674,431,0.7872125082042353,431,0.8701123,0.8261585,3
hotel_84,2023-04-20,0.9238754325259516,432,0.643598615916955,0.8581314878892734,0.7854990800624965,0.5984541010823732,432,0.7928934515058272,432,0.8338518,0.8403663,3
hotel_84,2023-04-21,0.9446366782006921,433,0.643598615916955,0.643598615916955,0.713265570279517,0.7410702034855067,433,0.8227974477654657,433,0.91622275,0.9059634,3
hotel_84,2023-04-22,0.9065743944636678,434,0.643598615916955,0.9134948096885813,0.7391449677419011,0.7878312187139078,434,0.8811235229740475,434,0.9549953,0.93526953,3
hotel_84,2023-04-23,0.657439446366782,435,0.643598615916955,0.6332179930795848,0.7040806829217193,0.5291986840450784,435,0.5973648214910471,435,0.70064294,0.6635156,3
hotel_84,2023-04-24,0.9342560553633218,436,0.643598615916955,0.7993079584775087,0.7378886332086972,0.5438225083126048,436,0.6944878888390303,436,0.709961,0.7264752,3
hotel_84,2023-04-25,0.9792387543252595,437,0.643598615916955,0.9100346020761245,0.7727177443863938,0.5997203139984164,437,0.7204993736663601,437,0.79495347,0.80707633,3
hotel_84,2023-04-26,0.9826989619377162,438,0.643598615916955,0.9826989619377162,0.7909963309727936,0.6133064534615674,438,0.7624939286049843,438,0.8871237,0.8323871,3
hotel_84,2023-04-27,0.7439446366782007,439,0.643598615916955,0.8581314878892734,0.7714728512983037,0.5984541010823732,439,0.757909699203198,439,0.96524054,0.86901295,3
hotel_84,2023-04-28,0.9515570934256056,440,0.643598615916955,0.643598615916955,0.7269164654386399,0.7410702034855067,440,0.850541586980918,440,0.94563127,0.9065184,3
hotel_84,2023-04-29,1.0069204152249136,441,0.643598615916955,0.9134948096885813,0.7458067121623047,0.7878312187139078,441,0.8880395055709586,441,0.9559952,0.9440609,3
hotel_84,2023-04-30,0.8062283737024222,442,0.643598615916955,0.6332179930795848,0.7163840374806594,0.5291986840450784,442,0.6383095033183288,442,0.6918275,0.6693422,3
hotel_84,2023-05-01,0.629757785467128,443,0.643598615916955,0.7993079584775087,0.7424977523857144,0.5438225083126048,443,0.6983338860287739,443,0.7476443,0.72713304,3
hotel_84,2023-05-02,0.6851211072664359,444,0.643598615916955,0.9100346020761245,0.7691141910029496,0.5997203139984164,444,0.7336565009697646,444,0.894997,0.82780236,3
hotel_84,2023-05-03,0.5155709342560554,445,0.643598615916955,0.9826989619377162,0.7827305072863392,0.6133064534615674,445,0.7383558201773838,445,0.87759894,0.84529454,3
hotel_84,2023-05-04,0.7335640138408305,446,0.643598615916955,0.8581314878892734,0.7670093559342257,0.5984541010823732,446,0.7274236282253185,446,0.8872156,0.8591493,3
hotel_84,2023-05-05,0.8719723183391004,447,0.643598615916955,0.643598615916955,0.7318134499220108,0.7410702034855067,447,0.7961900249184862,447,0.93372667,0.9236102,3
hotel_91,2023-04-08,0.6966292134831461,448,1.0,0.6741573033707865,0.9176623723493759,0.9938447796559964,448,0.8775572794565865,448,0.9709505,0.9313351,3
hotel_91,2023-04-09,0.3707865168539326,449,1.0,0.7303370786516854,0.8566478995056179,0.8237487329988671,449,0.6065471153033298,449,0.887406,0.8482757,3
hotel_91,2023-04-10,0.7865168539325843,450,1.0,0.9887640449438202,0.8756234975085178,0.9515310726003866,450,0.7533990534974508,450,0.967139,0.9061504,3
hotel_91,2023-04-11,0.9775280898876404,451,1.0,1.0,0.9001244055997031,1.0437382339448236,451,0.8224892121167228,451,1.0475571,0.96625525,3
hotel_91,2023-04-12,1.0,452,1.0,1.0112359550561798,0.880995916607097,1.0474405418206605,452,0.8671383654949626,452,1.0165583,0.97335017,3
hotel_91,2023-04-13,0.6179775280898876,453,1.0,0.9887640449438202,0.8561891897069206,0.9735251047789297,453,0.8734342535295778,453,0.9060329,0.9147697,3
hotel_91,2023-04-14,0.7078651685393258,454,1.0,1.0,0.8471244283407426,1.0003207486583745,454,0.8925116379010969,454,0.9178144,0.91121453,3
hotel_91,2023-04-15,0.7415730337078652,455,1.0,0.6741573033707865,0.8601433585680318,0.9938447796559964,455,0.8681292289876311,455,0.872281,0.8781639,3
hotel_91,2023-04-16,0.4157303370786517,456,1.0,0.7303370786516854,0.8669410517097302,0.8237487329988671,456,0.5587034593395069,456,0.8130961,0.8002398,3
hotel_91,2023-04-17,0.7528089887640449,457,1.0,0.9887640449438202,0.9138227518709494,0.9515310726003866,457,0.6732090275927164,457,0.89059925,0.89944893,3
hotel_91,2023-04-18,0.7865168539325843,458,1.0,1.0,0.8930176503881347,1.0437382339448236,458,0.7499676129774966,458,0.975227,0.96632767,3
hotel_91,2023-04-19,0.8202247191011236,459,1.0,1.0112359550561798,0.8962018489552015,1.0474405418206605,459,0.8496679714195476,459,1.0126253,0.97530395,3
hotel_91,2023-04-20,0.7528089887640449,460,1.0,0.9887640449438202,0.9002409514644819,0.9735251047789297,460,0.872678809144377,460,0.92550665,0.91323596,3
hotel_91,2023-04-21,0.6179775280898876,461,1.0,1.0,0.9129407519919052,1.0003207486583745,461,0.901992164674566,461,0.93208146,0.90363914,3
hotel_91,2023-04-22,0.7191011235955056,462,1.0,0.6741573033707865,0.890143690811958,0.9938447796559964,462,0.8824398237360088,462,0.8870989,0.8652643,3
hotel_91,2023-04-23,0.6629213483146067,463,1.0,0.7303370786516854,0.874841918100131,0.8237487329988671,463,0.6033331049801023,463,0.80006826,0.7967253,3
hotel_91,2023-04-24,1.0,464,1.0,0.9887640449438202,0.8691151609953148,0.9515310726003866,464,0.6671968451443872,464,0.933818,0.8818114,3
hotel_91,2023-04-25,0.9887640449438202,465,1.0,1.0,0.8654447779215607,1.0437382339448236,465,0.7343787664659513,465,1.0174048,0.96590227,3
hotel_91,2023-04-26,0.9213483146067416,466,1.0,1.0112359550561798,0.8625519507633005,1.0474405418206605,466,0.7704615802434711,466,1.036601,0.9807315,3
hotel_91,2023-04-27,0.550561797752809,467,1.0,0.9887640449438202,0.8607072725713066,0.9735251047789297,467,0.7904658353105772,467,0.96668804,0.921958,3
hotel_91,2023-04-28,0.43820224719101125,468,1.0,1.0,0.8595946539706347,1.0003207486583745,468,0.8697487312168019,468,0.96155894,0.9163944,3
hotel_91,2023-04-29,0.47191011235955055,469,1.0,0.6741573033707865,0.8588780236393261,0.9938447796559964,469,0.8840133666128378,469,0.9247905,0.8680666,3
hotel_91,2023-04-30,0.42696629213483145,470,1.0,0.7303370786516854,0.8584090925510949,0.8237487329988671,470,0.5951587225969253,470,0.85185313,0.81058687,3
hotel_91,2023-05-01,0.5393258426966292,471,1.0,0.9887640449438202,0.8581088739329787,0.9515310726003866,471,0.704984536065639,471,0.9202346,0.9115702,3
hotel_91,2023-05-02,0.8426966292134831,472,1.0,1.0,0.8579175010286776,1.0437382339448236,472,0.7361225897842224,472,1.0453544,0.9939929,3
hotel_91,2023-05-03,0.6966292134831461,473,1.0,1.0112359550561798,0.8577946414168071,1.0474405418206605,473,0.7145608238347821,473,1.0280635,0.9784852,3
hotel_91,2023-05-04,0.9325842696629213,474,1.0,0.9887640449438202,0.8577156756418712,0.9735251047789297,474,0.7328528595783822,474,0.9555206,0.9478287,3
hotel_91,2023-05-05,1.0,475,1.0,1.0,0.8576650391264172,1.0003207486583745,475,0.8587143044595669,475,0.9801058,0.9180838,3
hotel_98,2023-04-08,0.46774193548387094,476,0.4596774193548387,0.3951612903225806,0.45992914175362515,0.4939609766817197,476,0.4499360409630576,476,0.5009729,0.44283497,3
hotel_98,2023-04-09,0.1935483870967742,477,0.4596774193548387,0.20161290322580644,0.19989798955641716,0.27000207350333744,477,0.28223888909730077,477,0.22710079,0.14451906,3
hotel_98,2023-04-10,0.20967741935483872,478,0.4596774193548387,0.1935483870967742,0.22017236694034614,0.30814836488447034,478,0.2537609446895283,478,0.24399422,0.12148535,3
hotel_98,2023-04-11,0.23387096774193547,479,0.4596774193548387,0.1935483870967742,0.23383029203303232,0.35166967779541825,479,0.26995292645588387,479,0.28573114,0.14970088,3
hotel_98,2023-04-12,0.08064516129032258,480,0.4596774193548387,0.16129032258064516,0.22071853629576857,0.3316689144204024,480,0.2460814963047471,480,0.2407333,0.13584739,3
hotel_98,2023-04-13,0.13709677419354838,481,0.4596774193548387,0.47580645161290325,0.29548931778135284,0.3769357390128714,481,0.31854855534602217,481,0.28477132,0.17333996,3
hotel_98,2023-04-14,0.1693548387096774,482,0.4596774193548387,0.4596774193548387,0.38629156163326317,0.45057010573765655,482,0.39923982671033487,482,0.424789,0.3104657,3
hotel_98,2023-04-15,0.1693548387096774,483,0.4596774193548387,0.3951612903225806,0.4339928375991553,0.4939609766817197,483,0.4194878907745658,483,0.50535816,0.3431183,3
hotel_98,2023-04-16,0.1532258064516129,484,0.4596774193548387,0.20161290322580644,0.21181514035047463,0.27000207350333744,484,0.26913878092869703,484,0.229518,0.1125783,3
hotel_98,2023-04-17,0.12903225806451613,485,0.4596774193548387,0.1935483870967742,0.20895624013607025,0.30814836488447034,485,0.2912474561108986,485,0.26755384,0.1313346,3
hotel_98,2023-04-18,0.1935483870967742,486,0.4596774193548387,0.1935483870967742,0.22495746845957434,0.35166967779541825,486,0.32359996033468963,486,0.28558117,0.13023016,3
hotel_98,2023-04-19,0.13709677419354838,487,0.4596774193548387,0.16129032258064516,0.21372027270794444,0.3316689144204024,487,0.33681430216422864,487,0.2151547,0.14207849,3
hotel_98,2023-04-20,0.1693548387096774,488,0.4596774193548387,0.47580645161290325,0.2655597135502987,0.3769357390128714,488,0.3475405442527488,488,0.24464883,0.16756958,3
hotel_98,2023-04-21,0.20967741935483872,489,0.4596774193548387,0.4596774193548387,0.367693229499892,0.45057010573765655,489,0.38208426366613274,489,0.34250957,0.28960586,3
hotel_98,2023-04-22,0.33064516129032256,490,0.4596774193548387,0.3951612903225806,0.42194735051073595,0.4939609766817197,490,0.4045622718073957,490,0.43218493,0.31818536,3
hotel_98,2023-04-23,0.12903225806451613,491,0.4596774193548387,0.20161290322580644,0.20466756154748914,0.27000207350333744,491,0.31557909214100394,491,0.19688189,0.09949008,3
hotel_98,2023-04-24,0.13709677419354838,492,0.4596774193548387,0.1935483870967742,0.1997390116136765,0.30814836488447034,492,0.31645463723712886,492,0.20433085,0.09216398,3
hotel_98,2023-04-25,0.14516129032258066,493,0.4596774193548387,0.1935483870967742,0.21626139601755306,0.35166967779541825,493,0.34644820453662145,493,0.21936476,0.12961522,3
hotel_98,2023-04-26,0.0967741935483871,494,0.4596774193548387,0.16129032258064516,0.2055546248400468,0.3316689144204024,494,0.3402048138471994,494,0.2015613,0.13609552,3
hotel_98,2023-04-27,0.11290322580645161,495,0.4596774193548387,0.47580645161290325,0.26297633893677835,0.3769357390128714,495,0.3573690449420807,495,0.24783553,0.13925049,3
hotel_98,2023-04-28,0.41935483870967744,496,0.4596774193548387,0.4596774193548387,0.3635307121983014,0.45057010573765655,496,0.39963352462366664,496,0.3363967,0.26587766,3
hotel_98,2023-04-29,0.6451612903225806,497,0.4596774193548387,0.3951612903225806,0.417127556182571,0.4939609766817197,497,0.4203786557723887,497,0.4043843,0.2904606,3
hotel_98,2023-04-30,0.6935483870967742,498,0.4596774193548387,0.20161290322580644,0.1994719763046376,0.27000207350333744,498,0.31277672233633036,498,0.17385405,0.100597024,3
hotel_98,2023-05-01,0.21774193548387097,499,0.4596774193548387,0.1935483870967742,0.19555351921585926,0.30814836488447034,499,0.3178432305490136,499,0.17603934,0.0958851,3
hotel_98,2023-05-02,0.16129032258064516,500,0.4596774193548387,0.1935483870967742,0.21249926764042748,0.35166967779541825,500,0.3484098024363468,500,0.21608934,0.10677558,3
hotel_98,2023-05-03,0.16129032258064516,501,0.4596774193548387,0.16129032258064516,0.2021676302847562,0.3316689144204024,501,0.35098238308417823,501,0.16429311,0.09631273,3
hotel_98,2023-05-04,0.3225806451612903,502,0.4596774193548387,0.47580645161290325,0.25887706405521554,0.3769357390128714,502,0.3610627068605875,502,0.22610985,0.12538406,3
hotel_98,2023-05-05,0.31451612903225806,503,0.4596774193548387,0.4596774193548387,0.36016214006133457,0.45057010573765655,503,0.40694403540230617,503,0.34746522,0.24961624,3
hotel_0,2023-05-06,0.9876543209876543,0,0.8641975308641975,0.7160493827160493,0.8280356449936239,0.8788435094634766,0,0.8462698053985702,0,0.7970479,0.82237875,4
hotel_0,2023-05-07,0.6049382716049383,1,0.8641975308641975,0.5185185185185185,0.6619636167209788,0.6676040617419561,1,0.5518900401717466,1,0.48861614,0.43090338,4
hotel_0,2023-05-08,0.49382716049382713,2,0.8641975308641975,0.691358024691358,0.7182502338756015,0.6920502879398459,2,0.5791012687512836,2,0.45677537,0.49234763,4
hotel_0,2023-05-09,0.6666666666666666,3,0.8641975308641975,0.7160493827160493,0.761369604620017,0.7206769599967487,3,0.6394305770078866,3,0.523332,0.59062904,4
hotel_0,2023-05-10,0.6296296296296297,4,0.8641975308641975,0.7777777777777778,0.7234723252391467,0.7152817099245663,4,0.644644860601429,4,0.5390775,0.56986636,4
hotel_0,2023-05-11,0.8271604938271605,5,0.8641975308641975,0.7160493827160493,0.7394094500321569,0.7529082588393069,5,0.6452461972672608,5,0.56474483,0.61603904,4
hotel_0,2023-05-12,0.8765432098765432,6,0.8641975308641975,0.8641975308641975,0.8098932233133818,0.857886427696318,6,0.7686567742053432,6,0.7336589,0.76607126,4
hotel_0,2023-05-13,0.9876543209876543,7,0.8641975308641975,0.7160493827160493,0.7664784709399954,0.8788435094634766,7,0.8192580552762326,7,0.70001584,0.70646095,4
hotel_0,2023-05-14,0.43209876543209874,8,0.8641975308641975,0.5185185185185185,0.6758906713912164,0.6676040617419561,8,0.5455359560210912,8,0.45222452,0.35822964,4
hotel_0,2023-05-15,0.5802469135802469,9,0.8641975308641975,0.691358024691358,0.726312643247287,0.6920502879398459,9,0.5508797692708867,9,0.45497894,0.47064567,4
hotel_0,2023-05-16,0.7037037037037037,10,0.8641975308641975,0.7160493827160493,0.7442131783825959,0.7206769599967487,10,0.6635026028305909,10,0.52953947,0.5570758,4
hotel_0,2023-05-17,0.691358024691358,11,0.8641975308641975,0.7777777777777778,0.7441387216670976,0.7152817099245663,11,0.6881649843464921,11,0.54884696,0.5366465,4
hotel_0,2023-05-18,0.7654320987654321,12,0.8641975308641975,0.7160493827160493,0.7370715091887838,0.7529082588393069,12,0.6898712428184395,12,0.59535694,0.58003664,4
hotel_0,2023-05-19,0.6666666666666666,13,0.8641975308641975,0.8641975308641975,0.7875429622767021,0.857886427696318,13,0.7835745756652728,13,0.71801424,0.72676843,4
hotel_0,2023-05-20,0.8024691358024691,14,0.8641975308641975,0.7160493827160493,0.7669958642729854,0.8788435094634766,14,0.8532241150462729,14,0.71780956,0.72067636,4
hotel_0,2023-05-21,0.3333333333333333,15,0.8641975308641975,0.5185185185185185,0.7067008573228724,0.6676040617419561,15,0.5951647699177355,15,0.4443987,0.3570359,4
hotel_0,2023-05-22,0.3950617283950617,16,0.8641975308641975,0.691358024691358,0.7332496622933843,0.6920502879398459,16,0.5945671861266237,16,0.47517928,0.4261167,4
hotel_0,2023-05-23,0.6172839506172839,17,0.8641975308641975,0.7160493827160493,0.7471353224276654,0.7206769599967487,17,0.6860166893655456,17,0.5199997,0.5494214,4
hotel_0,2023-05-24,0.7654320987654321,18,0.8641975308641975,0.7777777777777778,0.7397904572748643,0.7152817099245663,18,0.6770071759989896,18,0.56839263,0.5416016,4
hotel_0,2023-05-25,0.7407407407407407,19,0.8641975308641975,0.7160493827160493,0.7406607477349669,0.7529082588393069,19,0.6725194283709939,19,0.6417339,0.5918865,4
hotel_0,2023-05-26,0.8518518518518519,20,0.8641975308641975,0.8641975308641975,0.7699806030531653,0.857886427696318,20,0.7886489558434286,20,0.773935,0.74035704,4
hotel_0,2023-05-27,0.9753086419753086,21,0.8641975308641975,0.7160493827160493,0.7552002362057298,0.8788435094634766,21,0.8347798537220295,21,0.7521683,0.7364913,4
hotel_0,2023-05-28,0.8888888888888888,22,0.8641975308641975,0.5185185185185185,0.7189366573934292,0.6676040617419561,22,0.5898525745007398,22,0.5040153,0.395157,4
hotel_0,2023-05-29,0.2716049382716049,23,0.8641975308641975,0.691358024691358,0.736936092258094,0.6920502879398459,23,0.65788746333992,23,0.51342463,0.46651095,4
hotel_0,2023-05-30,0.2962962962962963,24,0.8641975308641975,0.7160493827160493,0.7447151350018583,0.7206769599967487,24,0.7062403073189364,24,0.4951142,0.5673611,4
hotel_0,2023-05-31,0.3950617283950617,25,0.8641975308641975,0.7777777777777778,0.7424129595282531,0.7152817099245663,25,0.690565283681789,25,0.4713211,0.52361655,4
hotel_0,2023-06-01,0.43209876543209874,26,0.8641975308641975,0.7160493827160493,0.7413198180546807,0.7529082588393069,26,0.6970219758204487,26,0.5118046,0.5622901,4
hotel_0,2023-06-02,0.691358024691358,27,0.8641975308641975,0.8641975308641975,0.7601924430592738,0.857886427696318,27,0.7946744821182379,27,0.69136286,0.72440284,4
hotel_105,2023-05-06,0.9056603773584906,28,0.89937106918239,1.0,0.8897470472269626,0.9301193254786717,28,0.9298535615595417,28,0.93113375,0.94479954,4
hotel_105,2023-05-07,0.7672955974842768,29,0.89937106918239,0.5283018867924528,0.6709356001203874,0.6543867587653927,29,0.6359717519648439,29,0.6219226,0.66608846,4
hotel_105,2023-05-08,1.0125786163522013,30,0.89937106918239,0.6666666666666666,0.79544762949824,0.7534388290304801,30,0.670478521187486,30,0.7475118,0.7501989,4
hotel_105,2023-05-09,0.9937106918238994,31,0.89937106918239,0.8238993710691824,0.8793912136213644,0.812687153359074,31,0.7665561675073709,31,0.84086746,0.8428094,4
hotel_105,2023-05-10,1.0,32,0.89937106918239,0.7358490566037735,0.8495200939859979,0.8123584283339613,32,0.8027342220204962,32,0.8462381,0.8438347,4
hotel_105,2023-05-11,0.7924528301886793,33,0.89937106918239,0.8238993710691824,0.8058518887660117,0.7738843672302238,33,0.7982805472063229,33,0.76674163,0.78681123,4
hotel_105,2023-05-12,1.0062893081761006,34,0.89937106918239,0.89937106918239,0.8662690159048225,0.9052821285200687,34,0.8807145177786889,34,0.85105765,0.86482316,4
hotel_105,2023-05-13,0.9685534591194969,35,0.89937106918239,1.0,0.9035804974929695,0.9301193254786717,35,0.9154115362834596,35,0.88706595,0.8965345,4
hotel_105,2023-05-14,0.6415094339622641,36,0.89937106918239,0.5283018867924528,0.6846607594520566,0.6543867587653927,36,0.636092482281151,36,0.5883645,0.6289058,4
hotel_105,2023-05-15,0.9622641509433962,37,0.89937106918239,0.6666666666666666,0.7709877703828045,0.7534388290304801,37,0.6778886206423387,37,0.7210511,0.72440815,4
hotel_105,2023-05-16,1.0314465408805031,38,0.89937106918239,0.8238993710691824,0.8481538146581328,0.812687153359074,38,0.734016411137207,38,0.8257078,0.8115659,4
hotel_105,2023-05-17,1.0,39,0.89937106918239,0.7358490566037735,0.8114472589764743,0.8123584283339613,39,0.7577225276877388,39,0.8373951,0.84295404,4
hotel_105,2023-05-18,0.8867924528301887,40,0.89937106918239,0.8238993710691824,0.8217224704192219,0.7738843672302238,40,0.7551181313695771,40,0.7625702,0.7889389,4
hotel_105,2023-05-19,0.949685534591195,41,0.89937106918239,0.89937106918239,0.8662441303042119,0.9052821285200687,41,0.8310001357421176,41,0.83981085,0.8450588,4
hotel_105,2023-05-20,0.9937106918238994,42,0.89937106918239,1.0,0.8772286014515764,0.9301193254786717,42,0.9036040624211052,42,0.86437833,0.900735,4
hotel_105,2023-05-21,0.8553459119496856,43,0.89937106918239,0.5283018867924528,0.733037376788693,0.6543867587653927,43,0.6589284939175966,43,0.59300476,0.63180995,4
hotel_105,2023-05-22,0.9622641509433962,44,0.89937106918239,0.6666666666666666,0.8015134818388855,0.7534388290304801,44,0.7326382385656561,44,0.6726911,0.73271763,4
hotel_105,2023-05-23,0.9559748427672956,45,0.89937106918239,0.8238993710691824,0.8546751905542398,0.812687153359074,45,0.7725965832299385,45,0.7807341,0.81516176,4
hotel_105,2023-05-24,1.0,46,0.89937106918239,0.7358490566037735,0.8327180930957179,0.8123584283339613,46,0.7581747207853884,46,0.80588746,0.82882595,4
hotel_105,2023-05-25,0.9433962264150944,47,0.89937106918239,0.8238993710691824,0.823817151800116,0.7738843672302238,47,0.7410106047931934,47,0.75440025,0.8016374,4
hotel_105,2023-05-26,1.0062893081761006,48,0.89937106918239,0.89937106918239,0.8581381410190813,0.9052821285200687,48,0.8316179108995165,48,0.8274802,0.8758696,4
hotel_105,2023-05-27,1.0,49,0.89937106918239,1.0,0.8734111016859529,0.9301193254786717,49,0.8884931126984743,49,0.86220217,0.90190244,4
hotel_105,2023-05-28,0.9056603773584906,50,0.89937106918239,0.5283018867924528,0.7564514209883033,0.6543867587653927,50,0.6314072452003487,50,0.6142842,0.66224384,4
hotel_105,2023-05-29,0.9182389937106918,51,0.89937106918239,0.6666666666666666,0.8071591181716292,0.7534388290304801,51,0.7165096835336453,51,0.7113357,0.7509397,4
hotel_105,2023-05-30,0.9748427672955975,52,0.89937106918239,0.8238993710691824,0.8495790940376371,0.812687153359074,52,0.7586591593882268,52,0.80219966,0.83109576,4
hotel_105,2023-05-31,1.0125786163522013,53,0.89937106918239,0.7358490566037735,0.8309885585987842,0.8123584283339613,53,0.7527918581902423,53,0.8423538,0.8411286,4
hotel_105,2023-06-01,0.8930817610062893,54,0.89937106918239,0.8238993710691824,0.8310312386894887,0.7738843672302238,54,0.7430957365368391,54,0.79742014,0.79820305,4
hotel_105,2023-06-02,0.949685534591195,55,0.89937106918239,0.89937106918239,0.8569438799335201,0.9052821285200687,55,0.8120125039478038,55,0.84731394,0.8764809,4
hotel_112,2023-05-06,0.7875,56,0.70625,0.91875,0.7981514095054704,0.7754307456340193,56,0.8300135290571423,56,0.75215304,0.7726308,4
hotel_112,2023-05-07,0.8125,57,0.70625,0.775,0.7978812567830853,0.7421322218037947,57,0.6589674092651533,57,0.75568473,0.7768278,4
hotel_112,2023-05-08,0.8625,58,0.70625,0.89375,0.8205155009515729,0.7947342229800098,58,0.7404702222261343,58,0.8293688,0.83768916,4
hotel_112,2023-05-09,0.9125,59,0.70625,0.93125,0.8473611153901589,0.7969522787423006,59,0.8261196823400913,59,0.8381518,0.86800736,4
hotel_112,2023-05-10,0.775,60,0.70625,0.725,0.8218430018846988,0.8206597688824399,60,0.8231530481463687,60,0.80184734,0.8644795,4
hotel_112,2023-05-11,0.8625,61,0.70625,0.8,0.8347345824998117,0.8095410545291793,61,0.8229255967725239,61,0.7907709,0.849563,4
hotel_112,2023-05-12,0.85625,62,0.70625,0.70625,0.8283214628514802,0.7750604517638435,62,0.8322074536512473,62,0.7630127,0.8461824,4
hotel_112,2023-05-13,0.9625,63,0.70625,0.91875,0.8404571184722818,0.7754307456340193,63,0.8260485333946048,63,0.76674396,0.8421405,4
hotel_112,2023-05-14,0.70625,64,0.70625,0.775,0.8167359576447799,0.7421322218037947,64,0.5716140714291001,64,0.76852405,0.824573,4
hotel_112,2023-05-15,0.9875,65,0.70625,0.89375,0.8336464138491652,0.7947342229800098,65,0.6926711053445774,65,0.8269147,0.8793027,4
hotel_112,2023-05-16,1.01875,66,0.70625,0.93125,0.8387455898404027,0.7969522787423006,66,0.7723344853722921,66,0.85272616,0.9027602,4
hotel_112,2023-05-17,0.99375,67,0.70625,0.725,0.8079327803285852,0.8206597688824399,67,0.7947118544075392,67,0.8309201,0.8953089,4
hotel_112,2023-05-18,1.025,68,0.70625,0.8,0.8205639662037395,0.8095410545291793,68,0.7977110226515869,68,0.8254663,0.8806933,4
hotel_112,2023-05-19,0.925,69,0.70625,0.70625,0.8034451784219374,0.7750604517638435,69,0.8363701750155285,69,0.82943684,0.87609416,4
hotel_112,2023-05-20,0.90625,70,0.70625,0.91875,0.817503979482104,0.7754307456340193,70,0.8574540748961978,70,0.82457644,0.8751835,4
hotel_112,2023-05-21,1.00625,71,0.70625,0.775,0.8203830436827875,0.7421322218037947,71,0.6666912364613335,71,0.7893101,0.8545926,4
hotel_112,2023-05-22,0.93125,72,0.70625,0.89375,0.8226605179935567,0.7947342229800098,72,0.738682196841916,72,0.8551896,0.8868003,4
hotel_112,2023-05-23,0.9625,73,0.70625,0.93125,0.8236700737317698,0.7969522787423006,73,0.7838402340483576,73,0.8817221,0.8988712,4
hotel_112,2023-05-24,0.95625,74,0.70625,0.725,0.8242138039830311,0.8206597688824399,74,0.8043157300100576,74,0.8291623,0.89350206,4
hotel_112,2023-05-25,0.96875,75,0.70625,0.8,0.8244857901414079,0.8095410545291793,75,0.8071082988986155,75,0.8400262,0.8952168,4
hotel_112,2023-05-26,0.99375,76,0.70625,0.70625,0.8246255653350557,0.7750604517638435,76,0.8504100223639552,76,0.8305978,0.8830359,4
hotel_112,2023-05-27,1.0125,77,0.70625,0.91875,0.8246966816439001,0.7754307456340193,77,0.8761150884752025,77,0.8119159,0.87976366,4
hotel_112,2023-05-28,0.93125,78,0.70625,0.775,0.8247329986427081,0.7421322218037947,78,0.5940615119800838,78,0.8025994,0.85669035,4
hotel_112,2023-05-29,0.9375,79,0.70625,0.89375,0.8247515194118502,0.7947342229800098,79,0.703966084461867,79,0.86574304,0.8834406,4
hotel_112,2023-05-30,0.7875,80,0.70625,0.93125,0.8247609692963926,0.7969522787423006,80,0.7423824100063479,80,0.87618285,0.91386896,4
hotel_112,2023-05-31,0.98125,81,0.70625,0.725,0.824765790032251,0.8206597688824399,81,0.7663245169710943,81,0.86158264,0.89958954,4
hotel_112,2023-06-01,0.75,82,0.70625,0.8,0.8247682494366563,0.8095410545291793,82,0.7576683676866238,82,0.8325575,0.89715105,4
hotel_112,2023-06-02,0.75625,83,0.70625,0.70625,0.8247695041241317,0.7750604517638435,83,0.8365498548576454,83,0.8115255,0.88340473,4
hotel_126,2023-05-06,0.9960159362549801,84,0.9960159362549801,0.9960159362549801,0.9948238036521941,1.010304537760837,84,0.9979685021561702,84,0.9913382,0.9953074,4
hotel_126,2023-05-07,0.9243027888446215,85,0.9960159362549801,0.9123505976095617,0.9319988102414312,0.9232971717047441,85,0.9018256246626671,85,0.9574255,0.9523265,4
hotel_126,2023-05-08,1.0,86,0.9960159362549801,0.9840637450199203,0.9536217480925809,0.9231418053759061,86,0.935683475403374,86,0.97009254,0.96502787,4
hotel_126,2023-05-09,1.00398406374502,87,0.9960159362549801,0.9960159362549801,0.9729022667873551,0.9415878423042987,87,0.9537338828513039,87,0.97977304,0.9796081,4
hotel_126,2023-05-10,0.9840637450199203,88,0.9960159362549801,1.0,0.9762913559958304,0.9462927842178456,88,0.9838122088242278,88,0.97797656,0.9845141,4
hotel_126,2023-05-11,0.9123505976095617,89,0.9960159362549801,0.9840637450199203,0.9783464380958994,0.9740340577237088,89,0.9748959836953566,89,0.9787074,0.9848583,4
hotel_126,2023-05-12,1.0,90,0.9960159362549801,0.9960159362549801,0.9837808716723921,0.9970179573424626,90,0.9898537437226651,90,0.9904233,0.9951022,4
hotel_126,2023-05-13,1.00398406374502,91,0.9960159362549801,0.9960159362549801,0.9868740687338181,1.010304537760837,91,0.9883103351729317,91,0.98904496,0.99235696,4
hotel_126,2023-05-14,0.9681274900398407,92,0.9960159362549801,0.9123505976095617,0.9443337312598601,0.9232971717047441,92,0.8836174684159428,92,0.9468911,0.9502071,4
hotel_126,2023-05-15,0.9800796812749004,93,0.9960159362549801,0.9840637450199203,0.9649178977713923,0.9231418053759061,93,0.9229160033772303,93,0.96130073,0.9607446,4
hotel_126,2023-05-16,0.9880478087649402,94,0.9960159362549801,0.9960159362549801,0.9783286578839071,0.9415878423042987,94,0.9456911539620432,94,0.970403,0.97817034,4
hotel_126,2023-05-17,0.9800796812749004,95,0.9960159362549801,1.0,0.9799835593100092,0.9462927842178456,95,0.9568090709556059,95,0.96555096,0.97994006,4
hotel_126,2023-05-18,0.9880478087649402,96,0.9960159362549801,0.9840637450199203,0.9789871229868966,0.9740340577237088,96,0.9511896535299529,96,0.9788297,0.98205644,4
hotel_126,2023-05-19,0.9960159362549801,97,0.9960159362549801,0.9960159362549801,0.9844805180231211,0.9970179573424626,97,0.9716627596935477,97,0.98833346,0.98973656,4
hotel_126,2023-05-20,1.0,98,0.9960159362549801,0.9960159362549801,0.9866532132075584,1.010304537760837,98,0.9559430105771881,98,0.9856258,0.98811394,4
hotel_126,2023-05-21,1.0,99,0.9960159362549801,0.9123505976095617,0.9444077970240403,0.9232971717047441,99,0.8572177647940111,99,0.94227004,0.94644946,4
hotel_126,2023-05-22,1.0,100,0.9960159362549801,0.9840637450199203,0.9617380619655094,0.9231418053759061,100,0.8901674722267618,100,0.96298546,0.9593692,4
hotel_126,2023-05-23,0.9920318725099602,101,0.9960159362549801,0.9960159362549801,0.9753461402952154,0.9415878423042987,101,0.925441884440029,101,0.9687695,0.97302395,4
hotel_126,2023-05-24,0.9920318725099602,102,0.9960159362549801,1.0,0.9775202917502994,0.9462927842178456,102,0.9468974162879377,102,0.97371894,0.9784569,4
hotel_126,2023-05-25,0.9561752988047809,103,0.9960159362549801,0.9840637450199203,0.9781640200518618,0.9740340577237088,103,0.9496999062980623,103,0.9853681,0.9849865,4
hotel_126,2023-05-26,0.9800796812749004,104,0.9960159362549801,0.9960159362549801,0.9823894920051529,0.9970179573424626,104,0.9632841412278182,104,0.98584336,0.99358404,4
hotel_126,2023-05-27,1.0079681274900398,105,0.9960159362549801,0.9960159362549801,0.9845004274620969,1.010304537760837,105,0.9666755321147219,105,0.9859847,0.99277234,4
hotel_126,2023-05-28,0.9880478087649402,106,0.9960159362549801,0.9123505976095617,0.951179879023456,0.9232971717047441,106,0.8876701579287153,106,0.94898856,0.9546506,4
hotel_126,2023-05-29,0.9641434262948207,107,0.9960159362549801,0.9840637450199203,0.9663507519994231,0.9231418053759061,107,0.9047494359382318,107,0.95458525,0.9534966,4
hotel_126,2023-05-30,0.9641434262948207,108,0.9960159362549801,0.9960159362549801,0.9769377185880501,0.9415878423042987,108,0.934867748775959,108,0.9641117,0.97204256,4
hotel_126,2023-05-31,1.00398406374502,109,0.9960159362549801,1.0,0.9783959891966929,0.9462927842178456,109,0.949663444003933,109,0.96435577,0.9736101,4
hotel_126,2023-06-01,0.8047808764940239,110,0.9960159362549801,0.9840637450199203,0.9781105385489878,0.9740340577237088,110,0.948766677387873,110,0.9756455,0.98175967,4
hotel_126,2023-06-02,1.00398406374502,111,0.9960159362549801,0.9960159362549801,0.9820415008374762,0.9970179573424626,111,0.9677628220065422,111,0.984955,0.9900785,4
hotel_133,2023-05-06,0.9016393442622951,112,1.0,1.0,0.9830100557463926,1.0364456709350442,112,0.9834842780345779,112,0.97943914,0.9990118,4
hotel_133,2023-05-07,0.7540983606557377,113,1.0,0.6557377049180327,0.7986893521815152,0.8544513647363058,113,0.7913812356950426,113,0.7326383,0.7462286,4
hotel_133,2023-05-08,0.7704918032786885,114,1.0,0.639344262295082,0.8105059398537361,0.8872098147626668,114,0.8130415967917974,114,0.78233063,0.786506,4
hotel_133,2023-05-09,0.8524590163934426,115,1.0,0.7704918032786885,0.87222321282063,0.9035628598907179,115,0.8670652520262194,115,0.8495479,0.8597232,4
hotel_133,2023-05-10,0.8524590163934426,116,1.0,0.8032786885245902,0.9138430414490989,0.9190865104957263,116,0.910340620829455,116,0.8839003,0.89542836,4
hotel_133,2023-05-11,0.8688524590163934,117,1.0,1.0,0.9345290095746815,0.9347052208728469,117,0.9589385883699676,117,0.873456,0.90113884,4
hotel_133,2023-05-12,0.9836065573770492,118,1.0,1.0,0.9647503404259199,1.0037875035346495,118,0.9782456222316851,118,0.9682323,0.9673242,4
hotel_133,2023-05-13,1.0,119,1.0,1.0,0.9596174593524227,1.0364456709350442,119,0.9891931847747275,119,0.95172507,0.9780512,4
hotel_133,2023-05-14,0.7540983606557377,120,1.0,0.6557377049180327,0.7895287265079589,0.8544513647363058,120,0.7996263534734761,120,0.714205,0.73331237,4
hotel_133,2023-05-15,0.7049180327868853,121,1.0,0.639344262295082,0.8005768086568378,0.8872098147626668,121,0.823038789568311,121,0.7726188,0.786602,4
hotel_133,2023-05-16,0.7704918032786885,122,1.0,0.7704918032786885,0.865146861528556,0.9035628598907179,122,0.8639613731368381,122,0.85459805,0.8693118,4
hotel_133,2023-05-17,0.8688524590163934,123,1.0,0.8032786885245902,0.9028671830473106,0.9190865104957263,123,0.8632581136308459,123,0.85899174,0.89595926,4
hotel_133,2023-05-18,0.9344262295081968,124,1.0,1.0,0.9385518778362864,0.9347052208728469,124,0.9396685296021765,124,0.86394215,0.90084714,4
hotel_133,2023-05-19,0.9672131147540983,125,1.0,1.0,0.9638177732304637,1.0037875035346495,125,0.9520049153361421,125,0.9477539,0.95698935,4
hotel_133,2023-05-20,0.9016393442622951,126,1.0,1.0,0.9582396454285178,1.0364456709350442,126,0.9624095242081006,126,0.9474146,0.9805794,4
hotel_133,2023-05-21,0.8360655737704918,127,1.0,0.6557377049180327,0.800962109134891,0.8544513647363058,127,0.7448891659520038,127,0.72098935,0.73709595,4
hotel_133,2023-05-22,0.9016393442622951,128,1.0,0.639344262295082,0.8112366768328718,0.8872098147626668,128,0.7644283775180318,128,0.7347063,0.78505796,4
hotel_133,2023-05-23,0.9016393442622951,129,1.0,0.7704918032786885,0.8702630211752898,0.9035628598907179,129,0.806938399474723,129,0.8165443,0.8623563,4
hotel_133,2023-05-24,1.0,130,1.0,0.8032786885245902,0.9052579786795483,0.9190865104957263,130,0.8395171481227638,130,0.880625,0.89971423,4
hotel_133,2023-05-25,0.9672131147540983,131,1.0,1.0,0.9366377074102592,0.9347052208728469,131,0.8633160808358903,131,0.89565736,0.91113317,4
hotel_133,2023-05-26,0.9836065573770492,132,1.0,1.0,0.960286641891903,1.0037875035346495,132,0.9314220614018008,132,0.95228106,0.96664226,4
hotel_133,2023-05-27,1.0,133,1.0,1.0,0.9552134605288308,1.0364456709350442,133,0.9695890157408515,133,0.9587077,0.9943473,4
hotel_133,2023-05-28,0.9016393442622951,134,1.0,0.6557377049180327,0.8097124035847673,0.8544513647363058,134,0.7300727244663696,134,0.72750294,0.76330245,4
hotel_133,2023-05-29,0.8524590163934426,135,1.0,0.639344262295082,0.8192135793456488,0.8872098147626668,135,0.7405671809337153,135,0.77848095,0.7888069,4
hotel_133,2023-05-30,0.8688524590163934,136,1.0,0.7704918032786885,0.8738898283172724,0.9035628598907179,136,0.7838716923604124,136,0.8372555,0.8651983,4
hotel_133,2023-05-31,1.0,137,1.0,0.8032786885245902,0.9062541126796053,0.9190865104957263,137,0.8120008299254974,137,0.86288345,0.9098467,4
hotel_133,2023-06-01,1.0,138,1.0,1.0,0.9354459431994344,0.9347052208728469,138,0.8665373431315552,138,0.8671041,0.9069691,4
hotel_133,2023-06-02,0.9836065573770492,139,1.0,1.0,0.957296261394467,1.0037875035346495,139,0.9266848408027112,139,0.9471958,0.9727973,4
hotel_14,2023-05-06,0.8490566037735849,140,0.8962264150943396,0.9056603773584906,0.8683317706893654,0.8663346648069361,140,0.8893669422207869,140,0.90871394,0.9187266,4
hotel_14,2023-05-07,0.5,141,0.8962264150943396,0.8490566037735849,0.7748986726701632,0.6461266607877674,141,0.6720791447273958,141,0.7009135,0.6805141,4
hotel_14,2023-05-08,0.7452830188679245,142,0.8962264150943396,0.7169811320754716,0.7346272889042548,0.7405642235807386,142,0.6923154681306225,142,0.773092,0.73785895,4
hotel_14,2023-05-09,0.8207547169811321,143,0.8962264150943396,0.7358490566037735,0.753146222203373,0.8247546292651876,143,0.7238490822837023,143,0.8435353,0.8207394,4
hotel_14,2023-05-10,0.7641509433962265,144,0.8962264150943396,0.839622641509434,0.8049153529930342,0.8491698015052493,144,0.7697204598730364,144,0.8591092,0.8374084,4
hotel_14,2023-05-11,0.8113207547169812,145,0.8962264150943396,0.6886792452830188,0.7250993663503381,0.802230316630909,145,0.7724474633576525,145,0.78310657,0.7855777,4
hotel_14,2023-05-12,0.8018867924528302,146,0.8962264150943396,0.8962264150943396,0.8315992142058256,0.8347587021484625,146,0.8713505793202336,146,0.846442,0.8520661,4
hotel_14,2023-05-13,0.6981132075471698,147,0.8962264150943396,0.9056603773584906,0.834895067242329,0.8663346648069361,147,0.887496868401098,147,0.8673695,0.87674665,4
hotel_14,2023-05-14,0.4056603773584906,148,0.8962264150943396,0.8490566037735849,0.783722083612215,0.6461266607877674,148,0.6288811583723433,148,0.6589476,0.6422917,4
hotel_14,2023-05-15,0.6792452830188679,149,0.8962264150943396,0.7169811320754716,0.7338238914942051,0.7405642235807386,149,0.6522179050577414,149,0.74615526,0.7036944,4
hotel_14,2023-05-16,0.6698113207547169,150,0.8962264150943396,0.7358490566037735,0.7458135265723975,0.8247546292651876,150,0.7090700411982361,150,0.82085216,0.7855484,4
hotel_14,2023-05-17,0.6981132075471698,151,0.8962264150943396,0.839622641509434,0.7926836086495012,0.8491698015052493,151,0.7477897713952416,151,0.8355962,0.82084113,4
hotel_14,2023-05-18,0.7075471698113207,152,0.8962264150943396,0.6886792452830188,0.7226732938760577,0.802230316630909,152,0.7340454893531251,152,0.77341956,0.77940726,4
hotel_14,2023-05-19,0.8018867924528302,153,0.8962264150943396,0.8962264150943396,0.8176340315543811,0.8347587021484625,153,0.8444389278343388,153,0.8412773,0.8341842,4
hotel_14,2023-05-20,0.7735849056603774,154,0.8962264150943396,0.9056603773584906,0.811702457012454,0.8663346648069361,154,0.8766600835306876,154,0.8516866,0.87855566,4
hotel_14,2023-05-21,0.49056603773584906,155,0.8962264150943396,0.8490566037735849,0.7676903126206592,0.6461266607877674,155,0.6428145083334504,155,0.66002136,0.6469801,4
hotel_14,2023-05-22,0.4716981132075472,156,0.8962264150943396,0.7169811320754716,0.7379066255644205,0.7405642235807386,156,0.6761622066567077,156,0.72375035,0.71227586,4
hotel_14,2023-05-23,0.5849056603773585,157,0.8962264150943396,0.7358490566037735,0.7473456855106194,0.8247546292651876,157,0.7138052890140092,157,0.7947068,0.7939371,4
hotel_14,2023-05-24,0.5566037735849056,158,0.8962264150943396,0.839622641509434,0.7789208017648032,0.8491698015052493,158,0.751748413937513,158,0.81969714,0.81953484,4
hotel_14,2023-05-25,0.4716981132075472,159,0.8962264150943396,0.6886792452830188,0.7311130112878723,0.802230316630909,159,0.7401380157261658,159,0.7952639,0.7864567,4
hotel_14,2023-05-26,0.5660377358490566,160,0.8962264150943396,0.8962264150943396,0.7955031944045213,0.8347587021484625,160,0.8280838323286703,160,0.8407775,0.853511,4
hotel_14,2023-05-27,0.6981132075471698,161,0.8962264150943396,0.9056603773584906,0.7940507052114734,0.8663346648069361,161,0.8753577800852507,161,0.85008144,0.88439053,4
hotel_14,2023-05-28,0.4811320754716981,162,0.8962264150943396,0.8490566037735849,0.7637389720576222,0.6461266607877674,162,0.6513001718490544,162,0.67531246,0.6699973,4
hotel_14,2023-05-29,0.37735849056603776,163,0.8962264150943396,0.7169811320754716,0.7392826488624196,0.7405642235807386,163,0.7080994867858698,163,0.71869624,0.7271828,4
hotel_14,2023-05-30,0.49056603773584906,164,0.8962264150943396,0.7358490566037735,0.7460455602890743,0.8247546292651876,164,0.7138383222662181,164,0.7936338,0.7990764,4
hotel_14,2023-05-31,0.5471698113207547,165,0.8962264150943396,0.839622641509434,0.7704154494591042,0.8491698015052493,165,0.7467995759157263,165,0.80908793,0.82225066,4
hotel_14,2023-06-01,0.5188679245283019,166,0.8962264150943396,0.6886792452830188,0.7337638748804213,0.802230316630909,166,0.7451821350788447,166,0.7774949,0.78419054,4
hotel_14,2023-06-02,0.5660377358490566,167,0.8962264150943396,0.8962264150943396,0.7833005185660172,0.8347587021484625,167,0.8351516047705774,167,0.84239787,0.8565122,4
hotel_21,2023-05-06,0.9907407407407407,168,0.9953703703703703,0.9861111111111112,1.0080401448257947,0.9983562480780448,168,0.977713705097237,168,0.9874704,0.9919059,4
hotel_21,2023-05-07,0.9166666666666666,169,0.9953703703703703,0.8055555555555556,0.9728867491937944,0.9453654921747014,169,0.8485963714588779,169,0.95381147,0.9511585,4
hotel_21,2023-05-08,0.8796296296296297,170,0.9953703703703703,0.8148148148148148,0.9776717266243613,0.9706797183447105,170,0.8877979201665747,170,0.9519046,0.9569674,4
hotel_21,2023-05-09,0.9166666666666666,171,0.9953703703703703,0.9166666666666666,0.9856790306464565,0.9945409303881478,171,0.9280677350982373,171,0.96367794,0.9756815,4
hotel_21,2023-05-10,0.9768518518518519,172,0.9953703703703703,0.9907407407407407,0.9927885777420669,1.0083279346666325,172,0.9689387192386871,172,0.9715411,0.9893152,4
hotel_21,2023-05-11,0.9768518518518519,173,0.9953703703703703,0.9814814814814815,0.9858699818504463,1.0064425153056957,173,0.9778219404753647,173,0.9727003,0.9824804,4
hotel_21,2023-05-12,0.9953703703703703,174,0.9953703703703703,0.9953703703703703,0.972884962865434,0.991479520903746,174,0.9919210314134344,174,0.98024815,0.98781604,4
hotel_21,2023-05-13,0.9953703703703703,175,0.9953703703703703,0.9861111111111112,0.9849277548322516,0.9983562480780448,175,0.9884318119063394,175,0.98218876,0.9915144,4
hotel_21,2023-05-14,0.8055555555555556,176,0.9953703703703703,0.8055555555555556,0.9399656593349914,0.9453654921747014,176,0.8496276521206496,176,0.94939363,0.9491463,4
hotel_21,2023-05-15,0.8194444444444444,177,0.9953703703703703,0.8148148148148148,0.9447354723379108,0.9706797183447105,177,0.8844918834943858,177,0.95633316,0.9536853,4
hotel_21,2023-05-16,1.0092592592592593,178,0.9953703703703703,0.9166666666666666,0.9690969741157227,0.9945409303881478,178,0.9183577084038144,178,0.9663921,0.9731873,4
hotel_21,2023-05-17,1.0092592592592593,179,0.9953703703703703,0.9907407407407407,0.9835322937064819,1.0083279346666325,179,0.9630099388031795,179,0.96678805,0.9847426,4
hotel_21,2023-05-18,1.0046296296296295,180,0.9953703703703703,0.9814814814814815,0.9795149159976351,1.0064425153056957,180,0.959849894447522,180,0.9806778,0.9808945,4
hotel_21,2023-05-19,0.8842592592592593,181,0.9953703703703703,0.9953703703703703,0.9713376697241835,0.991479520903746,181,0.9651385882887976,181,0.9799075,0.9822828,4
hotel_21,2023-05-20,1.0138888888888888,182,0.9953703703703703,0.9861111111111112,0.983668691542132,0.9983562480780448,182,0.9744819906186308,182,0.9764657,0.9834163,4
hotel_21,2023-05-21,1.0,183,0.9953703703703703,0.8055555555555556,0.9406375737882403,0.9453654921747014,183,0.8655102683802091,183,0.9393856,0.945911,4
hotel_21,2023-05-22,0.9537037037037037,184,0.9953703703703703,0.8148148148148148,0.9461064409861514,0.9706797183447105,184,0.8903079046067884,184,0.9455909,0.9539969,4
hotel_21,2023-05-23,0.9166666666666666,185,0.9953703703703703,0.9166666666666666,0.9680789505721603,0.9945409303881478,185,0.937979658823189,185,0.9595299,0.97050065,4
hotel_21,2023-05-24,0.9166666666666666,186,0.9953703703703703,0.9907407407407407,0.9819932933408697,1.0083279346666325,186,0.9493405980904273,186,0.9699997,0.9838962,4
hotel_21,2023-05-25,0.9259259259259259,187,0.9953703703703703,0.9814814814814815,0.9779653114444127,1.0064425153056957,187,0.95130904930993,187,0.9782553,0.9834686,4
hotel_21,2023-05-26,0.9814814814814815,188,0.9953703703703703,0.9953703703703703,0.9706398210280578,0.991479520903746,188,0.9646922997956601,188,0.97999364,0.98708886,4
hotel_21,2023-05-27,1.0092592592592593,189,0.9953703703703703,0.9861111111111112,0.9819389510839089,0.9983562480780448,189,0.9568699883146307,189,0.98433733,0.9908428,4
hotel_21,2023-05-28,1.0046296296296295,190,0.9953703703703703,0.8055555555555556,0.9421459186913606,0.9453654921747014,190,0.8696041834526009,190,0.9456433,0.95353526,4
hotel_21,2023-05-29,0.75,191,0.9953703703703703,0.8148148148148148,0.9471539869821641,0.9706797183447105,191,0.8939388948827097,191,0.9383906,0.95104516,4
hotel_21,2023-05-30,0.75,192,0.9953703703703703,0.9166666666666666,0.9676080495238071,0.9945409303881478,192,0.9113734607452537,192,0.94216436,0.96977556,4
hotel_21,2023-05-31,0.8981481481481481,193,0.9953703703703703,0.9907407407407407,0.9804879329495287,1.0083279346666325,193,0.9325564068538033,193,0.9598306,0.98324203,4
hotel_21,2023-06-01,0.9444444444444444,194,0.9953703703703703,0.9814814814814815,0.9767854406365559,1.0064425153056957,194,0.9378261366785701,194,0.965807,0.9833066,4
hotel_21,2023-06-02,1.0,195,0.9953703703703703,0.9953703703703703,0.9699753082288242,0.991479520903746,195,0.9639549348796598,195,0.9726134,0.985025,4
hotel_28,2023-05-06,0.0,196,0.0,0.0,0.00028512174874467216,0.00827051053703277,196,0.0022931863674868964,196,0.00040765107,-0.004159324,4
hotel_28,2023-05-07,0.0,197,0.0,0.0,7.800305074897739e-05,0.013426785282297625,197,-0.004526740631299625,197,-0.0021720678,0.00049219653,4
hotel_28,2023-05-08,0.0,198,0.0,0.0,-0.00011838205688192364,0.011353416236520444,198,-0.007691173269936742,198,0.0014537293,0.0039297976,4
hotel_28,2023-05-09,0.0,199,0.0,0.0,-0.00013099719983646025,0.005943765640414923,199,0.004519229413669884,199,0.0044112634,0.0017747125,4
hotel_28,2023-05-10,0.0,200,0.0,0.0,-0.00013080269073668807,0.0012827700287124898,200,0.005897467561869625,200,-0.004332043,0.002002208,4
hotel_28,2023-05-11,0.0,201,0.0,0.0,-0.0001311886426404262,-0.0017878412580390746,201,0.005190900902954009,201,-0.00460108,0.0019479506,4
hotel_28,2023-05-12,0.0,202,0.0,0.0,-0.00013136471198908734,-0.0010772726313553332,202,0.009091716846757344,202,0.0025856122,0.0040822625,4
hotel_28,2023-05-13,0.0,203,0.0,0.0,0.00020449823227553556,0.00827051053703277,203,0.0022931863674868964,203,-0.0009951424,0.003425425,4
hotel_28,2023-05-14,0.0,204,0.0,0.0,2.7062880638846682e-05,0.013426785282297625,204,-0.004526740631299625,204,0.0012065135,0.0077368505,4
hotel_28,2023-05-15,0.0,205,0.0,0.0,-0.000152563654379089,0.011353416236520444,205,-0.007691173269936742,205,0.00094596855,0.004079923,4
hotel_28,2023-05-16,0.0,206,0.0,0.0,-0.00015583896313972533,0.005943765640414923,206,0.004519229413669884,206,0.0053618667,0.0070264544,4
hotel_28,2023-05-17,0.0,207,0.0,0.0,-0.00015568773354753698,0.0012827700287124898,207,0.005897467561869625,207,0.002455552,0.007013132,4
hotel_28,2023-05-18,0.0,208,0.0,0.0,-0.00015601303707625674,-0.0017878412580390746,208,0.005190900902954009,208,0.005833432,0.005810706,4
hotel_28,2023-05-19,0.0,209,0.0,0.0,-0.0001561614732743994,-0.0010772726313553332,209,0.009091716846757344,209,0.004883025,0.005213096,4
hotel_28,2023-05-20,0.0,210,0.0,0.0,0.00011922056560091695,0.00827051053703277,210,0.0022931863674868964,210,0.00232362,0.0076914825,4
hotel_28,2023-05-21,0.0,211,0.0,0.0,-3.0808892023214985e-05,0.013426785282297625,211,-0.004526740631299625,211,-0.0016437359,0.011888404,4
hotel_28,2023-05-22,0.0,212,0.0,0.0,-0.00018196527454112684,0.011353416236520444,212,-0.007691173269936742,212,0.0019636676,0.011976581,4
hotel_28,2023-05-23,0.0,213,0.0,0.0,-0.00018557905898291546,0.005943765640414923,213,0.004519229413669884,213,0.0067804903,0.014091734,4
hotel_28,2023-05-24,0.0,214,0.0,0.0,-0.0001854301567834938,0.0012827700287124898,214,0.005897467561869625,214,0.006815873,0.0097824205,4
hotel_28,2023-05-25,0.0,215,0.0,0.0,-0.00018573206094299382,-0.0017878412580390746,215,0.005190900902954009,215,0.009278074,0.011028916,4
hotel_28,2023-05-26,0.0,216,0.0,0.0,-0.0001858697969017029,-0.0010772726313553332,216,0.009091716846757344,216,0.011471249,0.009171763,4
hotel_28,2023-05-27,0.0,217,0.0,0.0,7.48845216079948e-05,0.00827051053703277,217,0.0022931863674868964,217,0.0034924746,0.009063203,4
hotel_28,2023-05-28,0.0,218,0.0,0.0,-6.403289897813672e-05,0.013426785282297625,218,-0.004526740631299625,218,0.0033071637,0.013728438,4
hotel_28,2023-05-29,0.0,219,0.0,0.0,-0.00020448035522779251,0.011353416236520444,219,-0.007691173269936742,219,-0.0008295104,0.015828429,4
hotel_28,2023-05-30,0.0,220,0.0,0.0,-0.0002072604322666869,0.005943765640414923,220,0.004519229413669884,220,0.0037879497,0.018007573,4
hotel_28,2023-05-31,0.0,221,0.0,0.0,-0.0002071366573916179,0.0012827700287124898,221,0.005897467561869625,221,-0.00022411346,0.012637165,4
hotel_28,2023-06-01,0.0,222,0.0,0.0,-0.00020739820392382669,-0.0017878412580390746,222,0.009301802036391523,222,-0.0011476427,0.014287975,4
hotel_28,2023-06-02,0.0,223,0.0,0.0,-0.000207517541864249,-0.0010772726313553332,223,0.015703268965845986,223,0.0023542494,0.010569638,4
hotel_35,2023-05-06,0.615234375,224,0.669921875,0.880859375,0.6534811045857571,0.6416019952011589,224,0.7324018658298658,224,0.67730623,0.67234915,4
hotel_35,2023-05-07,0.5703125,225,0.669921875,0.923828125,0.6418258657777718,0.6305287643638189,225,0.644557270633212,225,0.69955945,0.6854275,4
hotel_35,2023-05-08,0.630859375,226,0.669921875,0.830078125,0.6676166757598633,0.6945848562478794,226,0.6783533131039536,226,0.7664568,0.7721162,4
hotel_35,2023-05-09,0.697265625,227,0.669921875,0.802734375,0.6809058268283141,0.751109053475638,227,0.7138064514974878,227,0.80552816,0.825861,4
hotel_35,2023-05-10,0.79296875,228,0.669921875,0.61328125,0.6679376608312969,0.7532203838000598,228,0.7628927222180543,228,0.8096837,0.8045786,4
hotel_35,2023-05-11,0.806640625,229,0.669921875,0.578125,0.6519842985298344,0.7215074439314153,229,0.7277632972590917,229,0.735763,0.76543117,4
hotel_35,2023-05-12,0.759765625,230,0.669921875,0.669921875,0.6562645617235275,0.6866542572631853,230,0.7774306733449508,230,0.7434843,0.77152,4
hotel_35,2023-05-13,0.8515625,231,0.669921875,0.880859375,0.6413992617928534,0.6416019952011589,231,0.8099078795036239,231,0.71589565,0.7309891,4
hotel_35,2023-05-14,0.802734375,232,0.669921875,0.923828125,0.6308609101050129,0.6305287643638189,232,0.5803847993755131,232,0.71213377,0.71402705,4
hotel_35,2023-05-15,0.833984375,233,0.669921875,0.830078125,0.654180262919932,0.6945848562478794,233,0.6486933984823657,233,0.7973526,0.77967435,4
hotel_35,2023-05-16,0.884765625,234,0.669921875,0.802734375,0.6661959538808266,0.751109053475638,234,0.714605561946832,234,0.82413775,0.8327414,4
hotel_35,2023-05-17,0.76953125,235,0.669921875,0.61328125,0.6544704889397539,0.7532203838000598,235,0.7476010039287373,235,0.83012676,0.81507385,4
hotel_35,2023-05-18,0.73046875,236,0.669921875,0.578125,0.6400458902415991,0.7215074439314153,236,0.7256469639670292,236,0.78968525,0.7902317,4
hotel_35,2023-05-19,0.658203125,237,0.669921875,0.669921875,0.6439159884519209,0.6866542572631853,237,0.778629089675924,237,0.81566983,0.7891671,4
hotel_35,2023-05-20,0.6328125,238,0.669921875,0.880859375,0.630475186320321,0.6416019952011589,238,0.7929397510760623,238,0.7346158,0.73773617,4
hotel_35,2023-05-21,0.556640625,239,0.669921875,0.923828125,0.6209466937577728,0.6305287643638189,239,0.60644153516018,239,0.6967273,0.7257936,4
hotel_35,2023-05-22,0.681640625,240,0.669921875,0.830078125,0.6420314218482932,0.6945848562478794,240,0.7162142080667581,240,0.77141726,0.7801214,4
hotel_35,2023-05-23,0.669921875,241,0.669921875,0.802734375,0.6528956846235492,0.751109053475638,241,0.7470769830421397,241,0.79666984,0.82270753,4
hotel_35,2023-05-24,0.6796875,242,0.669921875,0.61328125,0.6422938363655959,0.7532203838000598,242,0.7546044607413053,242,0.77500397,0.8007448,4
hotel_35,2023-05-25,0.591796875,243,0.669921875,0.578125,0.6292515043686766,0.7215074439314153,243,0.7360617667714067,243,0.7420677,0.7693314,4
hotel_35,2023-05-26,0.568359375,244,0.669921875,0.669921875,0.6327507424948754,0.6866542572631853,244,0.7995289318208648,244,0.76358736,0.7747422,4
hotel_35,2023-05-27,0.515625,245,0.669921875,0.880859375,0.6205979327444281,0.6416019952011589,245,0.8350290906905172,245,0.6965969,0.7171447,4
hotel_35,2023-05-28,0.6015625,246,0.669921875,0.923828125,0.6119825274890413,0.6305287643638189,246,0.5679880250462833,246,0.68424374,0.7002715,4
hotel_35,2023-05-29,0.654296875,247,0.669921875,0.830078125,0.6310467683442489,0.6945848562478794,247,0.7127679546555924,247,0.76311255,0.76566124,4
hotel_35,2023-05-30,0.63671875,248,0.669921875,0.802734375,0.6408699408970344,0.751109053475638,248,0.7537137083275302,248,0.7795913,0.8032784,4
hotel_35,2023-05-31,0.529296875,249,0.669921875,0.61328125,0.6312840364531989,0.7532203838000598,249,0.7358733636127118,249,0.7809384,0.7970323,4
hotel_35,2023-06-01,0.53125,250,0.669921875,0.578125,0.6194915126210022,0.7215074439314153,250,0.747162981309988,250,0.74906677,0.7622477,4
hotel_35,2023-06-02,0.55078125,251,0.669921875,0.669921875,0.6226554290898881,0.6866542572631853,251,0.8079040654352063,251,0.7547348,0.7657828,4
hotel_42,2023-05-06,0.9878542510121457,252,0.9919028340080972,0.7044534412955465,0.8720092253315621,1.0870937301235066,252,0.9036590649134412,252,0.9379202,0.9861102,4
hotel_42,2023-05-07,0.4534412955465587,253,0.9919028340080972,0.44129554655870445,0.6413738861198044,0.7378982212442208,253,0.470725736931293,253,0.664897,0.7065991,4
hotel_42,2023-05-08,0.8947368421052632,254,0.9919028340080972,0.7004048582995951,0.7252586468762618,0.8211733534470943,254,0.5424488723084901,254,0.7523582,0.7850812,4
hotel_42,2023-05-09,0.951417004048583,255,0.9919028340080972,0.9149797570850202,0.7880700784235637,0.925202775868906,255,0.6652003409413789,255,0.810329,0.8663353,4
hotel_42,2023-05-10,0.5384615384615384,256,0.9919028340080972,0.9554655870445344,0.8056933514430622,0.9020413583159788,256,0.816177577661893,256,0.8293682,0.8834581,4
hotel_42,2023-05-11,0.44129554655870445,257,0.9919028340080972,0.8461538461538461,0.7855972080697613,0.9099314622932293,257,0.8273466550266481,257,0.8005451,0.87880784,4
hotel_42,2023-05-12,0.5910931174089069,258,0.9919028340080972,0.9919028340080972,0.7961588883543937,0.9746919229812248,258,0.9252282739576189,258,0.9008362,0.9417781,4
hotel_42,2023-05-13,0.7044534412955465,259,0.9919028340080972,0.7044534412955465,0.7086324018727967,1.0870937301235066,259,0.8922645598760814,259,0.8267226,0.9495544,4
hotel_42,2023-05-14,0.3319838056680162,260,0.9919028340080972,0.44129554655870445,0.5956046324810307,0.7378982212442208,260,0.6004904189330003,260,0.5179198,0.6577105,4
hotel_42,2023-05-15,0.6234817813765182,261,0.9919028340080972,0.7004048582995951,0.6786246051329178,0.8211733534470943,261,0.6726496215056875,261,0.58541095,0.7304502,4
hotel_42,2023-05-16,0.8987854251012146,262,0.9919028340080972,0.9149797570850202,0.7461123986441066,0.925202775868906,262,0.7698746449603838,262,0.6930516,0.80923796,4
hotel_42,2023-05-17,0.9919028340080972,263,0.9919028340080972,0.9554655870445344,0.7599645942438051,0.9020413583159788,263,0.8262923082410989,263,0.74852985,0.8494277,4
hotel_42,2023-05-18,0.9919028340080972,264,0.9919028340080972,0.8461538461538461,0.7278827962264565,0.9099314622932293,264,0.8254479336314141,264,0.75899947,0.86315423,4
hotel_42,2023-05-19,1.0,265,0.9919028340080972,0.9919028340080972,0.7674765572111426,0.9746919229812248,265,0.890688859838903,265,0.8904091,0.9234506,4
hotel_42,2023-05-20,0.9878542510121457,266,0.9919028340080972,0.7044534412955465,0.7195056937904516,1.0870937301235066,266,0.8964587610139935,266,0.89097434,0.9679915,4
hotel_42,2023-05-21,0.4534412955465587,267,0.9919028340080972,0.44129554655870445,0.6380364017998803,0.7378982212442208,267,0.5970024771634772,267,0.6317024,0.68104655,4
hotel_42,2023-05-22,0.6639676113360324,268,0.9919028340080972,0.7004048582995951,0.6758526400846275,0.8211733534470943,268,0.6550286900867887,268,0.67350686,0.75823194,4
hotel_42,2023-05-23,0.680161943319838,269,0.9919028340080972,0.9149797570850202,0.7052086202242187,0.925202775868906,269,0.7189890649353906,269,0.7303282,0.836782,4
hotel_42,2023-05-24,0.5668016194331984,270,0.9919028340080972,0.9554655870445344,0.7124523825452329,0.9020413583159788,270,0.7827056205935514,270,0.7810241,0.8576752,4
hotel_42,2023-05-25,0.7044534412955465,271,0.9919028340080972,0.8461538461538461,0.7010114301304072,0.9099314622932293,271,0.7791498025603179,271,0.76965886,0.87774503,4
hotel_42,2023-05-26,0.9959514170040485,272,0.9919028340080972,0.9919028340080972,0.7114641310726707,0.9746919229812248,272,0.8719344743943825,272,0.8675539,0.9225009,4
hotel_42,2023-05-27,1.0,273,0.9919028340080972,0.7044534412955465,0.6795550944462935,1.0870937301235066,273,0.8509430870775246,273,0.87131786,0.94262046,4
hotel_42,2023-05-28,0.9959514170040485,274,0.9919028340080972,0.44129554655870445,0.6345364977205321,0.7378982212442208,274,0.5881384959982666,274,0.60311097,0.69150376,4
hotel_42,2023-05-29,0.21862348178137653,275,0.9919028340080972,0.7004048582995951,0.6633017575576836,0.8211733534470943,275,0.7023130457008954,275,0.6327336,0.7539344,4
hotel_42,2023-05-30,0.25101214574898784,276,0.9919028340080972,0.9149797570850202,0.686414793328436,0.925202775868906,276,0.7190957185084255,276,0.6401495,0.8274992,4
hotel_42,2023-05-31,0.27530364372469635,277,0.9919028340080972,0.9554655870445344,0.6913967956859716,0.9020413583159788,277,0.7646732929281127,277,0.6640252,0.8564914,4
hotel_42,2023-06-01,0.30364372469635625,278,0.9919028340080972,0.8461538461538461,0.6809005140566012,0.9099314622932293,278,0.7434242051864741,278,0.70715046,0.8401127,4
hotel_42,2023-06-02,0.5789473684210527,279,0.9919028340080972,0.9919028340080972,0.6931382927546581,0.9746919229812248,279,0.8440882508266002,279,0.7964878,0.9234397,4
hotel_49,2023-05-06,0.7117903930131004,280,0.7379912663755459,0.74235807860262,0.7406335474559192,0.7549653117753092,280,0.7930911342617007,280,0.70825976,0.73535544,4
hotel_49,2023-05-07,0.7161572052401747,281,0.7379912663755459,0.7336244541484717,0.719168790083489,0.6635406986338065,281,0.5719983169276059,281,0.6621114,0.68157387,4
hotel_49,2023-05-08,0.74235807860262,282,0.7379912663755459,0.5633187772925764,0.6936494043779983,0.653412253611684,282,0.6175626455440089,282,0.65028125,0.67688394,4
hotel_49,2023-05-09,0.6986899563318777,283,0.7379912663755459,0.5545851528384279,0.6890301931092346,0.6776576555601501,283,0.6629589520311352,283,0.6863848,0.6813209,4
hotel_49,2023-05-10,0.5065502183406113,284,0.7379912663755459,0.6375545851528385,0.6366747591691947,0.6785633399297152,284,0.6833192146869164,284,0.6659729,0.6832245,4
hotel_49,2023-05-11,0.4585152838427948,285,0.7379912663755459,0.7467248908296943,0.7298134996923863,0.6967507418706814,285,0.7144134374255169,285,0.73230696,0.7439477,4
hotel_49,2023-05-12,0.5982532751091703,286,0.7379912663755459,0.7379912663755459,0.7177475055648995,0.7450580006996729,286,0.7945234957094434,286,0.74703294,0.7762684,4
hotel_49,2023-05-13,0.6855895196506551,287,0.7379912663755459,0.74235807860262,0.7184842921570616,0.7549653117753092,287,0.8305948869526768,287,0.7326743,0.76006866,4
hotel_49,2023-05-14,0.4759825327510917,288,0.7379912663755459,0.7336244541484717,0.7128240666269237,0.6635406986338065,288,0.5585919658583385,288,0.6599007,0.6903043,4
hotel_49,2023-05-15,0.5895196506550219,289,0.7379912663755459,0.5633187772925764,0.6695636313671898,0.653412253611684,289,0.6469387958206196,289,0.66280234,0.6873161,4
hotel_49,2023-05-16,0.6462882096069869,290,0.7379912663755459,0.5545851528384279,0.6667378918218244,0.6776576555601501,290,0.6848925450374418,290,0.67866886,0.6947778,4
hotel_49,2023-05-17,0.6812227074235808,291,0.7379912663755459,0.6375545851528385,0.6763698131175007,0.6785633399297152,291,0.7096724555093613,291,0.6654098,0.6931181,4
hotel_49,2023-05-18,0.5545851528384279,292,0.7379912663755459,0.7467248908296943,0.7176353648286035,0.6967507418706814,292,0.7228504070846585,292,0.7351429,0.7457754,4
hotel_49,2023-05-19,0.7292576419213974,293,0.7379912663755459,0.7379912663755459,0.7135127696436908,0.7450580006996729,293,0.7957773151013927,293,0.7447481,0.7818448,4
hotel_49,2023-05-20,0.7467248908296943,294,0.7379912663755459,0.74235807860262,0.7142438185222477,0.7549653117753092,294,0.8299323774563644,294,0.71847373,0.76778144,4
hotel_49,2023-05-21,0.5982532751091703,295,0.7379912663755459,0.7336244541484717,0.7083600478441864,0.6635406986338065,295,0.5573297102169639,295,0.65430146,0.6958412,4
hotel_49,2023-05-22,0.5764192139737991,296,0.7379912663755459,0.5633187772925764,0.6949221715189348,0.653412253611684,296,0.6845414548437616,296,0.6475827,0.6910646,4
hotel_49,2023-05-23,0.6026200873362445,297,0.7379912663755459,0.5545851528384279,0.6933730626387662,0.6776576555601501,297,0.7225247824835211,297,0.6658182,0.6898514,4
hotel_49,2023-05-24,0.5982532751091703,298,0.7379912663755459,0.6375545851528385,0.6831516417610572,0.6785633399297152,298,0.7278328996866428,298,0.65066886,0.68850994,4
hotel_49,2023-05-25,0.5851528384279476,299,0.7379912663755459,0.7467248908296943,0.7116350044429381,0.6967507418706814,299,0.7434514073832155,299,0.71865267,0.7492987,4
hotel_49,2023-05-26,0.5982532751091703,300,0.7379912663755459,0.7379912663755459,0.7081606526211065,0.7450580006996729,300,0.8063748417039726,300,0.7451337,0.7804378,4
hotel_49,2023-05-27,0.6026200873362445,301,0.7379912663755459,0.74235807860262,0.7084572318029073,0.7549653117753092,301,0.8406149301363028,301,0.72978365,0.76842546,4
hotel_49,2023-05-28,0.5982532751091703,302,0.7379912663755459,0.7336244541484717,0.7061308190311992,0.6635406986338065,302,0.5869490650955719,302,0.6753971,0.70896274,4
hotel_49,2023-05-29,0.4585152838427948,303,0.7379912663755459,0.5633187772925764,0.6939113566235053,0.653412253611684,303,0.6410230978201816,303,0.64471674,0.6870472,4
hotel_49,2023-05-30,0.5327510917030568,304,0.7379912663755459,0.5545851528384279,0.6929947964098636,0.6776576555601501,304,0.682795595865975,304,0.6625652,0.6998004,4
hotel_49,2023-05-31,0.611353711790393,305,0.7379912663755459,0.6375545851528385,0.6933852272803267,0.6785633399297152,305,0.6900242044675672,305,0.63828665,0.6965064,4
hotel_49,2023-06-01,0.6637554585152838,306,0.7379912663755459,0.7467248908296943,0.7078038136727415,0.6967507418706814,306,0.699643379412095,306,0.73608124,0.76797664,4
hotel_49,2023-06-02,0.7336244541484717,307,0.7379912663755459,0.7379912663755459,0.7062524598873868,0.7450580006996729,307,0.778562476802887,307,0.75971615,0.802029,4
hotel_56,2023-05-06,0.9833333333333333,308,0.9916666666666667,0.9916666666666667,0.9704653972994286,1.011364868531082,308,0.9935682047613138,308,0.9911064,0.99766827,4
hotel_56,2023-05-07,0.75,309,0.9916666666666667,0.725,0.8865422211899618,0.8845981351018591,309,0.8827633072495037,309,0.89601064,0.8986708,4
hotel_56,2023-05-08,1.0,310,0.9916666666666667,0.7916666666666666,0.9281127438275517,0.9051454367411942,310,0.8983693744451745,310,0.9306185,0.93476295,4
hotel_56,2023-05-09,1.0,311,0.9916666666666667,0.9666666666666667,0.9564828365819397,0.9425456251316073,311,0.9693083169317399,311,0.95604837,0.9697776,4
hotel_56,2023-05-10,0.8166666666666667,312,0.9916666666666667,1.0,0.9618431167019509,0.9646909017384555,312,0.9821331285100302,312,0.96010953,0.9783735,4
hotel_56,2023-05-11,0.625,313,0.9916666666666667,0.975,0.9381744273564914,0.9714970558106815,313,0.9763312715508995,313,0.94319594,0.96225435,4
hotel_56,2023-05-12,0.975,314,0.9916666666666667,0.9916666666666667,0.960044224268662,0.9921940755506791,314,0.9919210314134344,314,0.9839302,0.98630625,4
hotel_56,2023-05-13,0.8833333333333333,315,0.9916666666666667,0.9916666666666667,0.9575948934513774,1.011364868531082,315,0.9750255652599211,315,0.9855071,0.99168104,4
hotel_56,2023-05-14,0.7416666666666667,316,0.9916666666666667,0.725,0.8873541499371348,0.8845981351018591,316,0.857530353745804,316,0.88489866,0.8888692,4
hotel_56,2023-05-15,1.0083333333333333,317,0.9916666666666667,0.7916666666666666,0.9256699739441712,0.9051454367411942,317,0.8753464231549489,317,0.94041914,0.9221794,4
hotel_56,2023-05-16,1.0,318,0.9916666666666667,0.9666666666666667,0.9518504990882213,0.9425456251316073,318,0.9418751956426917,318,0.9575535,0.9611668,4
hotel_56,2023-05-17,0.975,319,0.9916666666666667,1.0,0.9567857612072542,0.9646909017384555,319,0.9701162286254922,319,0.9566536,0.9700675,4
hotel_56,2023-05-18,0.8,320,0.9916666666666667,0.975,0.9349609924070718,0.9714970558106815,320,0.9474512444992194,320,0.9516571,0.95616347,4
hotel_56,2023-05-19,0.975,321,0.9916666666666667,0.9916666666666667,0.955128707745645,0.9921940755506791,321,0.9676599461454926,321,0.9917885,0.9767026,4
hotel_56,2023-05-20,0.9083333333333333,322,0.9916666666666667,0.9916666666666667,0.9528713953983997,1.011364868531082,322,0.9796511396300814,322,0.9878303,0.9847052,4
hotel_56,2023-05-21,0.625,323,0.9916666666666667,0.725,0.8880869020634861,0.8845981351018591,323,0.8821604256244032,323,0.8735829,0.8841975,4
hotel_56,2023-05-22,0.9,324,0.9916666666666667,0.7916666666666666,0.9234264212739648,0.9051454367411942,324,0.9282503362651899,324,0.9207694,0.9250077,4
hotel_56,2023-05-23,0.825,325,0.9916666666666667,0.9666666666666667,0.9475725402235154,0.9425456251316073,325,0.9593180479033915,325,0.9419223,0.9557055,4
hotel_56,2023-05-24,0.85,326,0.9916666666666667,1.0,0.9521245666722783,0.9646909017384555,326,0.964456497484071,326,0.9596474,0.97044927,4
hotel_56,2023-05-25,1.0,327,0.9916666666666667,0.975,0.9319953246372863,0.9714970558106815,327,0.9499853845288049,327,0.95486724,0.9604271,4
hotel_56,2023-05-26,0.9416666666666667,328,0.9916666666666667,0.9916666666666667,0.9505962065156767,0.9921940755506791,328,0.970059427418439,328,0.9741646,0.9834948,4
hotel_56,2023-05-27,1.0083333333333333,329,0.9916666666666667,0.9916666666666667,0.9485142321874707,1.011364868531082,329,0.9755390415210949,329,0.9797573,0.9855268,4
hotel_56,2023-05-28,0.975,330,0.9916666666666667,0.725,0.8887631053464918,0.8845981351018591,330,0.8427845425363097,330,0.8830373,0.8995512,4
hotel_56,2023-05-29,0.6,331,0.9916666666666667,0.7916666666666666,0.9213569549493132,0.9051454367411942,331,0.8349391587683941,331,0.9120233,0.92174685,4
hotel_56,2023-05-30,0.8333333333333334,332,0.9916666666666667,0.9666666666666667,0.9436270824116415,0.9425456251316073,332,0.8964423874902266,332,0.9340634,0.9623043,4
hotel_56,2023-05-31,0.85,333,0.9916666666666667,1.0,0.947825440587099,0.9646909017384555,333,0.9468674128298827,333,0.95045096,0.97034174,4
hotel_56,2023-06-01,0.8583333333333333,334,0.9916666666666667,0.975,0.9292601152959558,0.9714970558106815,334,0.9471031098755379,334,0.94840306,0.95921785,4
hotel_56,2023-06-02,0.9416666666666667,335,0.9916666666666667,0.9916666666666667,0.9464158254481471,0.9921940755506791,335,0.9666790696865984,335,0.9755871,0.9854569,4
hotel_63,2023-05-06,0.9911111111111112,336,0.8933333333333333,0.9466666666666667,0.8974822894752416,0.8813236565823572,336,0.918841441529692,336,0.8897404,0.9684863,4
hotel_63,2023-05-07,0.3422222222222222,337,0.8933333333333333,0.6711111111111111,0.6780147105070686,0.5908768028142628,337,0.6082640599391985,337,0.44942924,0.5654514,4
hotel_63,2023-05-08,0.49777777777777776,338,0.8933333333333333,0.5955555555555555,0.6360906679534466,0.6006965105414052,338,0.6872390956559586,338,0.50357735,0.6200224,4
hotel_63,2023-05-09,0.7733333333333333,339,0.8933333333333333,0.5866666666666667,0.6641347928663163,0.6637062472986333,339,0.6967678875308722,339,0.5838319,0.6771168,4
hotel_63,2023-05-10,0.92,340,0.8933333333333333,0.6444444444444445,0.6679539958283949,0.6799658663761385,340,0.668264038148869,340,0.61144173,0.7018069,4
hotel_63,2023-05-11,0.96,341,0.8933333333333333,0.56,0.6379555840642621,0.6866622422979574,341,0.6800612606538867,341,0.56861943,0.7202253,4
hotel_63,2023-05-12,0.8622222222222222,342,0.8933333333333333,0.8933333333333333,0.8364945989941168,0.8323555912393659,342,0.8063101385262051,342,0.80886704,0.90180117,4
hotel_63,2023-05-13,0.96,343,0.8933333333333333,0.9466666666666667,0.8520294207463667,0.8813236565823572,343,0.9014985781808015,343,0.8417691,0.96273416,4
hotel_63,2023-05-14,0.5511111111111111,344,0.8933333333333333,0.6711111111111111,0.7074491731558203,0.5908768028142628,344,0.5796585011632591,344,0.45610058,0.57114035,4
hotel_63,2023-05-15,0.4222222222222222,345,0.8933333333333333,0.5955555555555555,0.6755434678022827,0.6006965105414052,345,0.5613075365851712,345,0.52610016,0.63472533,4
hotel_63,2023-05-16,0.8488888888888889,346,0.8933333333333333,0.5866666666666667,0.6841398438063231,0.6637062472986333,346,0.6375383143404878,346,0.6500934,0.71247697,4
hotel_63,2023-05-17,0.9111111111111111,347,0.8933333333333333,0.6444444444444445,0.7019910987651405,0.6799658663761385,347,0.7103173548054493,347,0.7133654,0.733955,4
hotel_63,2023-05-18,0.7244444444444444,348,0.8933333333333333,0.56,0.6711481187770671,0.6866622422979574,348,0.701524418115734,348,0.6813718,0.73989433,4
hotel_63,2023-05-19,0.8888888888888888,349,0.8933333333333333,0.8933333333333333,0.8237837971290363,0.8323555912393659,349,0.8008443223439025,349,0.85172194,0.8745581,4
hotel_63,2023-05-20,1.0133333333333334,350,0.8933333333333333,0.9466666666666667,0.8303085008898062,0.8813236565823572,350,0.8766118796179968,350,0.88241905,0.96370107,4
hotel_63,2023-05-21,0.7022222222222222,351,0.8933333333333333,0.6711111111111111,0.7259845583813318,0.5908768028142628,351,0.6093028420011433,351,0.4759193,0.57335675,4
hotel_63,2023-05-22,0.8888888888888888,352,0.8933333333333333,0.5955555555555555,0.7046996511639265,0.6006965105414052,352,0.5671453507590413,352,0.47437626,0.6345,4
hotel_63,2023-05-23,0.92,353,0.8933333333333333,0.5866666666666667,0.7149156887515739,0.6637062472986333,353,0.6233894682031085,353,0.5689703,0.6954397,4
hotel_63,2023-05-24,0.7955555555555556,354,0.8933333333333333,0.6444444444444445,0.7218235715792705,0.6799658663761385,354,0.6599415260220165,354,0.64838004,0.70732164,4
hotel_63,2023-05-25,0.5866666666666667,355,0.8933333333333333,0.56,0.7041225595952099,0.6866622422979574,355,0.673194074019827,355,0.65362924,0.7523299,4
hotel_63,2023-05-26,0.9111111111111111,356,0.8933333333333333,0.8933333333333333,0.8059637322856416,0.8323555912393659,356,0.7937392065557597,356,0.79691124,0.89248717,4
hotel_63,2023-05-27,0.9644444444444444,357,0.8933333333333333,0.9466666666666667,0.8124357065993355,0.8813236565823572,357,0.8724016372667565,357,0.8262816,0.9757923,4
hotel_63,2023-05-28,0.9288888888888889,358,0.8933333333333333,0.6711111111111111,0.7409657046002138,0.5908768028142628,358,0.5856718340489693,358,0.48195744,0.6114603,4
hotel_63,2023-05-29,0.5244444444444445,359,0.8933333333333333,0.5955555555555555,0.7259981906281847,0.6006965105414052,359,0.5919306298281556,359,0.5278349,0.6526284,4
hotel_63,2023-05-30,0.6311111111111111,360,0.8933333333333333,0.5866666666666667,0.7318701534521398,0.6637062472986333,360,0.6528297537454029,360,0.6248202,0.71528614,4
hotel_63,2023-05-31,0.6488888888888888,361,0.8933333333333333,0.6444444444444445,0.7390838313704677,0.6799658663761385,361,0.6951589242808629,361,0.6690347,0.74029434,4
hotel_63,2023-06-01,0.6888888888888889,362,0.8933333333333333,0.56,0.7255328007710161,0.6866622422979574,362,0.6948063224274218,362,0.6335839,0.7544863,4
hotel_63,2023-06-02,0.7111111111111111,363,0.8933333333333333,0.8933333333333333,0.7988833219107077,0.8323555912393659,363,0.8032010274624832,363,0.7985078,0.8914594,4
hotel_7,2023-05-06,0.6286644951140065,364,0.760586319218241,0.6205211726384365,0.6419487298788739,0.6556315762004182,364,0.7316568185669009,364,0.6639295,0.69641787,4
hotel_7,2023-05-07,0.5423452768729642,365,0.760586319218241,0.6579804560260586,0.6399781674398433,0.661117095510499,365,0.5743677395923548,365,0.7257643,0.71997255,4
hotel_7,2023-05-08,0.40390879478827363,366,0.760586319218241,0.5407166123778502,0.49757708485589625,0.5017511666966242,366,0.540952611494814,366,0.5770972,0.5780897,4
hotel_7,2023-05-09,0.41205211726384366,367,0.760586319218241,0.6074918566775245,0.5094390736355803,0.5173270129692971,367,0.6109915420386048,367,0.6062042,0.58456236,4
hotel_7,2023-05-10,0.5537459283387622,368,0.760586319218241,0.755700325732899,0.6220742088931099,0.6644997453048136,368,0.6800175412462638,368,0.72470397,0.7215441,4
hotel_7,2023-05-11,0.758957654723127,369,0.760586319218241,0.749185667752443,0.6124483791743781,0.6696622390148093,369,0.6613003926022452,369,0.77688545,0.7267835,4
hotel_7,2023-05-12,0.758957654723127,370,0.760586319218241,0.760586319218241,0.676294771919882,0.7532208067540305,370,0.7159317760684651,370,0.80309105,0.7807346,4
hotel_7,2023-05-13,0.760586319218241,371,0.760586319218241,0.6205211726384365,0.5768030476783387,0.6556315762004182,371,0.7545008990643312,371,0.68965876,0.7126073,4
hotel_7,2023-05-14,0.6482084690553745,372,0.760586319218241,0.6579804560260586,0.5803152940977668,0.661117095510499,372,0.5254053989747505,372,0.77217865,0.7093439,4
hotel_7,2023-05-15,0.5944625407166124,373,0.760586319218241,0.5407166123778502,0.4417970483787863,0.5017511666966242,373,0.50951266191636,373,0.5647566,0.55680114,4
hotel_7,2023-05-16,0.3729641693811075,374,0.760586319218241,0.6074918566775245,0.4488198664857109,0.5173270129692971,374,0.5699518651302483,374,0.61691535,0.59641683,4
hotel_7,2023-05-17,0.6026058631921825,375,0.760586319218241,0.755700325732899,0.562976498383137,0.6644997453048136,375,0.6223503385390373,375,0.69605327,0.70192087,4
hotel_7,2023-05-18,0.6628664495114006,376,0.760586319218241,0.749185667752443,0.555713172361173,0.6696622390148093,376,0.6230732269265912,376,0.7373206,0.7207459,4
hotel_7,2023-05-19,0.7361563517915309,377,0.760586319218241,0.760586319218241,0.6343805025854707,0.7532208067540305,377,0.7133862718527801,377,0.7547896,0.7431514,4
hotel_7,2023-05-20,0.5456026058631922,378,0.760586319218241,0.6205211726384365,0.541784277870013,0.6556315762004182,378,0.7623782736463969,378,0.7161661,0.7266044,4
hotel_7,2023-05-21,0.4560260586319218,379,0.760586319218241,0.6579804560260586,0.5504157384977918,0.661117095510499,379,0.532412041337114,379,0.76744694,0.7288574,4
hotel_7,2023-05-22,0.3322475570032573,380,0.760586319218241,0.5407166123778502,0.41617848532803375,0.5017511666966242,380,0.553170953474684,380,0.60089064,0.60251945,4
hotel_7,2023-05-23,0.38599348534201955,381,0.760586319218241,0.6074918566775245,0.42685703447086043,0.5173270129692971,381,0.6007157635402894,381,0.62197155,0.63379914,4
hotel_7,2023-05-24,0.7166123778501629,382,0.760586319218241,0.755700325732899,0.5441460490041402,0.6644997453048136,382,0.6708275331299451,382,0.7262742,0.72757626,4
hotel_7,2023-05-25,0.762214983713355,383,0.760586319218241,0.749185667752443,0.5395681296289401,0.6696622390148093,383,0.6774143759368251,383,0.792753,0.7654831,4
hotel_7,2023-05-26,0.7785016286644951,384,0.760586319218241,0.760586319218241,0.620537869897138,0.7532208067540305,384,0.7567975099300913,384,0.7841666,0.7887933,4
hotel_7,2023-05-27,0.750814332247557,385,0.760586319218241,0.6205211726384365,0.5299157091796062,0.6556315762004182,385,0.7722232780885009,385,0.7675895,0.7781466,4
hotel_7,2023-05-28,0.7785016286644951,386,0.760586319218241,0.6579804560260586,0.5402397167832782,0.661117095510499,386,0.5491717116996079,386,0.8059395,0.775697,4
hotel_7,2023-05-29,0.6237785016286646,387,0.760586319218241,0.5407166123778502,0.4074536406076074,0.5017511666966242,387,0.5998426205076635,387,0.6648238,0.6423771,4
hotel_7,2023-05-30,0.6270358306188925,388,0.760586319218241,0.6074918566775245,0.41937641801371195,0.5173270129692971,388,0.6426759268636206,388,0.7097965,0.6867215,4
hotel_7,2023-05-31,0.6449511400651465,389,0.760586319218241,0.755700325732899,0.5377322245310402,0.6644997453048136,389,0.692700014674569,389,0.85366315,0.76571643,4
hotel_7,2023-06-01,0.7980456026058632,390,0.760586319218241,0.749185667752443,0.5340689646057237,0.6696622390148093,390,0.6867701708367383,390,0.8338793,0.78160316,4
hotel_7,2023-06-02,0.8094462540716613,391,0.760586319218241,0.760586319218241,0.6158229270296532,0.7532208067540305,391,0.7709831506562204,391,0.8356453,0.79681486,4
hotel_70,2023-05-06,0.41228070175438597,392,0.3684210526315789,0.4780701754385965,0.37155766036959936,0.38740125155159716,392,0.3860845780474869,392,0.39485762,0.387825,4
hotel_70,2023-05-07,0.2236842105263158,393,0.3684210526315789,0.25,0.22955985256969025,0.27544346714422535,393,0.26774713168844355,393,0.26207417,0.26837707,4
hotel_70,2023-05-08,0.2850877192982456,394,0.3684210526315789,0.2675438596491228,0.27208009511952247,0.29569960398103207,394,0.2874717535668511,394,0.32722977,0.3340639,4
hotel_70,2023-05-09,0.35964912280701755,395,0.3684210526315789,0.2807017543859649,0.28153616970904927,0.26819930363875516,395,0.31928954204810384,395,0.33504364,0.37005308,4
hotel_70,2023-05-10,0.34649122807017546,396,0.3684210526315789,0.17543859649122806,0.21599871995524506,0.2647245735232996,396,0.2841989631162153,396,0.27984726,0.33624405,4
hotel_70,2023-05-11,0.31140350877192985,397,0.3684210526315789,0.25877192982456143,0.2489241337891545,0.304776264099583,397,0.2909395235164195,397,0.32558063,0.37359282,4
hotel_70,2023-05-12,0.3991228070175439,398,0.3684210526315789,0.3684210526315789,0.34120628465175784,0.3705708325108163,398,0.35094728044895496,398,0.39885095,0.4459148,4
hotel_70,2023-05-13,0.4517543859649123,399,0.3684210526315789,0.4780701754385965,0.3460469658455539,0.38740125155159716,399,0.37260739319656194,399,0.42359802,0.44533578,4
hotel_70,2023-05-14,0.3157894736842105,400,0.3684210526315789,0.25,0.23283503578407871,0.27544346714422535,400,0.2572124249870855,400,0.26300594,0.31324965,4
hotel_70,2023-05-15,0.43859649122807015,401,0.3684210526315789,0.2675438596491228,0.2521109977247489,0.29569960398103207,401,0.2812276042834974,401,0.29722238,0.35846087,4
hotel_70,2023-05-16,0.44298245614035087,402,0.3684210526315789,0.2807017543859649,0.25906514930573316,0.26819930363875516,402,0.31892375219458624,402,0.29018474,0.3940705,4
hotel_70,2023-05-17,0.3201754385964912,403,0.3684210526315789,0.17543859649122806,0.20681348927735999,0.2647245735232996,403,0.29538903116487586,403,0.29582268,0.35150397,4
hotel_70,2023-05-18,0.4298245614035088,404,0.3684210526315789,0.25877192982456143,0.24183897563825732,0.304776264099583,404,0.32835071662096565,404,0.34548396,0.385781,4
hotel_70,2023-05-19,0.45614035087719296,405,0.3684210526315789,0.3684210526315789,0.30429897563912806,0.3705708325108163,405,0.361451843316729,405,0.38345745,0.46922445,4
hotel_70,2023-05-20,0.4605263157894737,406,0.3684210526315789,0.4780701754385965,0.3068217527853342,0.38740125155159716,406,0.3867986820290428,406,0.39512122,0.46216762,4
hotel_70,2023-05-21,0.40789473684210525,407,0.3684210526315789,0.25,0.22804019174767515,0.27544346714422535,407,0.304821411404819,407,0.24942027,0.32956013,4
hotel_70,2023-05-22,0.38596491228070173,408,0.3684210526315789,0.2675438596491228,0.2467397675378628,0.29569960398103207,408,0.29773637841770123,408,0.32215953,0.37465176,4
hotel_70,2023-05-23,0.41228070175438597,409,0.3684210526315789,0.2807017543859649,0.25179043582614247,0.26819930363875516,409,0.3347806899833172,409,0.34475678,0.40307778,4
hotel_70,2023-05-24,0.3991228070175439,410,0.3684210526315789,0.17543859649122806,0.2154297153472229,0.2647245735232996,410,0.3509225414166494,410,0.31452847,0.3526349,4
hotel_70,2023-05-25,0.40789473684210525,411,0.3684210526315789,0.25877192982456143,0.23663161230014693,0.304776264099583,411,0.3652221963956228,411,0.36369866,0.39361495,4
hotel_70,2023-05-26,0.39035087719298245,412,0.3684210526315789,0.3684210526315789,0.28411334913890096,0.3705708325108163,412,0.3989121699862195,412,0.423708,0.47023466,4
hotel_70,2023-05-27,0.41228070175438597,413,0.3684210526315789,0.4780701754385965,0.28635198980466,0.38740125155159716,413,0.40829717059981974,413,0.43754014,0.46446815,4
hotel_70,2023-05-28,0.4298245614035088,414,0.3684210526315789,0.25,0.22738041527001773,0.27544346714422535,414,0.3021238042862474,414,0.30176106,0.34329116,4
hotel_70,2023-05-29,0.2543859649122807,415,0.3684210526315789,0.2675438596491228,0.23918897496792993,0.29569960398103207,415,0.3122587121283644,415,0.33278814,0.38827246,4
hotel_70,2023-05-30,0.35964912280701755,416,0.3684210526315789,0.2807017543859649,0.24288207258043074,0.26819930363875516,416,0.3373807254780972,416,0.36052185,0.42315876,4
hotel_70,2023-05-31,0.4868421052631579,417,0.3684210526315789,0.17543859649122806,0.21566442279521122,0.2647245735232996,417,0.34690673196960803,417,0.32341793,0.38098532,4
hotel_70,2023-06-01,0.5964912280701754,418,0.3684210526315789,0.25877192982456143,0.2328483580349513,0.304776264099583,418,0.36109630484903604,418,0.37589568,0.41902995,4
hotel_70,2023-06-02,0.5657894736842105,419,0.3684210526315789,0.3684210526315789,0.2667270129588404,0.3705708325108163,419,0.4094218512833004,419,0.43781132,0.47835654,4
hotel_84,2023-05-06,0.9826989619377162,420,0.8719723183391004,1.0069204152249136,0.9273135740210399,0.9044072367227207,420,0.8667093029377522,420,0.8733893,0.91088635,4
hotel_84,2023-05-07,0.7993079584775087,421,0.8719723183391004,0.8062283737024222,0.7398288194401842,0.6446853936951208,421,0.6040816504433042,421,0.60133356,0.64373803,4
hotel_84,2023-05-08,0.9377162629757786,422,0.8719723183391004,0.629757785467128,0.7663487264534463,0.6631111808415682,422,0.6907298530993216,422,0.7283782,0.70568985,4
hotel_84,2023-05-09,0.9238754325259516,423,0.8719723183391004,0.6851211072664359,0.76693541030632,0.7231086172689505,423,0.7350582716289303,423,0.85302436,0.77698,4
hotel_84,2023-05-10,0.8408304498269896,424,0.8719723183391004,0.5155709342560554,0.7188891031383283,0.7347219991310093,424,0.7882065624553255,424,0.86065763,0.79238254,4
hotel_84,2023-05-11,0.8685121107266436,425,0.8719723183391004,0.7335640138408305,0.743878518529902,0.7231673638790385,425,0.7822078170411219,425,0.8288178,0.8059087,4
hotel_84,2023-05-12,0.8373702422145328,426,0.8719723183391004,0.8719723183391004,0.8634534057892643,0.8630414863231322,426,0.8748129788607832,426,0.9266087,0.90418863,4
hotel_84,2023-05-13,0.9930795847750865,427,0.8719723183391004,1.0069204152249136,0.8982338376246645,0.9044072367227207,427,0.9138402846213666,427,0.9364891,0.92296696,4
hotel_84,2023-05-14,0.7301038062283737,428,0.8719723183391004,0.8062283737024222,0.7658461315899194,0.6446853936951208,428,0.5787021197566327,428,0.6504188,0.65622395,4
hotel_84,2023-05-15,0.8408304498269896,429,0.8719723183391004,0.629757785467128,0.7424168260358959,0.6631111808415682,429,0.631684461892311,429,0.742905,0.7111572,4
hotel_84,2023-05-16,0.9342560553633218,430,0.8719723183391004,0.6851211072664359,0.7486685614991003,0.7231086172689505,430,0.6701626106705643,430,0.8874208,0.779425,4
hotel_84,2023-05-17,0.972318339100346,431,0.8719723183391004,0.5155709342560554,0.6950336163056211,0.7347219991310093,431,0.6925442428738289,431,0.9160566,0.7972038,4
hotel_84,2023-05-18,0.903114186851211,432,0.8719723183391004,0.7335640138408305,0.7502328339660981,0.7231673638790385,432,0.6859686158271657,432,0.9040421,0.81015754,4
hotel_84,2023-05-19,0.740484429065744,433,0.8719723183391004,0.8719723183391004,0.8406206671144439,0.8630414863231322,433,0.819364702654212,433,1.0028942,0.902045,4
hotel_84,2023-05-20,0.8996539792387543,434,0.8719723183391004,1.0069204152249136,0.8655012929581358,0.9044072367227207,434,0.8704677435686788,434,0.9490829,0.9290722,4
hotel_84,2023-05-21,0.7854671280276817,435,0.8719723183391004,0.8062283737024222,0.7650209901209492,0.6446853936951208,435,0.5880412467254842,435,0.6639756,0.66078424,4
hotel_84,2023-05-22,0.916955017301038,436,0.8719723183391004,0.629757785467128,0.7598154211816378,0.6631111808415682,436,0.6722895402531109,436,0.7337483,0.69940805,4
hotel_84,2023-05-23,0.9550173010380623,437,0.8719723183391004,0.6851211072664359,0.7626325008117063,0.7231086172689505,437,0.6995229547702353,437,0.81835717,0.7651289,4
hotel_84,2023-05-24,0.8512110726643599,438,0.8719723183391004,0.5155709342560554,0.7282654018841804,0.7347219991310093,438,0.6985669424975233,438,0.84093195,0.79337883,4
hotel_84,2023-05-25,0.7508650519031141,439,0.8719723183391004,0.7335640138408305,0.7576978154680043,0.7231673638790385,439,0.7053889030123364,439,0.8164389,0.8184635,4
hotel_84,2023-05-26,0.7820069204152249,440,0.8719723183391004,0.8719723183391004,0.8269011012287949,0.8630414863231322,440,0.839524626085809,440,0.92270887,0.8986397,4
hotel_84,2023-05-27,0.8719723183391004,441,0.8719723183391004,1.0069204152249136,0.8449846628268268,0.9044072367227207,441,0.8836802571989975,441,0.92475206,0.92832696,4
hotel_84,2023-05-28,0.8477508650519031,442,0.8719723183391004,0.8062283737024222,0.7703537800683249,0.6446853936951208,442,0.5978598507380782,442,0.6468301,0.6767233,4
hotel_84,2023-05-29,0.6539792387543253,443,0.8719723183391004,0.629757785467128,0.7619746233831478,0.6631111808415682,443,0.6567371031623135,443,0.71972096,0.6973345,4
hotel_84,2023-05-30,0.6124567474048442,444,0.8719723183391004,0.6851211072664359,0.7650869887150145,0.7231086172689505,444,0.7142547901810018,444,0.79542327,0.75279963,4
hotel_84,2023-05-31,0.657439446366782,445,0.8719723183391004,0.5155709342560554,0.73713835968424,0.7347219991310093,445,0.7296090375703735,445,0.8381834,0.78481084,4
hotel_84,2023-06-01,0.740484429065744,446,0.8719723183391004,0.7335640138408305,0.7630646689871688,0.7231673638790385,446,0.7463057030596946,446,0.8223673,0.8027043,4
hotel_84,2023-06-02,0.9273356401384083,447,0.8719723183391004,0.8719723183391004,0.8149889865690103,0.8630414863231322,447,0.8233266578588531,447,0.8994439,0.8934132,4
hotel_91,2023-05-06,0.9887640449438202,448,1.0,0.47191011235955055,0.9070450573046434,0.9605015759506944,448,0.8944632834183142,448,0.9014704,0.8869209,4
hotel_91,2023-05-07,0.9101123595505618,449,1.0,0.42696629213483145,0.7869797385970589,0.7897654039212525,449,0.5075634886287695,449,0.73951024,0.8162754,4
hotel_91,2023-05-08,0.9662921348314607,450,1.0,0.5393258426966292,0.8618961176333338,0.9274265516673356,450,0.6385182736183431,450,0.8587309,0.82807326,4
hotel_91,2023-05-09,0.9662921348314607,451,1.0,0.8426966292134831,0.8916740225902475,1.0221621336218383,451,0.7266529314496403,451,0.98384017,0.91771525,4
hotel_91,2023-05-10,0.9550561797752809,452,1.0,0.6966292134831461,0.824927720857373,1.0228460064247968,452,0.7641565035603824,452,0.95140904,0.8739773,4
hotel_91,2023-05-11,0.9213483146067416,453,1.0,0.9325842696629213,0.7494585206721788,0.9449425854768657,453,0.7548823418765164,453,0.7854415,0.7389382,4
hotel_91,2023-05-12,0.9550561797752809,454,1.0,1.0,0.7237016510755092,0.9691248285557349,454,0.8092066222073689,454,0.781044,0.75846225,4
hotel_91,2023-05-13,1.0,455,1.0,0.47191011235955055,0.7125824467880318,0.9605015759506944,455,0.8000410872341387,455,0.68513244,0.7190175,4
hotel_91,2023-05-14,0.8764044943820225,456,1.0,0.42696629213483145,0.6725753664473308,0.7897654039212525,456,0.5492815870842397,456,0.6592827,0.70602834,4
hotel_91,2023-05-15,0.9775280898876404,457,1.0,0.5393258426966292,0.7221807842414232,0.9274265516673356,457,0.6762128083559279,457,0.85858405,0.8234906,4
hotel_91,2023-05-16,1.0,458,1.0,0.8426966292134831,0.8222878468008981,1.0221621336218383,458,0.7351792907776779,458,0.93675745,0.9008294,4
hotel_91,2023-05-17,1.0112359550561798,459,1.0,0.6966292134831461,0.7629138774499884,1.0228460064247968,459,0.7486904696099314,459,0.95969826,0.880621,4
hotel_91,2023-05-18,1.0112359550561798,460,1.0,0.9325842696629213,0.8207137314572385,0.9449425854768657,460,0.7824884198553848,460,0.8735732,0.7771176,4
hotel_91,2023-05-19,0.9662921348314607,461,1.0,1.0,0.8363362947760554,0.9691248285557349,461,0.8241175926455898,461,0.8409513,0.7576769,4
hotel_91,2023-05-20,0.9887640449438202,462,1.0,0.47191011235955055,0.8050952664902127,0.9605015759506944,462,0.82771143126718,462,0.7478299,0.70050037,4
hotel_91,2023-05-21,0.6853932584269663,463,1.0,0.42696629213483145,0.7595021491375752,0.7897654039212525,463,0.5525887671306309,463,0.69111085,0.6939664,4
hotel_91,2023-05-22,1.0,464,1.0,0.5393258426966292,0.7929893880835602,0.9274265516673356,464,0.7088835983563185,464,0.8836925,0.80380076,4
hotel_91,2023-05-23,1.0112359550561798,465,1.0,0.8426966292134831,0.8228079870870803,1.0221621336218383,465,0.7467654381572357,465,0.9820019,0.8935333,4
hotel_91,2023-05-24,1.0,466,1.0,0.6966292134831461,0.7898434746035026,1.0228460064247968,466,0.7494933046169637,466,0.9142213,0.8900389,4
hotel_91,2023-05-25,0.8089887640449438,467,1.0,0.9325842696629213,0.77822999996653,0.9449425854768657,467,0.7298826706677499,467,0.8255083,0.77054536,4
hotel_91,2023-05-26,0.898876404494382,468,1.0,1.0,0.7734232931207718,0.9691248285557349,468,0.7676793902715676,468,0.8074875,0.77725154,4
hotel_91,2023-05-27,1.0674157303370786,469,1.0,0.47191011235955055,0.76354718158328,0.9605015759506944,469,0.77356299029224,469,0.71240956,0.71149087,4
hotel_91,2023-05-28,1.0112359550561798,470,1.0,0.42696629213483145,0.7417354206921294,0.7897654039212525,470,0.5615298343224362,470,0.700586,0.7361311,4
hotel_91,2023-05-29,0.5617977528089888,471,1.0,0.5393258426966292,0.7640471221839344,0.9274265516673356,471,0.6673401726830436,471,0.8448283,0.8302016,4
hotel_91,2023-05-30,0.9775280898876404,472,1.0,0.8426966292134831,0.8013189548815228,1.0221621336218383,472,0.713816686401909,472,0.9484819,0.9149692,4
hotel_91,2023-05-31,1.0,473,1.0,0.6966292134831461,0.7760749563702826,1.0228460064247968,473,0.7492620956799166,473,0.93260956,0.89091355,4
hotel_91,2023-06-01,0.9550561797752809,474,1.0,0.9325842696629213,0.7916742078732022,0.9449425854768657,474,0.7581038648282458,474,0.84996694,0.790384,4
hotel_91,2023-06-02,0.9662921348314607,475,1.0,1.0,0.7955479812223055,0.9691248285557349,475,0.8417273344219729,475,0.8153418,0.79812336,4
hotel_98,2023-05-06,0.3387096774193548,476,0.31451612903225806,0.6451612903225806,0.3757944531342446,0.38242005424769865,476,0.39921758501433796,476,0.3938765,0.4005894,4
hotel_98,2023-05-07,0.18548387096774194,477,0.31451612903225806,0.6935483870967742,0.21428848238341203,0.19320526612836372,477,0.4614811854164423,477,0.25163132,0.2017783,4
hotel_98,2023-05-08,0.1935483870967742,478,0.31451612903225806,0.21774193548387097,0.17086714593866856,0.17235937127785256,478,0.42573703119716705,478,0.16198342,0.13535318,4
hotel_98,2023-05-09,0.1774193548387097,479,0.31451612903225806,0.16129032258064516,0.19122335918003075,0.1736507649718888,479,0.3706876807181636,479,0.17199485,0.1341249,4
hotel_98,2023-05-10,0.1532258064516129,480,0.31451612903225806,0.16129032258064516,0.16277697912234695,0.1654599870897689,480,0.3654931631085697,480,0.083689526,0.1273103,4
hotel_98,2023-05-11,0.12096774193548387,481,0.31451612903225806,0.3225806451612903,0.22872757758786433,0.19746461785573607,481,0.37062758671417667,481,0.124108896,0.15992674,4
hotel_98,2023-05-12,0.16129032258064516,482,0.31451612903225806,0.31451612903225806,0.3239587148004228,0.31461245614794786,482,0.39017416663491306,482,0.2529977,0.27615443,4
hotel_98,2023-05-13,0.23387096774193547,483,0.31451612903225806,0.6451612903225806,0.40040656151786674,0.38242005424769865,483,0.42332716633465617,483,0.29435062,0.34838504,4
hotel_98,2023-05-14,0.1532258064516129,484,0.31451612903225806,0.6935483870967742,0.22858380519467283,0.19320526612836372,484,0.40089543186888144,484,0.12990363,0.17859592,4
hotel_98,2023-05-15,0.33064516129032256,485,0.31451612903225806,0.21774193548387097,0.17662291035615935,0.17235937127785256,485,0.3715391886030507,485,0.090917885,0.12643793,4
hotel_98,2023-05-16,0.3387096774193548,486,0.31451612903225806,0.16129032258064516,0.19286996734277517,0.1736507649718888,486,0.35376573016121315,486,0.09389511,0.11807576,4
hotel_98,2023-05-17,0.4596774193548387,487,0.31451612903225806,0.16129032258064516,0.16537377266469863,0.1654599870897689,487,0.35452486398823335,487,0.1074117,0.11850628,4
hotel_98,2023-05-18,0.5,488,0.31451612903225806,0.3225806451612903,0.23202425335238663,0.19746461785573607,488,0.3734747904857365,488,0.1882005,0.19436234,4
hotel_98,2023-05-19,0.47580645161290325,489,0.31451612903225806,0.31451612903225806,0.3320157506744636,0.31461245614794786,489,0.39855951509482995,489,0.2621922,0.28603816,4
hotel_98,2023-05-20,0.3790322580645161,490,0.31451612903225806,0.6451612903225806,0.4067974465847382,0.38242005424769865,490,0.4032205328723199,490,0.34310704,0.36218393,4
hotel_98,2023-05-21,0.0967741935483871,491,0.31451612903225806,0.6935483870967742,0.2324421210147428,0.19320526612836372,491,0.31156229985442496,491,0.16348082,0.19024824,4
hotel_98,2023-05-22,0.11290322580645161,492,0.31451612903225806,0.21774193548387097,0.17952918983148566,0.17235937127785256,492,0.331784383841792,492,0.1358585,0.11798355,4
hotel_98,2023-05-23,0.10483870967741936,493,0.31451612903225806,0.16129032258064516,0.19561646763816423,0.1736507649718888,493,0.3601258468015607,493,0.14786118,0.12727606,4
hotel_98,2023-05-24,0.08064516129032258,494,0.31451612903225806,0.16129032258064516,0.16803751500781336,0.1654599870897689,494,0.3712109628419125,494,0.11326097,0.09987408,4
hotel_98,2023-05-25,0.16129032258064516,495,0.31451612903225806,0.3225806451612903,0.23430214468305952,0.19746461785573607,495,0.393950723219069,495,0.1185928,0.13378434,4
hotel_98,2023-05-26,0.1693548387096774,496,0.31451612903225806,0.31451612903225806,0.3340725453309377,0.31461245614794786,496,0.4173270868207698,496,0.22035846,0.22451586,4
hotel_98,2023-05-27,0.1693548387096774,497,0.31451612903225806,0.6451612903225806,0.4084742128249442,0.38242005424769865,497,0.41133703244595016,497,0.32459408,0.29950896,4
hotel_98,2023-05-28,0.08870967741935484,498,0.31451612903225806,0.6935483870967742,0.2338193267976024,0.19320526612836372,498,0.33195255916301264,498,0.17278256,0.13742432,4
hotel_98,2023-05-29,0.056451612903225805,499,0.31451612903225806,0.21774193548387097,0.18071574309294433,0.17235937127785256,499,0.33199520530633864,499,0.11066231,0.07908261,4
hotel_98,2023-05-30,0.04838709677419355,500,0.31451612903225806,0.16129032258064516,0.19664594439967156,0.1736507649718888,500,0.3532451486826805,500,0.12217365,0.09864774,4
hotel_98,2023-05-31,0.08870967741935484,501,0.31451612903225806,0.16129032258064516,0.1689191290478474,0.1654599870897689,501,0.36878000385746074,501,0.09454051,0.0896596,4
hotel_98,2023-06-01,0.11290322580645161,502,0.31451612903225806,0.3225806451612903,0.23504487005315153,0.19746461785573607,502,0.397291778627178,502,0.10141965,0.13341439,4
hotel_98,2023-06-02,0.16129032258064516,503,0.31451612903225806,0.31451612903225806,0.33470948040220405,0.31461245614794786,503,0.4245967805894269,503,0.19706874,0.21961948,4
hotel_0,2023-06-03,0.8641975308641975,0,0.691358024691358,0.9753086419753086,0.7688887033530285,0.6651701798416771,0,0.8020906114865893,0,0.816857,0.840888,5
hotel_0,2023-06-04,0.5061728395061729,1,0.691358024691358,0.8888888888888888,0.6528064874298182,0.44619812577350415,1,0.5978720370027724,1,0.55666727,0.55161494,5
hotel_0,2023-06-05,0.7407407407407407,2,0.691358024691358,0.2716049382716049,0.46871383987447274,0.4630176387175448,2,0.6067472101804673,2,0.6119751,0.5654366,5
hotel_0,2023-06-06,0.7530864197530864,3,0.691358024691358,0.2962962962962963,0.5235681551297304,0.4974787656284047,3,0.6211930585487312,3,0.7251827,0.63020515,5
hotel_0,2023-06-07,0.7530864197530864,4,0.691358024691358,0.3950617283950617,0.5867090204520703,0.49463782357505137,4,0.629974377059113,4,0.7181617,0.6890196,5
hotel_0,2023-06-08,0.6049382716049383,5,0.691358024691358,0.43209876543209874,0.5946266564359065,0.5302349726523373,5,0.6053068183645101,5,0.73139185,0.7008584,5
hotel_0,2023-06-09,0.7901234567901234,6,0.691358024691358,0.691358024691358,0.7015150822233158,0.6383032223681587,6,0.7187493264753898,6,0.8321651,0.8379189,5
hotel_0,2023-06-10,0.8518518518518519,7,0.691358024691358,0.9753086419753086,0.7517429893606264,0.6651701798416771,7,0.8526846322780889,7,0.9340155,0.909332,5
hotel_0,2023-06-11,0.5308641975308642,8,0.691358024691358,0.8888888888888888,0.6969647198000811,0.44619812577350415,8,0.6016985896890718,8,0.5938987,0.5942474,5
hotel_0,2023-06-12,0.7407407407407407,9,0.691358024691358,0.2716049382716049,0.5135811808860375,0.4630176387175448,9,0.6503606089222753,9,0.6604051,0.56024635,5
hotel_0,2023-06-13,0.7901234567901234,10,0.691358024691358,0.2962962962962963,0.5363973453767802,0.4974787656284047,10,0.655156125595163,10,0.7841017,0.66261363,5
hotel_0,2023-06-14,0.8271604938271605,11,0.691358024691358,0.3950617283950617,0.576728524954384,0.49463782357505137,11,0.6823721022962869,11,0.8096816,0.70011955,5
hotel_0,2023-06-15,0.7901234567901234,12,0.691358024691358,0.43209876543209874,0.5867528565400807,0.5302349726523373,12,0.6664841858577167,12,0.8380493,0.72719085,5
hotel_0,2023-06-16,0.8395061728395061,13,0.691358024691358,0.691358024691358,0.6734318642200213,0.6383032223681587,13,0.7356160601783459,13,0.92836905,0.84433407,5
hotel_0,2023-06-17,1.0246913580246915,14,0.691358024691358,0.9753086419753086,0.7052810634838342,0.6651701798416771,14,0.8111258993305988,14,0.9788566,0.92523944,5
hotel_0,2023-06-18,0.6419753086419753,15,0.691358024691358,0.8888888888888888,0.6642413574670256,0.44619812577350415,15,0.5872812718635183,15,0.62101233,0.5941675,5
hotel_0,2023-06-19,0.5308641975308642,16,0.691358024691358,0.2716049382716049,0.5678529140201954,0.4630176387175448,16,0.5522210815129045,16,0.6207221,0.5813819,5
hotel_0,2023-06-20,0.7283950617283951,17,0.691358024691358,0.2962962962962963,0.5862563907388308,0.4974787656284047,17,0.6425733994613018,17,0.7351655,0.64932525,5
hotel_0,2023-06-21,0.7160493827160493,18,0.691358024691358,0.3950617283950617,0.6120008861101389,0.49463782357505137,18,0.6834464921789255,18,0.7531461,0.6841136,5
hotel_0,2023-06-22,0.7654320987654321,19,0.691358024691358,0.43209876543209874,0.6168406370674555,0.5302349726523373,19,0.6821019349376211,19,0.82171273,0.71053857,5
hotel_0,2023-06-23,0.8148148148148148,20,0.691358024691358,0.691358024691358,0.6663886721539208,0.6383032223681587,20,0.7540052575572911,20,0.92070186,0.820412,5
hotel_0,2023-06-24,0.9506172839506173,21,0.691358024691358,0.9753086419753086,0.6867914627963332,0.6651701798416771,21,0.8430591801294117,21,0.9839527,0.91152054,5
hotel_0,2023-06-25,0.5061728395061729,22,0.691358024691358,0.8888888888888888,0.6624961883847065,0.44619812577350415,22,0.6186007683762745,22,0.634553,0.5929041,5
hotel_0,2023-06-26,0.5802469135802469,23,0.691358024691358,0.2716049382716049,0.5944578609017889,0.4630176387175448,23,0.6033026444876056,23,0.64349395,0.5666779,5
hotel_0,2023-06-27,0.691358024691358,24,0.691358024691358,0.2962962962962963,0.6050021829685697,0.4974787656284047,24,0.6491816754506832,24,0.7753635,0.6336885,5
hotel_0,2023-06-28,0.654320987654321,25,0.691358024691358,0.3950617283950617,0.6214400199010698,0.49463782357505137,25,0.690004830918753,25,0.8049428,0.6910623,5
hotel_0,2023-06-29,0.7160493827160493,26,0.691358024691358,0.43209876543209874,0.6250200810766658,0.5302349726523373,26,0.6845134520827039,26,0.7631139,0.6815788,5
hotel_0,2023-06-30,0.8271604938271605,27,0.691358024691358,0.691358024691358,0.658472971888251,0.6383032223681587,27,0.7309274537872543,27,0.8666008,0.80600584,5
hotel_105,2023-06-03,1.0125786163522013,28,0.949685534591195,1.0,0.9664051522215633,1.0167414209470118,28,0.9628093548511478,28,0.9911119,0.985758,5
hotel_105,2023-06-04,0.9119496855345912,29,0.949685534591195,0.9056603773584906,0.8834538070662173,0.799594433828028,29,0.8881947318312196,29,0.81895757,0.81379175,5
hotel_105,2023-06-05,0.9937106918238994,30,0.949685534591195,0.9182389937106918,0.9218135910520796,0.9239283380250877,30,0.9054635970718967,30,0.9027833,0.89529824,5
hotel_105,2023-06-06,1.0062893081761006,31,0.949685534591195,0.9748427672955975,0.939185583228664,0.9641710582387015,31,0.9413088991093083,31,0.97889495,0.9734543,5
hotel_105,2023-06-07,0.9811320754716981,32,0.949685534591195,1.0125786163522013,0.9653105251136082,0.9588699457111701,32,0.9885740966591045,32,0.97378457,0.9709973,5
hotel_105,2023-06-08,0.9559748427672956,33,0.949685534591195,0.8930817610062893,0.906102146759469,0.8574510781853502,33,0.9521356411840739,33,0.90661955,0.89543957,5
hotel_105,2023-06-09,0.9811320754716981,34,0.949685534591195,0.949685534591195,0.9453847176615141,0.9748835792868034,34,0.9659887623488129,34,0.962107,0.9549378,5
hotel_105,2023-06-10,1.0062893081761006,35,0.949685534591195,1.0,0.9488474520653645,1.0167414209470118,35,0.9579954561724484,35,1.0074188,0.97475326,5
hotel_105,2023-06-11,0.9811320754716981,36,0.949685534591195,0.9056603773584906,0.8901813081122005,0.799594433828028,36,0.8680228732312877,36,0.81524754,0.8034809,5
hotel_105,2023-06-12,0.9937106918238994,37,0.949685534591195,0.9182389937106918,0.9071840030546588,0.9239283380250877,37,0.9069086007681979,37,0.89952576,0.88908345,5
hotel_105,2023-06-13,1.0377358490566038,38,0.949685534591195,0.9748427672955975,0.9311973249588017,0.9641710582387015,38,0.9428354989287421,38,0.96694666,0.9623913,5
hotel_105,2023-06-14,1.0125786163522013,39,0.949685534591195,1.0125786163522013,0.9521516016804481,0.9588699457111701,39,0.9666558336410005,39,0.984216,0.9649143,5
hotel_105,2023-06-15,1.0188679245283019,40,0.949685534591195,0.8930817610062893,0.8935932669603419,0.8574510781853502,40,0.9290779263522643,40,0.9053316,0.89970946,5
hotel_105,2023-06-16,0.9622641509433962,41,0.949685534591195,0.949685534591195,0.9251095444834783,0.9748835792868034,41,0.9451141097086349,41,0.9853255,0.96136576,5
hotel_105,2023-06-17,0.9245283018867925,42,0.949685534591195,1.0,0.9316355585305071,1.0167414209470118,42,0.9605353387796826,42,0.9900717,0.9822011,5
hotel_105,2023-06-18,0.9937106918238994,43,0.949685534591195,0.9056603773584906,0.885018690536866,0.799594433828028,43,0.8866840368716272,43,0.8043258,0.80141854,5
hotel_105,2023-06-19,1.0062893081761006,44,0.949685534591195,0.9182389937106918,0.9031111401501729,0.9239283380250877,44,0.9216347101925462,44,0.9152499,0.8781687,5
hotel_105,2023-06-20,1.0062893081761006,45,0.949685534591195,0.9748427672955975,0.9168541729385526,0.9641710582387015,45,0.9318137462624075,45,0.9660651,0.94567657,5
hotel_105,2023-06-21,1.0125786163522013,46,0.949685534591195,1.0125786163522013,0.9323685112897008,0.9588699457111701,46,0.9599992421137064,46,0.97407216,0.9487805,5
hotel_105,2023-06-22,1.0566037735849056,47,0.949685534591195,0.8930817610062893,0.8934223462250181,0.8574510781853502,47,0.9391132400647523,47,0.9186266,0.8924313,5
hotel_105,2023-06-23,0.9874213836477987,48,0.949685534591195,0.949685534591195,0.9167590079766107,0.9748835792868034,48,0.9646930659998908,48,0.95049536,0.940486,5
hotel_105,2023-06-24,0.9874213836477987,49,0.949685534591195,1.0,0.9200897558827065,1.0167414209470118,49,0.9658143462748301,49,0.94782114,0.96505326,5
hotel_105,2023-06-25,0.9937106918238994,50,0.949685534591195,0.9056603773584906,0.8853848716307213,0.799594433828028,50,0.8952212325594645,50,0.7748439,0.79522765,5
hotel_105,2023-06-26,1.0188679245283019,51,0.949685534591195,0.9182389937106918,0.897000904106181,0.9239283380250877,51,0.9282469451247419,51,0.8415051,0.88134044,5
hotel_105,2023-06-27,1.0314465408805031,52,0.949685534591195,0.9748427672955975,0.9093877682869752,0.9641710582387015,52,0.9382428934804191,52,0.9219983,0.94826555,5
hotel_105,2023-06-28,1.0440251572327044,53,0.949685534591195,1.0125786163522013,0.9213956038921041,0.9588699457111701,53,0.9435297535273648,53,0.93126875,0.9486856,5
hotel_105,2023-06-29,1.0062893081761006,54,0.949685534591195,0.8930817610062893,0.8893374398080117,0.8574510781853502,54,0.9293523592911809,54,0.87867045,0.8873943,5
hotel_105,2023-06-30,1.0,55,0.949685534591195,0.949685534591195,0.9073992562805442,0.9748835792868034,55,0.9460913863870457,55,0.9594172,0.94501805,5
hotel_112,2023-06-03,0.7375,56,0.75625,1.0125,0.8184366991977514,0.8246688943418579,56,0.8435803227798809,56,0.8468839,0.8528053,5
hotel_112,2023-06-04,0.7375,57,0.75625,0.93125,0.8465974914533254,0.7903376527173144,57,0.8175634907646511,57,0.876051,0.8667111,5
hotel_112,2023-06-05,0.83125,58,0.75625,0.9375,0.8433010652006284,0.8434935376375269,58,0.8870050199921322,58,0.9030118,0.9356486,5
hotel_112,2023-06-06,0.83125,59,0.75625,0.7875,0.8464552128014065,0.8447242050752105,59,0.9051424731584377,59,0.91608703,0.9618799,5
hotel_112,2023-06-07,0.81875,60,0.75625,0.98125,0.8676329054614254,0.8678157012113104,60,0.9194730704598943,60,0.90570116,0.9680104,5
hotel_112,2023-06-08,0.85,61,0.75625,0.75,0.857055836702161,0.8556846176835139,61,0.886931510524964,61,0.8891332,0.93738145,5
hotel_112,2023-06-09,0.675,62,0.75625,0.75625,0.8668330936328585,0.8218651744936931,62,0.8774332369995276,62,0.89626104,0.9089087,5
hotel_112,2023-06-10,0.91875,63,0.75625,1.0125,0.8789042139890588,0.8246688943418579,63,0.9011083629250549,63,0.92635167,0.93851364,5
hotel_112,2023-06-11,0.84375,64,0.75625,0.93125,0.867357392787178,0.7903376527173144,64,0.7943411195967041,64,0.9129614,0.9195041,5
hotel_112,2023-06-12,0.7375,65,0.75625,0.9375,0.8703776090697752,0.8434935376375269,65,0.8526819471382702,65,0.93792677,0.95571434,5
hotel_112,2023-06-13,0.9875,66,0.75625,0.7875,0.8419546751226007,0.8447242050752105,66,0.8898925528429135,66,0.9535719,0.9877117,5
hotel_112,2023-06-14,1.00625,67,0.75625,0.98125,0.8839694801080131,0.8678157012113104,67,0.9312514301446574,67,0.9494099,0.98604244,5
hotel_112,2023-06-15,1.0125,68,0.75625,0.75,0.8374428099936679,0.8556846176835139,68,0.8928983853228336,68,0.9247682,0.95113313,5
hotel_112,2023-06-16,1.00625,69,0.75625,0.75625,0.8402423194438874,0.8218651744936931,69,0.906045892566057,69,0.89929307,0.92390126,5
hotel_112,2023-06-17,1.00625,70,0.75625,1.0125,0.8543438681672876,0.8246688943418579,70,0.9083344120199722,70,0.9277923,0.9437712,5
hotel_112,2023-06-18,0.90625,71,0.75625,0.93125,0.8595620241761269,0.7903376527173144,71,0.7154566165430732,71,0.90048295,0.9370504,5
hotel_112,2023-06-19,0.95,72,0.75625,0.9375,0.8595001777238689,0.8434935376375269,72,0.807665893999357,72,0.9376907,0.95480907,5
hotel_112,2023-06-20,0.99375,73,0.75625,0.7875,0.858143335584529,0.8447242050752105,73,0.865510959314387,73,0.9252898,0.9656747,5
hotel_112,2023-06-21,0.9375,74,0.75625,0.98125,0.8659997887457698,0.8678157012113104,74,0.8877601388207322,74,0.93056905,0.9739184,5
hotel_112,2023-06-22,0.99375,75,0.75625,0.75,0.8603139354655822,0.8556846176835139,75,0.8753587950012383,75,0.9252776,0.942633,5
hotel_112,2023-06-23,0.7375,76,0.75625,0.75625,0.8626452877207605,0.8218651744936931,76,0.9049346538620008,76,0.92291856,0.9080482,5
hotel_112,2023-06-24,0.75625,77,0.75625,1.0125,0.8663147450724333,0.8246688943418579,77,0.8713738077544774,77,0.9321924,0.92782396,5
hotel_112,2023-06-25,0.7625,78,0.75625,0.93125,0.8644858486565505,0.7903376527173144,78,0.7305667346060997,78,0.89026713,0.91222256,5
hotel_112,2023-06-26,0.76875,79,0.75625,0.9375,0.8651546356841618,0.8434935376375269,79,0.7969128518737121,79,0.9222287,0.9452919,5
hotel_112,2023-06-27,0.8625,80,0.75625,0.7875,0.8593630809508634,0.8447242050752105,80,0.8506553814371234,80,0.92571807,0.9605197,5
hotel_112,2023-06-28,0.89375,81,0.75625,0.98125,0.8685065680504448,0.8678157012113104,81,0.8960358458440477,81,0.937736,0.9709549,5
hotel_112,2023-06-29,1.0,82,0.75625,0.75,0.8586970083580799,0.8556846176835139,82,0.8712067278808253,82,0.89201826,0.92002606,5
hotel_112,2023-06-30,0.96875,83,0.75625,0.75625,0.8594724677043557,0.8218651744936931,83,0.8914125098580946,83,0.87452894,0.8883228,5
hotel_126,2023-06-03,0.9482071713147411,84,1.00398406374502,1.0079681274900398,1.0149028955436625,0.997042006636073,84,0.9859395608246591,84,1.0066797,1.0121799,5
hotel_126,2023-06-04,0.9880478087649402,85,1.00398406374502,0.9880478087649402,1.0007805782199937,0.9309823494265196,85,0.9489585733519378,85,0.9858151,0.9892398,5
hotel_126,2023-06-05,1.0159362549800797,86,1.00398406374502,0.9641434262948207,0.9974317075837666,0.9204551391003566,86,0.9494825011356289,86,0.98224086,0.99376094,5
hotel_126,2023-06-06,1.0159362549800797,87,1.00398406374502,0.9641434262948207,0.9906267961111205,0.9251424968147317,87,0.9599428674009274,87,1.003537,1.009678,5
hotel_126,2023-06-07,1.0079681274900398,88,1.00398406374502,1.00398406374502,0.9871551041173474,0.9306592414986323,88,0.9679697348227104,88,1.001077,1.0082409,5
hotel_126,2023-06-08,0.9960159362549801,89,1.00398406374502,0.8047808764940239,0.9519928298135882,0.9211975136756855,89,0.9269313725726677,89,0.9706871,0.9815366,5
hotel_126,2023-06-09,0.9920318725099602,90,1.00398406374502,1.00398406374502,0.9851454983998265,0.9943267550499054,90,0.9791719655678841,90,1.0010903,1.0018319,5
hotel_126,2023-06-10,1.0,91,1.00398406374502,1.0079681274900398,0.9936614283874733,0.997042006636073,91,0.9945825026580357,91,1.0051568,1.013022,5
hotel_126,2023-06-11,1.0,92,1.00398406374502,0.9880478087649402,0.9768991073748913,0.9309823494265196,92,0.9319760910286942,92,0.9769953,0.98571837,5
hotel_126,2023-06-12,0.9920318725099602,93,1.00398406374502,0.9641434262948207,0.9784922002354947,0.9204551391003566,93,0.9406717127004742,93,0.98405635,0.99138093,5
hotel_126,2023-06-13,1.00398406374502,94,1.00398406374502,0.9641434262948207,0.9801730086427649,0.9251424968147317,94,0.9582825657398093,94,0.99958044,1.0138398,5
hotel_126,2023-06-14,1.0,95,1.00398406374502,1.00398406374502,0.9872893769114806,0.9306592414986323,95,0.9570333593889743,95,0.99966,1.0049323,5
hotel_126,2023-06-15,1.00398406374502,96,1.00398406374502,0.8047808764940239,0.9368260498749588,0.9211975136756855,96,0.9296688538669265,96,0.96187097,0.97603625,5
hotel_126,2023-06-16,1.0079681274900398,97,1.00398406374502,1.00398406374502,0.9885937743174416,0.9943267550499054,97,0.9734056203908225,97,0.9974211,0.997648,5
hotel_126,2023-06-17,1.00398406374502,98,1.00398406374502,1.0079681274900398,0.9945654799090594,0.997042006636073,98,0.9856977197442223,98,0.9972663,1.0093461,5
hotel_126,2023-06-18,1.00398406374502,99,1.00398406374502,0.9880478087649402,0.9809781069413004,0.9309823494265196,99,0.9167349874086745,99,0.9710962,0.9790932,5
hotel_126,2023-06-19,0.9960159362549801,100,1.00398406374502,0.9641434262948207,0.9831738524936489,0.9204551391003566,100,0.9447672709261233,100,0.97797775,0.9869567,5
hotel_126,2023-06-20,0.9960159362549801,101,1.00398406374502,0.9641434262948207,0.9830459321890341,0.9251424968147317,101,0.956963054368413,101,0.9961809,1.0032296,5
hotel_126,2023-06-21,1.00398406374502,102,1.00398406374502,1.00398406374502,0.9852771174518384,0.9306592414986323,102,0.9588021202860885,102,0.9825818,1.0069356,5
hotel_126,2023-06-22,0.9880478087649402,103,1.00398406374502,0.8047808764940239,0.9537958754135045,0.9211975136756855,103,0.9406249468940944,103,0.95710397,0.97992617,5
hotel_126,2023-06-23,1.00398406374502,104,1.00398406374502,1.00398406374502,0.98554918463757,0.9943267550499054,104,0.9608027171781867,104,0.98613554,0.99500716,5
hotel_126,2023-06-24,1.00398406374502,105,1.00398406374502,1.0079681274900398,0.9913056218630101,0.997042006636073,105,0.9558552939255771,105,0.9890555,1.0087171,5
hotel_126,2023-06-25,1.00398406374502,106,1.00398406374502,0.9880478087649402,0.9790756302419775,0.9309823494265196,106,0.9008428486618744,106,0.96249473,0.9848364,5
hotel_126,2023-06-26,1.00398406374502,107,1.00398406374502,0.9641434262948207,0.9804073177198375,0.9204551391003566,107,0.9249873581128518,107,0.973726,0.9899574,5
hotel_126,2023-06-27,0.9840637450199203,108,1.00398406374502,0.9641434262948207,0.981110150553489,0.9251424968147317,108,0.9447079570687203,108,0.99213165,1.0029297,5
hotel_126,2023-06-28,1.00398406374502,109,1.00398406374502,1.00398406374502,0.9851352823718861,0.9306592414986323,109,0.9592188254048026,109,0.9906031,1.0044694,5
hotel_126,2023-06-29,1.00398406374502,110,1.00398406374502,0.8047808764940239,0.9516431826659615,0.9211975136756855,110,0.9278817482606612,110,0.9606582,0.9741013,5
hotel_126,2023-06-30,0.9880478087649402,111,1.00398406374502,1.00398406374502,0.9858412399330684,0.9943267550499054,111,0.9669299955422718,111,0.9986675,0.9954294,5
hotel_133,2023-06-03,1.0163934426229508,112,0.9836065573770492,1.0,0.95417695349893,1.037077370061083,112,0.9672138859948392,112,0.9863198,0.98178,5
hotel_133,2023-06-04,0.9180327868852459,113,0.9836065573770492,0.9016393442622951,0.8362939237363158,0.8576544559535373,113,0.8939808494963302,113,0.86208725,0.83973575,5
hotel_133,2023-06-05,0.9508196721311475,114,0.9836065573770492,0.8524590163934426,0.8411596126812655,0.889043604439115,114,0.9123091978355736,114,0.89914274,0.8823315,5
hotel_133,2023-06-06,0.9672131147540983,115,0.9836065573770492,0.8688524590163934,0.8762922351605176,0.9057531881610257,115,0.91498089600172,115,0.9575312,0.94277793,5
hotel_133,2023-06-07,0.8852459016393442,116,0.9836065573770492,1.0,0.9357113476547017,0.9245417494255395,116,0.939020382288236,116,0.97323483,0.9740565,5
hotel_133,2023-06-08,0.9508196721311475,117,0.9836065573770492,1.0,0.949132735303234,0.9386354692108162,117,0.9441570920469691,117,0.9819486,0.9735199,5
hotel_133,2023-06-09,0.9836065573770492,118,0.9836065573770492,0.9836065573770492,0.9705728227570347,1.0068598429153672,118,0.9652847308172046,118,0.98384804,0.9962805,5
hotel_133,2023-06-10,1.0,119,0.9836065573770492,1.0,0.9559550636292219,1.037077370061083,119,0.9700586319108061,119,1.0012901,0.9859576,5
hotel_133,2023-06-11,0.8032786885245902,120,0.9836065573770492,0.9016393442622951,0.8509669066641555,0.8576544559535373,120,0.8923063644556075,120,0.87128454,0.84680593,5
hotel_133,2023-06-12,0.9344262295081968,121,0.9836065573770492,0.8524590163934426,0.8493827569702367,0.889043604439115,121,0.8926842371808633,121,0.9072697,0.88538694,5
hotel_133,2023-06-13,0.9836065573770492,122,0.9836065573770492,0.8688524590163934,0.8800059980596102,0.9057531881610257,122,0.912356652537381,122,0.95814705,0.9511649,5
hotel_133,2023-06-14,1.0,123,0.9836065573770492,1.0,0.9415597546735743,0.9245417494255395,123,0.9142179979749037,123,0.9788775,0.9677086,5
hotel_133,2023-06-15,1.0,124,0.9836065573770492,1.0,0.9529388140734573,0.9386354692108162,124,0.920489390616724,124,0.975626,0.9697662,5
hotel_133,2023-06-16,1.0,125,0.9836065573770492,0.9836065573770492,0.9691688133553801,1.0068598429153672,125,0.9521934702486818,125,0.99204695,0.99315834,5
hotel_133,2023-06-17,1.0,126,0.9836065573770492,1.0,0.9544692142519128,1.037077370061083,126,0.9520550553519617,126,0.9946171,0.99312943,5
hotel_133,2023-06-18,0.9836065573770492,127,0.9836065573770492,0.9016393442622951,0.857172880576192,0.8576544559535373,127,0.88000548952673,127,0.8648697,0.84019184,5
hotel_133,2023-06-19,0.9672131147540983,128,0.9836065573770492,0.8524590163934426,0.8563563964798423,0.889043604439115,128,0.9096748255775517,128,0.9119854,0.8922452,5
hotel_133,2023-06-20,0.9344262295081968,129,0.9836065573770492,0.8688524590163934,0.884835421977483,0.9057531881610257,129,0.9134848903567314,129,0.9481487,0.9431519,5
hotel_133,2023-06-21,0.8524590163934426,130,0.9836065573770492,1.0,0.9410011287664288,0.9245417494255395,130,0.9186509432367569,130,0.99149466,0.9802684,5
hotel_133,2023-06-22,0.819672131147541,131,0.9836065573770492,1.0,0.951617888788559,0.9386354692108162,131,0.9293201510250343,131,0.9852361,0.9750676,5
hotel_133,2023-06-23,0.9344262295081968,132,0.9836065573770492,0.9836065573770492,0.9669713591298892,1.0068598429153672,132,0.9468908449157746,132,0.9854338,0.9905472,5
hotel_133,2023-06-24,1.0163934426229508,133,0.9836065573770492,1.0,0.9535231119287513,1.037077370061083,133,0.9637236257445415,133,0.99246806,1.0004683,5
hotel_133,2023-06-25,0.8852459016393442,134,0.9836065573770492,0.9016393442622951,0.8637210762910338,0.8576544559535373,134,0.8928672069041024,134,0.86592126,0.85812163,5
hotel_133,2023-06-26,0.9836065573770492,135,0.9836065573770492,0.8524590163934426,0.8629021335906313,0.889043604439115,135,0.91283738226546,135,0.8767401,0.88753164,5
hotel_133,2023-06-27,0.9836065573770492,136,0.9836065573770492,0.8688524590163934,0.8891783634157899,0.9057531881610257,136,0.9085862448659172,136,0.95236605,0.9426853,5
hotel_133,2023-06-28,0.9508196721311475,137,0.9836065573770492,1.0,0.9411081716437932,0.9245417494255395,137,0.9223018929305171,137,0.9804212,0.9748856,5
hotel_133,2023-06-29,0.9180327868852459,138,0.9836065573770492,1.0,0.9509002538113212,0.9386354692108162,138,0.9273511963297358,138,0.9812263,0.9681345,5
hotel_133,2023-06-30,0.9672131147540983,139,0.9836065573770492,0.9836065573770492,0.9650397028990038,1.0068598429153672,139,0.9405910964362941,139,1.0009063,0.9990866,5
hotel_14,2023-06-03,0.660377358490566,140,0.5660377358490566,0.6981132075471698,0.6647320008197153,0.5856228761722997,140,0.6644687224087099,140,0.6407388,0.64408016,5
hotel_14,2023-06-04,0.4528301886792453,141,0.5660377358490566,0.4811320754716981,0.5358726259570746,0.3625967115481431,141,0.5396246480113392,141,0.40040123,0.40927023,5
hotel_14,2023-06-05,0.7452830188679245,142,0.5660377358490566,0.37735849056603776,0.5052048666337638,0.45754845204892763,142,0.6095473450402835,142,0.4672206,0.45402318,5
hotel_14,2023-06-06,0.8490566037735849,143,0.5660377358490566,0.49056603773584906,0.587358813838514,0.5421698752690773,143,0.6595474585154003,143,0.5473455,0.55979717,5
hotel_14,2023-06-07,0.8113207547169812,144,0.5660377358490566,0.5471698113207547,0.6076349603988022,0.5653450658290413,144,0.6781578469553774,144,0.5915162,0.60267043,5
hotel_14,2023-06-08,0.6320754716981132,145,0.5660377358490566,0.5188679245283019,0.5776326576629804,0.5209390832107407,145,0.652818717916841,145,0.5810397,0.58259493,5
hotel_14,2023-06-09,0.4716981132075472,146,0.5660377358490566,0.5660377358490566,0.6214548110708102,0.5554432718610073,146,0.7253096681211973,146,0.68647873,0.66964173,5
hotel_14,2023-06-10,0.5660377358490566,147,0.5660377358490566,0.6981132075471698,0.6947239023312474,0.5856228761722997,147,0.7606585769304351,147,0.72666675,0.693594,5
hotel_14,2023-06-11,0.3584905660377358,148,0.5660377358490566,0.4811320754716981,0.5893359807381131,0.3625967115481431,148,0.535922738722424,148,0.41971233,0.42434475,5
hotel_14,2023-06-12,0.6792452830188679,149,0.5660377358490566,0.37735849056603776,0.5513746152005604,0.45754845204892763,149,0.6758274208728441,149,0.5074267,0.46750644,5
hotel_14,2023-06-13,0.6981132075471698,150,0.5660377358490566,0.49056603773584906,0.6126769332783569,0.5421698752690773,150,0.7001753224497496,150,0.5892673,0.5676768,5
hotel_14,2023-06-14,0.6886792452830188,151,0.5660377358490566,0.5471698113207547,0.6349927651829634,0.5653450658290413,151,0.6881291338334949,151,0.6182888,0.5953946,5
hotel_14,2023-06-15,0.5849056603773585,152,0.5660377358490566,0.5188679245283019,0.6159384205012144,0.5209390832107407,152,0.6683092819937394,152,0.6189418,0.5738729,5
hotel_14,2023-06-16,0.6132075471698113,153,0.5660377358490566,0.5660377358490566,0.6452961352889999,0.5554432718610073,153,0.7255549819836878,153,0.70293254,0.6630189,5
hotel_14,2023-06-17,0.6698113207547169,154,0.5660377358490566,0.6981132075471698,0.699305276076667,0.5856228761722997,154,0.7745985953468381,154,0.7141123,0.68796456,5
hotel_14,2023-06-18,0.5,155,0.5660377358490566,0.4811320754716981,0.6249089083786119,0.3625967115481431,155,0.5804726832774862,155,0.45927423,0.420716,5
hotel_14,2023-06-19,0.5849056603773585,156,0.5660377358490566,0.37735849056603776,0.6020403099700405,0.45754845204892763,156,0.6605835048652079,156,0.51092434,0.45840988,5
hotel_14,2023-06-20,0.6698113207547169,157,0.5660377358490566,0.49056603773584906,0.6471161611116294,0.5421698752690773,157,0.6963885268378452,157,0.5649041,0.5709096,5
hotel_14,2023-06-21,0.7264150943396226,158,0.5660377358490566,0.5471698113207547,0.66112313378022,0.5653450658290413,158,0.7155474707428755,158,0.6212927,0.6075545,5
hotel_14,2023-06-22,0.6981132075471698,159,0.5660377358490566,0.5188679245283019,0.6459992148804078,0.5209390832107407,159,0.7289604424014507,159,0.6114813,0.59663314,5
hotel_14,2023-06-23,0.7264150943396226,160,0.5660377358490566,0.5660377358490566,0.6687026971380501,0.5554432718610073,160,0.7579815366910853,160,0.70591736,0.6872159,5
hotel_14,2023-06-24,0.6132075471698113,161,0.5660377358490566,0.6981132075471698,0.708636258403097,0.5856228761722997,161,0.7726461690943522,161,0.7304201,0.7101569,5
hotel_14,2023-06-25,0.5660377358490566,162,0.5660377358490566,0.4811320754716981,0.6525160800322365,0.3625967115481431,162,0.5785392411515816,162,0.46087712,0.44222826,5
hotel_14,2023-06-26,0.5943396226415094,163,0.5660377358490566,0.37735849056603776,0.6338768846751894,0.45754845204892763,163,0.5553577073609116,163,0.48920622,0.4870782,5
hotel_14,2023-06-27,0.5377358490566038,164,0.5660377358490566,0.49056603773584906,0.6672431621047047,0.5421698752690773,164,0.6442773290039234,164,0.5827256,0.59985423,5
hotel_14,2023-06-28,0.5566037735849056,165,0.5660377358490566,0.5471698113207547,0.6784263319960872,0.5653450658290413,165,0.6968007079627779,165,0.6240521,0.6217769,5
hotel_14,2023-06-29,0.7641509433962265,166,0.5660377358490566,0.5188679245283019,0.6676088836518999,0.5209390832107407,166,0.6808902743298741,166,0.6496786,0.61425483,5
hotel_14,2023-06-30,0.5188679245283019,167,0.5660377358490566,0.5660377358490566,0.6840357511135586,0.5554432718610073,167,0.7100716504521972,167,0.73506737,0.70564073,5
hotel_21,2023-06-03,1.0046296296296295,168,1.0,1.0092592592592593,1.016945337507812,0.9965671900805182,168,0.9739965094249518,168,1.0130664,1.0132161,5
hotel_21,2023-06-04,0.9814814814814815,169,1.0,1.0046296296296295,0.9571505033306643,0.9338321213004529,169,0.954842164040914,169,0.95902264,0.97962713,5
hotel_21,2023-06-05,1.0,170,1.0,0.75,0.9282317136162485,0.9388737130839176,170,0.8969835321430862,170,0.9033333,0.91643053,5
hotel_21,2023-06-06,0.9675925925925926,171,1.0,0.75,0.9559672089971948,0.9832132560252524,171,0.8961557675511659,171,0.94830066,0.94291836,5
hotel_21,2023-06-07,0.9583333333333334,172,1.0,0.8981481481481481,0.9743969994832338,1.0058085506131955,172,0.9007845804523077,172,0.9668527,0.9742163,5
hotel_21,2023-06-08,1.0,173,1.0,0.9444444444444444,0.9740090812929051,1.0019568781737052,173,0.8993662779321285,173,0.97105324,0.9800146,5
hotel_21,2023-06-09,0.9907407407407407,174,1.0,1.0,0.9679790965623747,0.9885692352917795,174,0.9630966747378349,174,0.9918315,0.9871379,5
hotel_21,2023-06-10,1.0231481481481481,175,1.0,1.0092592592592593,0.9914702484658845,0.9965671900805182,175,0.9596436568203558,175,1.0119367,1.009784,5
hotel_21,2023-06-11,0.9861111111111112,176,1.0,1.0046296296296295,0.9467525428833454,0.9338321213004529,176,0.8948444515030398,176,0.94230425,0.97725713,5
hotel_21,2023-06-12,1.0,177,1.0,0.75,0.8996077566172674,0.9388737130839176,177,0.9084563421781069,177,0.8892951,0.90946543,5
hotel_21,2023-06-13,0.9768518518518519,178,1.0,0.75,0.9241572963758364,0.9832132560252524,178,0.882922721172857,178,0.93523014,0.94963694,5
hotel_21,2023-06-14,0.9722222222222222,179,1.0,0.8981481481481481,0.9563895895750257,1.0058085506131955,179,0.8522886657777983,179,0.9569723,0.97856766,5
hotel_21,2023-06-15,0.9953703703703703,180,1.0,0.9444444444444444,0.9625946144638193,1.0019568781737052,180,0.8744334996484431,180,0.9640512,0.97394407,5
hotel_21,2023-06-16,1.0,181,1.0,1.0,0.9653527223024511,0.9885692352917795,181,0.9268201910652997,181,0.975091,0.9806086,5
hotel_21,2023-06-17,1.0,182,1.0,1.0092592592592593,0.9874717591085039,0.9965671900805182,182,0.9712221592870772,182,0.997284,1.005208,5
hotel_21,2023-06-18,0.9583333333333334,183,1.0,1.0046296296296295,0.9460770406773531,0.9338321213004529,183,0.9035260790452183,183,0.94358134,0.96840364,5
hotel_21,2023-06-19,0.9768518518518519,184,1.0,0.75,0.902379449671688,0.9388737130839176,184,0.9218248599756298,184,0.898301,0.9063196,5
hotel_21,2023-06-20,0.9814814814814815,185,1.0,0.75,0.9253457519689697,0.9832132560252524,185,0.9242799304070851,185,0.9310187,0.9333181,5
hotel_21,2023-06-21,0.9629629629629629,186,1.0,0.8981481481481481,0.9554319604229302,1.0058085506131955,186,0.8941632656711922,186,0.9446787,0.9719579,5
hotel_21,2023-06-22,0.9814814814814815,187,1.0,0.9444444444444444,0.9612827466372097,1.0019568781737052,187,0.8755962959743742,187,0.9511888,0.9764336,5
hotel_21,2023-06-23,0.9351851851851852,188,1.0,1.0,0.963909864911968,0.9885692352917795,188,0.921940585495727,188,0.9693302,0.9803175,5
hotel_21,2023-06-24,1.0,189,1.0,1.0092592592592593,0.9845357011772762,0.9965671900805182,189,0.9298730283610646,189,0.9991107,1.0058432,5
hotel_21,2023-06-25,0.9166666666666666,190,1.0,1.0046296296296295,0.9460626844988105,0.9338321213004529,190,0.8379863402515919,190,0.9517175,0.97716105,5
hotel_21,2023-06-26,0.9861111111111112,191,1.0,0.75,0.9054391142633161,0.9388737130839176,191,0.8840108592742002,191,0.9037561,0.910156,5
hotel_21,2023-06-27,1.0,192,1.0,0.75,0.9268282997039126,0.9832132560252524,192,0.9072226996837304,192,0.92887574,0.93294215,5
hotel_21,2023-06-28,0.9953703703703703,193,1.0,0.8981481481481481,0.954836324899477,1.0058085506131955,193,0.8927908551969538,193,0.94926304,0.97018945,5
hotel_21,2023-06-29,0.9907407407407407,194,1.0,0.9444444444444444,0.9602936060361156,1.0019568781737052,194,0.8848287641740347,194,0.9583254,0.96916,5
hotel_21,2023-06-30,0.9074074074074074,195,1.0,1.0,0.9627487629476702,0.9885692352917795,195,0.9380213150025555,195,0.9772615,0.9745307,5
hotel_28,2023-06-03,0.0,196,0.0,0.0,7.018307866135182e-05,0.003992629034369841,196,0.004275588254248048,196,0.0034550093,-0.0028313287,5
hotel_28,2023-06-04,0.0,197,0.0,0.0,1.7301321064412337e-05,0.008391101010824461,197,0.0016919013313546661,197,0.0031389669,-0.00043087453,5
hotel_28,2023-06-05,0.0,198,0.0,0.0,-3.2115476743861375e-05,0.008466188792888133,198,-0.002552670043252185,198,-0.000568565,0.0017618071,5
hotel_28,2023-06-06,0.0,199,0.0,0.0,-3.54682948077806e-05,0.00555630906273135,199,0.004092143081942492,199,-1.23614445e-05,0.0014513629,5
hotel_28,2023-06-07,0.0,200,0.0,0.0,-3.542312919033123e-05,0.002124819814513689,200,0.004092143081942492,200,0.007237885,0.0025479626,5
hotel_28,2023-06-08,0.0,201,0.0,0.0,-3.551503736836384e-05,-0.0007934133995693635,201,0.0041463217549372235,201,0.0014363751,0.0009565931,5
hotel_28,2023-06-09,0.0,202,0.0,0.0,-3.555696854161325e-05,-0.0013717229619371538,202,0.010336982144134605,202,0.0016490482,0.0014637075,5
hotel_28,2023-06-10,0.0,203,0.0,0.0,4.234424788204949e-05,0.003992629034369841,203,0.004275588254248048,203,0.009977542,0.0068879975,5
hotel_28,2023-06-11,0.0,204,0.0,0.0,7.728023141050306e-07,0.008391101010824461,204,0.0016919013313546661,204,0.006215241,0.0048134457,5
hotel_28,2023-06-12,0.0,205,0.0,0.0,-4.118597707562799e-05,0.008466188792888133,205,-0.002552670043252185,205,0.009729059,0.0044903792,5
hotel_28,2023-06-13,0.008333333333333333,206,0.0,0.0,-4.201823020210118e-05,0.00555630906273135,206,0.004092143081942492,206,0.00912486,0.008183822,5
hotel_28,2023-06-14,0.008333333333333333,207,0.0,0.0,-4.198163314045486e-05,0.002124819814513689,207,0.004092143081942492,207,0.0068301745,0.005447743,5
hotel_28,2023-06-15,0.0,208,0.0,0.0,-4.205926767611072e-05,-0.0007934133995693635,208,0.0041463217549372235,208,0.009297594,0.0018573496,5
hotel_28,2023-06-16,0.0,209,0.0,0.0,-4.2094690997197335e-05,-0.0013717229619371538,209,0.010336982144134605,209,0.0069112917,0.0040718494,5
hotel_28,2023-06-17,0.0,210,0.0,0.0,2.511363400243611e-05,0.003992629034369841,210,0.004275588254248048,210,0.0087444,0.004315883,5
hotel_28,2023-06-18,0.0,211,0.0,0.0,-1.189149511084418e-05,0.008391101010824461,211,0.0016919013313546661,211,0.010362952,0.0026054382,5
hotel_28,2023-06-19,0.0,212,0.0,0.0,-4.8992557390224214e-05,0.008466188792888133,212,-0.002552670043252185,212,0.011535525,0.0038509332,5
hotel_28,2023-06-20,0.0,213,0.0,0.0,-4.9920206812057276e-05,0.00555630906273135,213,0.004092143081942492,213,0.0073664617,0.0034848857,5
hotel_28,2023-06-21,0.0,214,0.0,0.0,-4.9885252810268075e-05,0.002124819814513689,214,0.004092143081942492,214,-0.002493512,0.0045848396,5
hotel_28,2023-06-22,0.0,215,0.0,0.0,-4.9957189430048676e-05,-0.0007934133995693635,215,0.0041463217549372235,215,0.006268695,0.0028336076,5
hotel_28,2023-06-23,0.0,216,0.0,0.0,-4.999001007241162e-05,-0.0013717229619371538,216,0.010336982144134605,216,0.0060048476,-0.00022611395,5
hotel_28,2023-06-24,0.008333333333333333,217,0.0,0.0,1.1342501723565208e-05,0.003992629034369841,217,0.004275588254248048,217,0.009682253,0.0047646724,5
hotel_28,2023-06-25,0.008333333333333333,218,0.0,0.0,-2.167846191242847e-05,0.008391101010824461,218,0.0016919013313546661,218,0.007150531,0.0064961836,5
hotel_28,2023-06-26,0.008333333333333333,219,0.0,0.0,-5.494349734604763e-05,0.008466188792888133,219,-0.002552670043252185,219,0.012623325,0.006409399,5
hotel_28,2023-06-27,0.008333333333333333,220,0.0,0.0,-5.565231119376597e-05,0.00555630906273135,220,0.004092143081942492,220,0.010823816,0.010630926,5
hotel_28,2023-06-28,0.13333333333333333,221,0.0,0.0,-5.5622634071639944e-05,0.002124819814513689,221,0.004092143081942492,221,0.0073973015,0.008042343,5
hotel_28,2023-06-29,0.4166666666666667,222,0.0,0.0,-5.568502372843148e-05,-0.0007934133995693635,222,0.0041463217549372235,222,0.008863643,0.0019759089,5
hotel_28,2023-06-30,0.6083333333333333,223,0.0,0.0,-5.571349035028261e-05,-0.0013717229619371538,223,0.010336982144134605,223,0.013207406,0.0034378357,5
hotel_35,2023-06-03,0.533203125,224,0.55078125,0.515625,0.5381670586237031,0.5229484063078094,224,0.5336874678459018,224,0.5696998,0.5209185,5
hotel_35,2023-06-04,0.568359375,225,0.55078125,0.6015625,0.5299888085912816,0.5068543749575442,225,0.5155283063239324,225,0.58923835,0.5693742,5
hotel_35,2023-06-05,0.60546875,226,0.55078125,0.654296875,0.5704549794414192,0.5720222699067338,226,0.5955073282917345,226,0.6328867,0.6538206,5
hotel_35,2023-06-06,0.595703125,227,0.55078125,0.63671875,0.5809117305655382,0.6117736796790747,227,0.6842035962984649,227,0.67869884,0.72782254,5
hotel_35,2023-06-07,0.65625,228,0.55078125,0.529296875,0.5576492813561517,0.6077387983316962,228,0.7196292291409835,228,0.65151477,0.69079137,5
hotel_35,2023-06-08,0.654296875,229,0.55078125,0.53125,0.5393713040830811,0.5874570023570584,229,0.7100841110344288,229,0.62046546,0.6460864,5
hotel_35,2023-06-09,0.705078125,230,0.55078125,0.55078125,0.5302040903872457,0.5545927122659294,230,0.7092373759900199,230,0.5995053,0.60927564,5
hotel_35,2023-06-10,0.587890625,231,0.55078125,0.515625,0.5185861528309728,0.5229484063078094,231,0.6513842006489429,231,0.5907119,0.55472845,5
hotel_35,2023-06-11,0.599609375,232,0.55078125,0.6015625,0.5110538112514087,0.5068543749575442,232,0.4928296538963244,232,0.57097137,0.58186346,5
hotel_35,2023-06-12,0.70703125,233,0.55078125,0.654296875,0.54832401209534,0.5720222699067338,233,0.6472746696948631,233,0.6486471,0.6742054,5
hotel_35,2023-06-13,0.78125,234,0.55078125,0.63671875,0.5579549014625161,0.6117736796790747,234,0.7117972150953873,234,0.7201719,0.74738574,5
hotel_35,2023-06-14,0.8359375,235,0.55078125,0.529296875,0.5365296928020175,0.6077387983316962,235,0.7293533505582916,235,0.67434305,0.7067667,5
hotel_35,2023-06-15,0.83203125,236,0.55078125,0.53125,0.5196952884174021,0.5874570023570584,236,0.713187468134582,236,0.6393423,0.6481478,5
hotel_35,2023-06-16,0.693359375,237,0.55078125,0.55078125,0.5112520903473811,0.5545927122659294,237,0.7431426543216845,237,0.61022973,0.61895,5
hotel_35,2023-06-17,0.630859375,238,0.55078125,0.515625,0.5005517236702837,0.5229484063078094,238,0.7288542083899349,238,0.5582258,0.5498477,5
hotel_35,2023-06-18,0.56640625,239,0.55078125,0.6015625,0.49361427746280556,0.5068543749575442,239,0.5462467361819678,239,0.58181155,0.5772368,5
hotel_35,2023-06-19,0.619140625,240,0.55078125,0.654296875,0.5279409222074058,0.5720222699067338,240,0.6715247719249992,240,0.6447918,0.6551754,5
hotel_35,2023-06-20,0.58203125,241,0.55078125,0.63671875,0.5368111753961657,0.6117736796790747,241,0.7247804801260966,241,0.70446396,0.7222497,5
hotel_35,2023-06-21,0.59375,242,0.55078125,0.529296875,0.5170781042129009,0.6077387983316962,242,0.7574918479542191,242,0.68782413,0.71163344,5
hotel_35,2023-06-22,0.77734375,243,0.55078125,0.53125,0.5015732610483188,0.5874570023570584,243,0.731479760667776,243,0.608092,0.663116,5
hotel_35,2023-06-23,0.859375,244,0.55078125,0.55078125,0.4937968967117929,0.5545927122659294,244,0.7442632206108593,244,0.5698644,0.6172997,5
hotel_35,2023-06-24,0.72265625,245,0.55078125,0.515625,0.4839416322580331,0.5229484063078094,245,0.7647130837111,245,0.51093394,0.5451424,5
hotel_35,2023-06-25,0.7421875,246,0.55078125,0.6015625,0.47755209729426723,0.5068543749575442,246,0.5698613119541545,246,0.5314906,0.5786114,5
hotel_35,2023-06-26,0.8359375,247,0.55078125,0.654296875,0.5091676644964993,0.5720222699067338,247,0.6771125120538101,247,0.6176265,0.668607,5
hotel_35,2023-06-27,0.919921875,248,0.55078125,0.63671875,0.5173373556468167,0.6117736796790747,248,0.6892746544631884,248,0.66978645,0.7393018,5
hotel_35,2023-06-28,0.89453125,249,0.55078125,0.529296875,0.4991627789370124,0.6077387983316962,249,0.6982121429565069,249,0.67024666,0.71808773,5
hotel_35,2023-06-29,0.8046875,250,0.55078125,0.53125,0.4848824898299034,0.5874570023570584,250,0.6824009856037629,250,0.63171047,0.67485785,5
hotel_35,2023-06-30,0.6953125,251,0.55078125,0.55078125,0.4777202934923441,0.5545927122659294,251,0.7100716504521972,251,0.60680467,0.62479,5
hotel_42,2023-06-03,0.6720647773279352,252,0.5789473684210527,1.0,0.7082569582315709,0.6235235371777318,252,0.757365252787527,252,0.66043174,0.64487654,5
hotel_42,2023-06-04,0.562753036437247,253,0.5789473684210527,0.9959514170040485,0.6261966102304143,0.2771541095301263,253,0.6782259064801849,253,0.4628306,0.47158027,5
hotel_42,2023-06-05,0.7408906882591093,254,0.5789473684210527,0.21862348178137653,0.5512139106799542,0.3575462852718987,254,0.7732289427372819,254,0.56904286,0.5081643,5
hotel_42,2023-06-06,0.8623481781376519,255,0.5789473684210527,0.25101214574898784,0.5714293011299985,0.46404466213726625,255,0.8435125010396654,255,0.69269717,0.63477606,5
hotel_42,2023-06-07,0.6761133603238867,256,0.5789473684210527,0.27530364372469635,0.5511675970689678,0.44306693331262137,256,0.8085315858382806,256,0.7158601,0.6514844,5
hotel_42,2023-06-08,0.7004048582995951,257,0.5789473684210527,0.30364372469635625,0.5937166720783428,0.44864531913861794,257,0.7718162814204096,257,0.70063806,0.6256141,5
hotel_42,2023-06-09,0.8502024291497976,258,0.5789473684210527,0.5789473684210527,0.7231147966933763,0.5164536633446177,258,0.84714617133772,258,0.77392614,0.67335397,5
hotel_42,2023-06-10,0.9473684210526315,259,0.5789473684210527,1.0,0.7497774553710729,0.6235235371777318,259,0.8474228569527421,259,0.8197471,0.70157135,5
hotel_42,2023-06-11,0.4291497975708502,260,0.5789473684210527,0.9959514170040485,0.7327877930507517,0.2771541095301263,260,0.6295185064868488,260,0.47087973,0.49411356,5
hotel_42,2023-06-12,0.4898785425101215,261,0.5789473684210527,0.21862348178137653,0.5187789903365914,0.3575462852718987,261,0.6341900014195211,261,0.5642005,0.49740237,5
hotel_42,2023-06-13,1.0121457489878543,262,0.5789473684210527,0.25101214574898784,0.5310674384061393,0.46404466213726625,262,0.7126495251282488,262,0.63291746,0.61666197,5
hotel_42,2023-06-14,0.9959514170040485,263,0.5789473684210527,0.27530364372469635,0.5333378319751036,0.44306693331262137,263,0.6402768427200052,263,0.71728575,0.6401116,5
hotel_42,2023-06-15,0.6072874493927125,264,0.5789473684210527,0.30364372469635625,0.5489449895468652,0.44864531913861794,264,0.5967084065599996,264,0.6952597,0.61166424,5
hotel_42,2023-06-16,0.7489878542510121,265,0.5789473684210527,0.5789473684210527,0.6449044731266292,0.5164536633446177,265,0.7557622208323405,265,0.7737198,0.66910887,5
hotel_42,2023-06-17,0.8906882591093117,266,0.5789473684210527,1.0,0.6832937450626635,0.6235235371777318,266,0.8264285523920294,266,0.72141075,0.6954174,5
hotel_42,2023-06-18,0.30364372469635625,267,0.5789473684210527,0.9959514170040485,0.6589188509964223,0.2771541095301263,267,0.6016772447302243,267,0.45906264,0.45799968,5
hotel_42,2023-06-19,0.4493927125506073,268,0.5789473684210527,0.21862348178137653,0.5977663708247977,0.3575462852718987,268,0.6744301834575023,268,0.5531087,0.46154797,5
hotel_42,2023-06-20,0.6680161943319838,269,0.5789473684210527,0.25101214574898784,0.6053584447721123,0.46404466213726625,269,0.7453398767425216,269,0.62091583,0.5558977,5
hotel_42,2023-06-21,0.951417004048583,270,0.5789473684210527,0.27530364372469635,0.6006063909770357,0.44306693331262137,270,0.7696212713804056,270,0.6768954,0.56721205,5
hotel_42,2023-06-22,0.7732793522267206,271,0.5789473684210527,0.30364372469635625,0.6145767407301738,0.44864531913861794,271,0.7659214746684915,271,0.627892,0.5324359,5
hotel_42,2023-06-23,0.8906882591093117,272,0.5789473684210527,0.5789473684210527,0.6665621557566186,0.5164536633446177,272,0.8808606800169688,272,0.7402389,0.605714,5
hotel_42,2023-06-24,0.902834008097166,273,0.5789473684210527,1.0,0.6809205178346105,0.6235235371777318,273,0.9006822738985082,273,0.7337864,0.63772583,5
hotel_42,2023-06-25,0.38461538461538464,274,0.5789473684210527,0.9959514170040485,0.6717883084398459,0.2771541095301263,274,0.6648290798915673,274,0.48243135,0.43692824,5
hotel_42,2023-06-26,0.7246963562753036,275,0.5789473684210527,0.21862348178137653,0.6049197076143112,0.3575462852718987,275,0.6209529010460522,275,0.52454233,0.45341206,5
hotel_42,2023-06-27,0.97165991902834,276,0.5789473684210527,0.25101214574898784,0.6095586589938902,0.46404466213726625,276,0.6608025280273376,276,0.65106446,0.5748101,5
hotel_42,2023-06-28,0.8947368421052632,277,0.5789473684210527,0.27530364372469635,0.6092101316034128,0.44306693331262137,277,0.6939247604722858,277,0.6689234,0.58200574,5
hotel_42,2023-06-29,0.7732793522267206,278,0.5789473684210527,0.30364372469635625,0.6159496760353864,0.44864531913861794,278,0.6697948676505509,278,0.6278107,0.53708297,5
hotel_42,2023-06-30,0.7611336032388664,279,0.5789473684210527,0.5789473684210527,0.6507448274776728,0.5164536633446177,279,0.7221936713844764,279,0.6919123,0.62231827,5
hotel_49,2023-06-03,0.7292576419213974,280,0.7336244541484717,0.6026200873362445,0.7023882178119728,0.7381262854559625,280,0.7670856267509577,280,0.7476878,0.73946357,5
hotel_49,2023-06-04,0.5676855895196506,281,0.7336244541484717,0.5982532751091703,0.6278196176120533,0.6469264161174458,281,0.550552052425151,281,0.6154535,0.60839087,5
hotel_49,2023-06-05,0.6637554585152838,282,0.7336244541484717,0.4585152838427948,0.5784938650711334,0.637129228474408,282,0.6300802435614351,282,0.5899012,0.5908319,5
hotel_49,2023-06-06,0.6157205240174672,283,0.7336244541484717,0.5327510917030568,0.5794089734473088,0.6616359970623615,283,0.667159303471466,283,0.6295502,0.61644465,5
hotel_49,2023-06-07,0.6462882096069869,284,0.7336244541484717,0.611353711790393,0.5947297607881504,0.6611476395418645,284,0.6832361615658898,284,0.6296181,0.6390449,5
hotel_49,2023-06-08,0.5895196506550219,285,0.7336244541484717,0.6637554585152838,0.6077898397907008,0.6762703554162109,285,0.6607029605565617,285,0.66702676,0.662671,5
hotel_49,2023-06-09,0.6550218340611353,286,0.7336244541484717,0.7336244541484717,0.6315281769186571,0.7278446064543925,286,0.6966396486066612,286,0.7363925,0.72860867,5
hotel_49,2023-06-10,0.7336244541484717,287,0.7336244541484717,0.6026200873362445,0.630179933178075,0.7381262854559625,287,0.71601941693502,287,0.7456727,0.7418021,5
hotel_49,2023-06-11,0.6768558951965066,288,0.7336244541484717,0.5982532751091703,0.6194325717225259,0.6469264161174458,288,0.5693943557871407,288,0.6159972,0.60473275,5
hotel_49,2023-06-12,0.6331877729257642,289,0.7336244541484717,0.4585152838427948,0.5869803000967315,0.637129228474408,289,0.6262106539590715,289,0.5876135,0.5892097,5
hotel_49,2023-06-13,0.7336244541484717,290,0.7336244541484717,0.5327510917030568,0.5980798758062393,0.6616359970623615,290,0.6806155539206155,290,0.6110683,0.6294275,5
hotel_49,2023-06-14,0.6724890829694323,291,0.7336244541484717,0.611353711790393,0.6110390273257177,0.6611476395418645,291,0.6976527088551746,291,0.6467762,0.6427815,5
hotel_49,2023-06-15,0.6550218340611353,292,0.7336244541484717,0.6637554585152838,0.6214286701880266,0.6762703554162109,292,0.6906832348759595,292,0.68915147,0.66216755,5
hotel_49,2023-06-16,0.7117903930131004,293,0.7336244541484717,0.7336244541484717,0.6359695919817729,0.7278446064543925,293,0.7302946123147102,293,0.71580935,0.7216742,5
hotel_49,2023-06-17,0.6899563318777293,294,0.7336244541484717,0.6026200873362445,0.6314469294736444,0.7381262854559625,294,0.7762658582838846,294,0.7166637,0.734129,5
hotel_49,2023-06-18,0.6244541484716157,295,0.7336244541484717,0.5982532751091703,0.6177521858400348,0.6469264161174458,295,0.5915112671790649,295,0.5826094,0.59615356,5
hotel_49,2023-06-19,0.5807860262008734,296,0.7336244541484717,0.4585152838427948,0.6048764250472287,0.637129228474408,296,0.6577987303850444,296,0.59120303,0.5840948,5
hotel_49,2023-06-20,0.6855895196506551,297,0.7336244541484717,0.5327510917030568,0.6068020799245026,0.6616359970623615,297,0.7056191066057267,297,0.60973054,0.6212859,5
hotel_49,2023-06-21,0.7117903930131004,298,0.7336244541484717,0.611353711790393,0.6116745031334233,0.6611476395418645,298,0.7167529137411106,298,0.61441445,0.65447664,5
hotel_49,2023-06-22,0.6331877729257642,299,0.7336244541484717,0.6637554585152838,0.6153039768473391,0.6762703554162109,299,0.7251590552532232,299,0.6705966,0.6753222,5
hotel_49,2023-06-23,0.6943231441048034,300,0.7336244541484717,0.7336244541484717,0.6216602378794494,0.7278446064543925,300,0.7601924177289273,300,0.7185164,0.7303946,5
hotel_49,2023-06-24,0.7248908296943232,301,0.7336244541484717,0.6026200873362445,0.6204996447496253,0.7381262854559625,301,0.7675432556481804,301,0.7513205,0.75210387,5
hotel_49,2023-06-25,0.62882096069869,302,0.7336244541484717,0.5982532751091703,0.6165196797661703,0.6469264161174458,302,0.5694469086604499,302,0.6197614,0.6141215,5
hotel_49,2023-06-26,0.6724890829694323,303,0.7336244541484717,0.4585152838427948,0.6090687044912664,0.637129228474408,303,0.6384429704717303,303,0.6199273,0.6032406,5
hotel_49,2023-06-27,0.7074235807860262,304,0.7336244541484717,0.5327510917030568,0.6112478559014854,0.6616359970623615,304,0.6956705694268094,304,0.6310986,0.6338094,5
hotel_49,2023-06-28,0.7030567685589519,305,0.7336244541484717,0.611353711790393,0.6140955382265253,0.6611476395418645,305,0.7044160434274376,305,0.6375081,0.6584954,5
hotel_49,2023-06-29,0.6593886462882096,306,0.7336244541484717,0.6637554585152838,0.6164279847193974,0.6762703554162109,306,0.6977341314957469,306,0.69503474,0.6775942,5
hotel_49,2023-06-30,0.6593886462882096,307,0.7336244541484717,0.7336244541484717,0.619789937912996,0.7278446064543925,307,0.7317067474018365,307,0.76291746,0.74258757,5
hotel_56,2023-06-03,0.9833333333333333,308,0.9416666666666667,1.0083333333333333,0.9503474030972839,0.9225575267579209,308,0.9244698977966462,308,0.97327954,0.96549636,5
hotel_56,2023-06-04,0.7666666666666667,309,0.9416666666666667,0.975,0.8919645707184545,0.7934296645717199,309,0.7227910897841139,309,0.86079925,0.82412887,5
hotel_56,2023-06-05,0.875,310,0.9416666666666667,0.6,0.8278417238048662,0.8186381137190706,310,0.7965759550572896,310,0.88393784,0.87956864,5
hotel_56,2023-06-06,1.0,311,0.9416666666666667,0.8333333333333334,0.8843222454422552,0.8563804883667919,311,0.8344995361342862,311,0.93123704,0.938575,5
hotel_56,2023-06-07,0.925,312,0.9416666666666667,0.85,0.8935828209017095,0.8750441218515934,312,0.8341879164651632,312,0.9241154,0.9171962,5
hotel_56,2023-06-08,0.8833333333333333,313,0.9416666666666667,0.8583333333333333,0.9218154843201023,0.878815493250656,313,0.8645786108852946,313,0.9100792,0.90977204,5
hotel_56,2023-06-09,1.0166666666666666,314,0.9416666666666667,0.9416666666666667,0.9365628775485957,0.9061319672670852,314,0.918070930936521,314,0.94585484,0.97424585,5
hotel_56,2023-06-10,1.0083333333333333,315,0.9416666666666667,1.0083333333333333,0.9505874778167926,0.9225575267579209,315,0.9427474383549087,315,0.9693712,0.97064054,5
hotel_56,2023-06-11,0.725,316,0.9416666666666667,0.975,0.9275224659036219,0.7934296645717199,316,0.7550373640095717,316,0.82631665,0.83031595,5
hotel_56,2023-06-12,0.9416666666666667,317,0.9416666666666667,0.6,0.8441027940013087,0.8186381137190706,317,0.7341542282538553,317,0.87784743,0.8813714,5
hotel_56,2023-06-13,1.05,318,0.9416666666666667,0.8333333333333334,0.9009349924149916,0.8563804883667919,318,0.7916533886037798,318,0.9101379,0.9328618,5
hotel_56,2023-06-14,1.0083333333333333,319,0.9416666666666667,0.85,0.9065471311364312,0.8750441218515934,319,0.8054010832149913,319,0.91123796,0.91458386,5
hotel_56,2023-06-15,0.975,320,0.9416666666666667,0.8583333333333333,0.9163649115766006,0.878815493250656,320,0.8139948280742851,320,0.8912117,0.9109718,5
hotel_56,2023-06-16,0.9666666666666667,321,0.9416666666666667,0.9416666666666667,0.93505065859934,0.9061319672670852,321,0.9039627078993164,321,0.9437254,0.9697166,5
hotel_56,2023-06-17,0.95,322,0.9416666666666667,1.0083333333333333,0.9407071470648951,0.9225575267579209,322,0.9198058119212635,322,0.9536085,0.9699006,5
hotel_56,2023-06-18,0.75,323,0.9416666666666667,0.975,0.9238333520568591,0.7934296645717199,323,0.6909195676259656,323,0.82596606,0.8162287,5
hotel_56,2023-06-19,0.85,324,0.9416666666666667,0.6,0.8880442944720316,0.8186381137190706,324,0.7374139342266435,324,0.89343053,0.87322825,5
hotel_56,2023-06-20,1.0083333333333333,325,0.9416666666666667,0.8333333333333334,0.9146229953242716,0.8563804883667919,325,0.7986091736098067,325,0.9099302,0.91525596,5
hotel_56,2023-06-21,0.9416666666666667,326,0.9416666666666667,0.85,0.9178798585162993,0.8750441218515934,326,0.8090195609229247,326,0.8976325,0.91297317,5
hotel_56,2023-06-22,0.9083333333333333,327,0.9416666666666667,0.8583333333333333,0.9256427798062691,0.878815493250656,327,0.8152958838599506,327,0.88855386,0.9147934,5
hotel_56,2023-06-23,0.9666666666666667,328,0.9416666666666667,0.9416666666666667,0.9337253468018191,0.9061319672670852,328,0.8825987396640859,328,0.93452805,0.96991765,5
hotel_56,2023-06-24,1.0083333333333333,329,0.9416666666666667,1.0083333333333333,0.937813155072257,0.9225575267579209,329,0.898311921577934,329,0.96770513,0.9673239,5
hotel_56,2023-06-25,1.0,330,0.9416666666666667,0.975,0.9288411128048072,0.7934296645717199,330,0.6712653369507471,330,0.84349453,0.82747245,5
hotel_56,2023-06-26,1.0,331,0.9416666666666667,0.6,0.9038895874624496,0.8186381137190706,331,0.6971041007857004,331,0.88222647,0.88277596,5
hotel_56,2023-06-27,1.0166666666666666,332,0.9416666666666667,0.8333333333333334,0.9215410489532887,0.8563804883667919,332,0.7460081758911583,332,0.91351986,0.9203749,5
hotel_56,2023-06-28,0.9833333333333333,333,0.9416666666666667,0.85,0.9234719404625983,0.8750441218515934,333,0.7702062713622069,333,0.9156591,0.912737,5
hotel_56,2023-06-29,0.8666666666666667,334,0.9416666666666667,0.8583333333333333,0.9274633972292389,0.878815493250656,334,0.771977013024787,334,0.9180573,0.91135,5
hotel_56,2023-06-30,0.9583333333333334,335,0.9416666666666667,0.9416666666666667,0.9330720473837746,0.9061319672670852,335,0.8692456806298102,335,0.955951,0.9702712,5
hotel_63,2023-06-03,0.7555555555555555,336,0.7111111111111111,0.9644444444444444,0.8586949444834129,0.8117287079900483,336,0.8744196426218043,336,0.84184456,0.8679567,5
hotel_63,2023-06-04,0.43555555555555553,337,0.7111111111111111,0.9288888888888889,0.8115136028888164,0.5180816994569175,337,0.7253082232350697,337,0.57228285,0.5816075,5
hotel_63,2023-06-05,0.5422222222222223,338,0.7111111111111111,0.5244444444444445,0.7575735918476264,0.5247584954827331,338,0.7507291803149583,338,0.71488464,0.6580708,5
hotel_63,2023-06-06,0.6,339,0.7111111111111111,0.6311111111111111,0.7989148367584626,0.5959512644452947,339,0.8174587963166944,339,0.8869816,0.76084596,5
hotel_63,2023-06-07,0.6666666666666666,340,0.7111111111111111,0.6488888888888888,0.7764628958332436,0.612981407980453,340,0.8242127506666017,340,0.9114803,0.8085587,5
hotel_63,2023-06-08,0.6755555555555556,341,0.7111111111111111,0.6888888888888889,0.7240717837642617,0.6152190494748339,341,0.7947457540481105,341,0.8670977,0.79713285,5
hotel_63,2023-06-09,0.8888888888888888,342,0.7111111111111111,0.7111111111111111,0.8158805707206983,0.7585084269735789,342,0.8560842905968149,342,0.9910978,0.90660733,5
hotel_63,2023-06-10,0.9688888888888889,343,0.7111111111111111,0.9644444444444444,0.8723821619399548,0.8117287079900483,343,0.9034550128110573,343,1.0428346,0.96213764,5
hotel_63,2023-06-11,0.5866666666666667,344,0.7111111111111111,0.9288888888888889,0.8442174344670651,0.5180816994569175,344,0.6948050426164303,344,0.71432936,0.6461779,5
hotel_63,2023-06-12,0.68,345,0.7111111111111111,0.5244444444444445,0.7096778628345635,0.5247584954827331,345,0.6915693985315472,345,0.76743877,0.6867604,5
hotel_63,2023-06-13,0.8177777777777778,346,0.7111111111111111,0.6311111111111111,0.7535743680413297,0.5959512644452947,346,0.7444053434710687,346,0.9265375,0.7960948,5
hotel_63,2023-06-14,0.6933333333333334,347,0.7111111111111111,0.6488888888888888,0.7526417473795484,0.612981407980453,347,0.7717318189679359,347,0.9306568,0.8224847,5
hotel_63,2023-06-15,0.7555555555555555,348,0.7111111111111111,0.6888888888888889,0.7487319530207424,0.6152190494748339,348,0.7786771477159389,348,0.90229505,0.806175,5
hotel_63,2023-06-16,0.9288888888888889,349,0.7111111111111111,0.7111111111111111,0.7858367919693504,0.7585084269735789,349,0.8655605601021565,349,1.0095937,0.91032577,5
hotel_63,2023-06-17,1.0,350,0.7111111111111111,0.9644444444444444,0.8471527769097424,0.8117287079900483,350,0.8575035653300985,350,1.0250831,0.96587586,5
hotel_63,2023-06-18,0.8533333333333334,351,0.7111111111111111,0.9288888888888889,0.825286354677831,0.5180816994569175,351,0.6759715061583541,351,0.6527249,0.6291932,5
hotel_63,2023-06-19,0.7022222222222222,352,0.7111111111111111,0.5244444444444445,0.7670603868243249,0.5247584954827331,352,0.7317545129179704,352,0.72850114,0.682332,5
hotel_63,2023-06-20,0.7777777777777778,353,0.7111111111111111,0.6311111111111111,0.793210030557016,0.5959512644452947,353,0.786675988067335,353,0.84925485,0.7653129,5
hotel_63,2023-06-21,0.7688888888888888,354,0.7111111111111111,0.6488888888888888,0.7866820084243686,0.612981407980453,354,0.8052464797484729,354,0.896397,0.80030304,5
hotel_63,2023-06-22,0.9155555555555556,355,0.7111111111111111,0.6888888888888889,0.7706530593852332,0.6152190494748339,355,0.7962418353944687,355,0.9245868,0.79883903,5
hotel_63,2023-06-23,0.9955555555555555,356,0.7111111111111111,0.7111111111111111,0.8090525630944708,0.7585084269735789,356,0.8672969870188518,356,1.0073416,0.89560366,5
hotel_63,2023-06-24,0.84,357,0.7111111111111111,0.9644444444444444,0.8451871941658534,0.8117287079900483,357,0.9012873975814671,357,1.1159898,0.9645343,5
hotel_63,2023-06-25,0.6311111111111111,358,0.7111111111111111,0.9288888888888889,0.8304536937881127,0.5180816994569175,358,0.7375796384698614,358,0.7373799,0.6442224,5
hotel_63,2023-06-26,0.8444444444444444,359,0.7111111111111111,0.5244444444444445,0.7736666631871116,0.5247584954827331,359,0.7784928702106392,359,0.7686217,0.6666221,5
hotel_63,2023-06-27,0.8844444444444445,360,0.7111111111111111,0.6311111111111111,0.7949825647573114,0.5959512644452947,360,0.8152032574164328,360,0.9335599,0.7545825,5
hotel_63,2023-06-28,0.8266666666666667,361,0.7111111111111111,0.6488888888888888,0.7929917839079772,0.612981407980453,361,0.8237505612483815,361,0.910825,0.8043485,5
hotel_63,2023-06-29,0.8844444444444445,362,0.7111111111111111,0.6888888888888889,0.7870927785701414,0.6152190494748339,362,0.7967100091445153,362,0.8562425,0.7810823,5
hotel_63,2023-06-30,0.8666666666666667,363,0.7111111111111111,0.7111111111111111,0.8103862975784552,0.7585084269735789,363,0.8689803727521248,363,1.0072324,0.8864023,5
hotel_7,2023-06-03,0.6938110749185668,364,0.8094462540716613,0.750814332247557,0.7313032124017695,0.7270081556901234,364,0.7912499094554499,364,0.7010205,0.710239,5
hotel_7,2023-06-04,0.50814332247557,365,0.8094462540716613,0.7785016286644951,0.7123706216123835,0.7080671679310537,365,0.5802342776012247,365,0.6992884,0.6716093,5
hotel_7,2023-06-05,0.509771986970684,366,0.8094462540716613,0.6237785016286646,0.5740219189997546,0.5797217911384903,366,0.5182899808463061,366,0.5545765,0.5568144,5
hotel_7,2023-06-06,0.5700325732899023,367,0.8094462540716613,0.6270358306188925,0.5420800910664951,0.571969959588913,367,0.5543950717061099,367,0.5480945,0.5112715,5
hotel_7,2023-06-07,0.6905537459283387,368,0.8094462540716613,0.6449511400651465,0.6430691941508802,0.7372719503055183,368,0.6387582297237174,368,0.68967223,0.654077,5
hotel_7,2023-06-08,0.7214983713355049,369,0.8094462540716613,0.7980456026058632,0.6854671672477379,0.776442840243807,369,0.6837722277124361,369,0.7432797,0.7306253,5
hotel_7,2023-06-09,0.7019543973941368,370,0.8094462540716613,0.8094462540716613,0.7400874694119024,0.8082867631899068,370,0.7456492132596318,370,0.76667297,0.7275303,5
hotel_7,2023-06-10,0.5146579804560261,371,0.8094462540716613,0.750814332247557,0.6347709056994921,0.7270081556901234,371,0.7883994175312979,371,0.67570525,0.65988904,5
hotel_7,2023-06-11,0.5684039087947883,372,0.8094462540716613,0.7785016286644951,0.6079002612365114,0.7080671679310537,372,0.6083054824417115,372,0.6652231,0.64879435,5
hotel_7,2023-06-12,0.5863192182410424,373,0.8094462540716613,0.6237785016286646,0.47326000817339564,0.5797217911384903,373,0.6619485598500753,373,0.4848803,0.5091377,5
hotel_7,2023-06-13,0.5488599348534202,374,0.8094462540716613,0.6270358306188925,0.4680389732339938,0.571969959588913,374,0.6779990254890155,374,0.52997434,0.48652324,5
hotel_7,2023-06-14,0.6400651465798045,375,0.8094462540716613,0.6449511400651465,0.6143466691379318,0.7372719503055183,375,0.6894715860138476,375,0.67760646,0.6260871,5
hotel_7,2023-06-15,0.6710097719869706,376,0.8094462540716613,0.7980456026058632,0.6451087181154279,0.776442840243807,376,0.69478866982199,376,0.76852274,0.68786407,5
hotel_7,2023-06-16,0.6742671009771987,377,0.8094462540716613,0.8094462540716613,0.702455130572992,0.8082867631899068,377,0.727575997952367,377,0.7684821,0.6961326,5
hotel_7,2023-06-17,0.4495114006514658,378,0.8094462540716613,0.750814332247557,0.6199583053831834,0.7270081556901234,378,0.7758315549600235,378,0.658643,0.65428257,5
hotel_7,2023-06-18,0.4381107491856677,379,0.8094462540716613,0.7785016286644951,0.60477022880176,0.7080671679310537,379,0.5836838630913868,379,0.6499138,0.6391296,5
hotel_7,2023-06-19,0.4560260586319218,380,0.8094462540716613,0.6237785016286646,0.47480003353463807,0.5797217911384903,380,0.565939211085684,380,0.5475732,0.52637494,5
hotel_7,2023-06-20,0.34364820846905536,381,0.8094462540716613,0.6270358306188925,0.4613185604410148,0.571969959588913,381,0.5834537648746496,381,0.5184691,0.50632703,5
hotel_7,2023-06-21,0.41042345276872966,382,0.8094462540716613,0.6449511400651465,0.5888568696823023,0.7372719503055183,382,0.6465955448772182,382,0.6841589,0.6413034,5
hotel_7,2023-06-22,0.3745928338762215,383,0.8094462540716613,0.7980456026058632,0.6303963086032018,0.776442840243807,383,0.6761814785614444,383,0.7855017,0.7158348,5
hotel_7,2023-06-23,0.4169381107491857,384,0.8094462540716613,0.8094462540716613,0.6903955900574341,0.8082867631899068,384,0.7335956124077556,384,0.7485485,0.68997127,5
hotel_7,2023-06-24,0.33876221498371334,385,0.8094462540716613,0.750814332247557,0.5994536961902206,0.7270081556901234,385,0.7771763343253356,385,0.69017136,0.6532001,5
hotel_7,2023-06-25,0.3289902280130293,386,0.8094462540716613,0.7785016286644951,0.5813017766592918,0.7080671679310537,386,0.59886958068889,386,0.64531356,0.6355719,5
hotel_7,2023-06-26,0.247557003257329,387,0.8094462540716613,0.6237785016286646,0.4517131279173989,0.5797217911384903,387,0.6672025913837072,387,0.5426276,0.49265707,5
hotel_7,2023-06-27,0.28664495114006516,388,0.8094462540716613,0.6270358306188925,0.445131694758748,0.571969959588913,388,0.700447350288607,388,0.5710142,0.4785319,5
hotel_7,2023-06-28,0.44788273615635177,389,0.8094462540716613,0.6449511400651465,0.5848439097590205,0.7372719503055183,389,0.696487838805964,389,0.72824144,0.61414844,5
hotel_7,2023-06-29,0.5521172638436482,390,0.8094462540716613,0.7980456026058632,0.6226674856116694,0.776442840243807,390,0.7003934104545173,390,0.7368631,0.66254634,5
hotel_7,2023-06-30,0.6498371335504886,391,0.8094462540716613,0.8094462540716613,0.6830245103018058,0.8082867631899068,391,0.7417297536304703,391,0.73590755,0.6855658,5
hotel_70,2023-06-03,0.5964912280701754,392,0.5657894736842105,0.41228070175438597,0.5743634708062781,0.5917986913036359,392,0.515951701980893,392,0.5576353,0.55886436,5
hotel_70,2023-06-04,0.4649122807017544,393,0.5657894736842105,0.4298245614035088,0.5653676988575693,0.48171847607544516,393,0.412972645136335,393,0.4272794,0.42884064,5
hotel_70,2023-06-05,0.4473684210526316,394,0.5657894736842105,0.2543859649122807,0.5004917303918942,0.48848736242562163,394,0.4254071722503432,394,0.4270528,0.44069788,5
hotel_70,2023-06-06,0.5131578947368421,395,0.5657894736842105,0.35964912280701755,0.5431333199821656,0.481538355076262,395,0.40705940175329774,395,0.4794308,0.4681421,5
hotel_70,2023-06-07,0.5877192982456141,396,0.5657894736842105,0.4868421052631579,0.5819622116582837,0.46774949360625423,396,0.4134762953836708,396,0.4852656,0.4875031,5
hotel_70,2023-06-08,0.6140350877192983,397,0.5657894736842105,0.5964912280701754,0.6211161887577556,0.5069465780793083,397,0.47921508244011646,397,0.50095373,0.50300395,5
hotel_70,2023-06-09,0.6403508771929824,398,0.5657894736842105,0.5657894736842105,0.6058920520774433,0.5620563067445632,398,0.5249526811652864,398,0.57827914,0.5693287,5
hotel_70,2023-06-10,0.6403508771929824,399,0.5657894736842105,0.41228070175438597,0.6149533239473368,0.5917986913036359,399,0.5054081958217971,399,0.5467172,0.54767543,5
hotel_70,2023-06-11,0.5877192982456141,400,0.5657894736842105,0.4298245614035088,0.6168989977520634,0.48171847607544516,400,0.44796493210069716,400,0.40183824,0.41976035,5
hotel_70,2023-06-12,0.5526315789473685,401,0.5657894736842105,0.2543859649122807,0.545651793970538,0.48848736242562163,401,0.4726626181330005,401,0.44608888,0.4408013,5
hotel_70,2023-06-13,0.5175438596491229,402,0.5657894736842105,0.35964912280701755,0.5896430874170754,0.481538355076262,402,0.5013982830369486,402,0.4818204,0.46647924,5
hotel_70,2023-06-14,0.543859649122807,403,0.5657894736842105,0.4868421052631579,0.6385524154747655,0.46774949360625423,403,0.5255856956458211,403,0.48012477,0.47838396,5
hotel_70,2023-06-15,0.5789473684210527,404,0.5657894736842105,0.5964912280701754,0.6826158036466105,0.5069465780793083,404,0.519247732740939,404,0.49273217,0.49723622,5
hotel_70,2023-06-16,0.6447368421052632,405,0.5657894736842105,0.5657894736842105,0.668852781341487,0.5620563067445632,405,0.5552114562063649,405,0.53536594,0.54725635,5
hotel_70,2023-06-17,0.7368421052631579,406,0.5657894736842105,0.41228070175438597,0.6743051341985253,0.5917986913036359,406,0.5141551280441324,406,0.5146956,0.5327188,5
hotel_70,2023-06-18,0.6447368421052632,407,0.5657894736842105,0.4298245614035088,0.6724153887078722,0.48171847607544516,407,0.4477642728823026,407,0.39641687,0.40760383,5
hotel_70,2023-06-19,0.5701754385964912,408,0.5657894736842105,0.2543859649122807,0.6302617911116319,0.48848736242562163,408,0.433467895391041,408,0.4239297,0.421769,5
hotel_70,2023-06-20,0.6096491228070176,409,0.5657894736842105,0.35964912280701755,0.6570191749294426,0.481538355076262,409,0.422524230406533,409,0.475109,0.44481274,5
hotel_70,2023-06-21,0.5526315789473685,410,0.5657894736842105,0.4868421052631579,0.6843448274040699,0.46774949360625423,410,0.4455395471975679,410,0.444723,0.46860346,5
hotel_70,2023-06-22,0.5482456140350878,411,0.5657894736842105,0.5964912280701754,0.7101413664291951,0.5069465780793083,411,0.4827536155997271,411,0.4762851,0.49275672,5
hotel_70,2023-06-23,0.6403508771929824,412,0.5657894736842105,0.5657894736842105,0.7012382105372837,0.5620563067445632,412,0.5196326742641749,412,0.5438897,0.53734815,5
hotel_70,2023-06-24,0.7982456140350878,413,0.5657894736842105,0.41228070175438597,0.7056210271838536,0.5917986913036359,413,0.4940047159689075,413,0.5223003,0.5232015,5
hotel_70,2023-06-25,0.6535087719298246,414,0.5657894736842105,0.4298245614035088,0.7055384151112037,0.48171847607544516,414,0.4496506047303374,414,0.40457463,0.40090507,5
hotel_70,2023-06-26,0.7105263157894737,415,0.5657894736842105,0.2543859649122807,0.6713170222644048,0.48848736242562163,415,0.43133335625340513,415,0.43067622,0.41879874,5
hotel_70,2023-06-27,0.7105263157894737,416,0.5657894736842105,0.35964912280701755,0.6926909982982433,0.481538355076262,416,0.44413434421870523,416,0.469795,0.4460423,5
hotel_70,2023-06-28,0.75,417,0.5657894736842105,0.4868421052631579,0.7156439898927878,0.46774949360625423,417,0.482980529621575,417,0.4731441,0.4727884,5
hotel_70,2023-06-29,0.7587719298245614,418,0.5657894736842105,0.5964912280701754,0.7367169327998774,0.5069465780793083,418,0.505900770346091,418,0.5195043,0.49546474,5
hotel_70,2023-06-30,0.8377192982456141,419,0.5657894736842105,0.5657894736842105,0.7298520012123552,0.5620563067445632,419,0.5554763285471301,419,0.57451355,0.54758245,5
hotel_84,2023-06-03,0.9619377162629758,420,0.9273356401384083,0.8719723183391004,0.983916682444251,0.9576001322148802,420,0.9222091274647778,420,0.9779896,0.9534048,5
hotel_84,2023-06-04,0.8858131487889274,421,0.9273356401384083,0.8477508650519031,0.8665027693702569,0.7039536649142274,421,0.7714511461545762,421,0.76589096,0.7745414,5
hotel_84,2023-06-05,0.6262975778546713,422,0.9273356401384083,0.6539792387543253,0.7960009805708961,0.7238423096192661,422,0.8554684534065874,422,0.8182162,0.81725466,5
hotel_84,2023-06-06,0.7889273356401384,423,0.9273356401384083,0.6124567474048442,0.778385356379244,0.7809622096635512,423,0.861382783565468,423,0.87748337,0.86894673,5
hotel_84,2023-06-07,0.7820069204152249,424,0.9273356401384083,0.657439446366782,0.7492439819278728,0.7904199082712313,424,0.8485412663275123,424,0.84726954,0.8641655,5
hotel_84,2023-06-08,0.7577854671280276,425,0.9273356401384083,0.740484429065744,0.7838291159236268,0.7785679780233528,425,0.8254170516291539,425,0.8113184,0.8452449,5
hotel_84,2023-06-09,0.9446366782006921,426,0.9273356401384083,0.9273356401384083,0.8471886870871678,0.911509469720994,426,0.8790497905779348,426,0.8551202,0.89604837,5
hotel_84,2023-06-10,1.0103806228373702,427,0.9273356401384083,0.8719723183391004,0.9155033299582869,0.9576001322148802,427,0.912894286533915,427,0.9096279,0.92608154,5
hotel_84,2023-06-11,0.8858131487889274,428,0.9273356401384083,0.8477508650519031,0.8372679968057131,0.7039536649142274,428,0.7422017062597926,428,0.711589,0.7602338,5
hotel_84,2023-06-12,0.9515570934256056,429,0.9273356401384083,0.6539792387543253,0.7743677233549331,0.7238423096192661,429,0.8088584854979224,429,0.8135355,0.80786747,5
hotel_84,2023-06-13,0.9653979238754326,430,0.9273356401384083,0.6124567474048442,0.7486876643611297,0.7809622096635512,430,0.8751803931665886,430,0.86144304,0.86564994,5
hotel_84,2023-06-14,0.8858131487889274,431,0.9273356401384083,0.657439446366782,0.7488355192175842,0.7904199082712313,431,0.870964763392486,431,0.84848404,0.8567497,5
hotel_84,2023-06-15,0.9619377162629758,432,0.9273356401384083,0.740484429065744,0.7841031357030377,0.7785679780233528,432,0.8540367643558644,432,0.8444247,0.84448445,5
hotel_84,2023-06-16,1.0,433,0.9273356401384083,0.9273356401384083,0.851974916641224,0.911509469720994,433,0.8987845911307687,433,0.89244163,0.8961626,5
hotel_84,2023-06-17,0.9930795847750865,434,0.9273356401384083,0.8719723183391004,0.9005271906979071,0.9576001322148802,434,0.910114542918233,434,0.9018732,0.9267552,5
hotel_84,2023-06-18,0.986159169550173,435,0.9273356401384083,0.8477508650519031,0.8331298934724416,0.7039536649142274,435,0.7428154350828524,435,0.6880057,0.7429987,5
hotel_84,2023-06-19,0.7958477508650519,436,0.9273356401384083,0.6539792387543253,0.7935680404174038,0.7238423096192661,436,0.8003812750589845,436,0.77713376,0.78898406,5
hotel_84,2023-06-20,0.9204152249134948,437,0.9273356401384083,0.6124567474048442,0.7738889505067066,0.7809622096635512,437,0.8530567374536064,437,0.8344259,0.84031945,5
hotel_84,2023-06-21,1.0,438,0.9273356401384083,0.657439446366782,0.7702570171125737,0.7904199082712313,438,0.8653313448575465,438,0.83763266,0.85258865,5
hotel_84,2023-06-22,0.9688581314878892,439,0.9273356401384083,0.740484429065744,0.7922408335768764,0.7785679780233528,439,0.8579327801519578,439,0.82768035,0.8355279,5
hotel_84,2023-06-23,0.6643598615916955,440,0.9273356401384083,0.9273356401384083,0.8381128326297062,0.911509469720994,440,0.890031110391961,440,0.87822413,0.8838795,5
hotel_84,2023-06-24,0.903114186851211,441,0.9273356401384083,0.8719723183391004,0.8756640336764087,0.9576001322148802,441,0.9150115998615539,441,0.9019202,0.90824676,5
hotel_84,2023-06-25,0.8961937716262975,442,0.9273356401384083,0.8477508650519031,0.8267675049708301,0.7039536649142274,442,0.7216592404307853,442,0.7011438,0.7426232,5
hotel_84,2023-06-26,0.9515570934256056,443,0.9273356401384083,0.6539792387543253,0.7955056442397858,0.7238423096192661,443,0.7695615318027333,443,0.78383505,0.79031676,5
hotel_84,2023-06-27,0.7231833910034602,444,0.9273356401384083,0.6124567474048442,0.7796857035428725,0.7809622096635512,444,0.830638432980007,444,0.8401313,0.8390273,5
hotel_84,2023-06-28,0.7197231833910035,445,0.9273356401384083,0.657439446366782,0.7791097084820715,0.7904199082712313,445,0.848879227725559,445,0.8274974,0.84430367,5
hotel_84,2023-06-29,0.8823529411764706,446,0.9273356401384083,0.740484429065744,0.7962189285520489,0.7785679780233528,446,0.8408605273672728,446,0.85158056,0.8384667,5
hotel_84,2023-06-30,0.9134948096885813,447,0.9273356401384083,0.9273356401384083,0.833065249458234,0.911509469720994,447,0.8867201904961958,447,0.909852,0.8880918,5
hotel_91,2023-06-03,0.9550561797752809,448,0.9662921348314607,1.0674157303370786,0.9681052065616064,0.9612275496393161,448,0.9682014451580936,448,1.0145354,1.0063502,5
hotel_91,2023-06-04,0.8764044943820225,449,0.9662921348314607,1.0112359550561798,0.8880032478360134,0.7912019758843001,449,0.8704599719622552,449,0.8853028,0.90614486,5
hotel_91,2023-06-05,0.8651685393258427,450,0.9662921348314607,0.5617977528089888,0.8853306478465265,0.9215326932874931,450,0.9032167054778807,450,0.8967502,0.9678086,5
hotel_91,2023-06-06,0.9550561797752809,451,0.9662921348314607,0.9775280898876404,0.9437998705725925,1.016453272894178,451,0.942953198870928,451,0.9692994,1.0268058,5
hotel_91,2023-06-07,1.0,452,0.9662921348314607,1.0,0.9374057239236294,1.0184593934986617,452,0.9664408712254018,452,0.9843743,1.0022322,5
hotel_91,2023-06-08,0.9550561797752809,453,0.9662921348314607,0.9550561797752809,0.8915049295960678,0.9417989528925165,453,0.9258779940582668,453,0.84197503,0.90856355,5
hotel_91,2023-06-09,0.9213483146067416,454,0.9662921348314607,0.9662921348314607,0.9144164100276186,0.9649664736053538,454,0.9393148332374125,454,0.90261227,0.94679403,5
hotel_91,2023-06-10,1.0112359550561798,455,0.9662921348314607,1.0674157303370786,0.9468828673443589,0.9612275496393161,455,0.9639070384955766,455,0.963333,0.98764706,5
hotel_91,2023-06-11,0.6966292134831461,456,0.9662921348314607,1.0112359550561798,0.9457556103857878,0.7912019758843001,456,0.8883907526829214,456,0.83860534,0.89790416,5
hotel_91,2023-06-12,1.0,457,0.9662921348314607,0.5617977528089888,0.8218322829050355,0.9215326932874931,457,0.8695928084017113,457,0.9083675,0.9680511,5
hotel_91,2023-06-13,0.9325842696629213,458,0.9662921348314607,0.9775280898876404,0.9226591232153243,1.016453272894178,458,0.919368073986557,458,0.9575683,1.0151998,5
hotel_91,2023-06-14,0.9101123595505618,459,0.9662921348314607,1.0,0.9259000605826752,1.0184593934986617,459,0.9388019873667768,459,0.9753208,1.001354,5
hotel_91,2023-06-15,0.9887640449438202,460,0.9662921348314607,0.9550561797752809,0.924435757127,0.9417989528925165,460,0.9186879443888212,460,0.8478456,0.91319567,5
hotel_91,2023-06-16,0.8764044943820225,461,0.9662921348314607,0.9662921348314607,0.9286589773663944,0.9649664736053538,461,0.9455229063270749,461,0.90528303,0.94815344,5
hotel_91,2023-06-17,0.9325842696629213,462,0.9662921348314607,1.0674157303370786,0.9224983807546117,0.9612275496393161,462,0.9605353387796826,462,0.9245234,0.98734444,5
hotel_91,2023-06-18,0.7078651685393258,463,0.9662921348314607,1.0112359550561798,0.9182302477561063,0.7912019758843001,463,0.8729582048997229,463,0.83485466,0.884068,5
hotel_91,2023-06-19,0.7752808988764045,464,0.9662921348314607,0.5617977528089888,0.9166224270322926,0.9215326932874931,464,0.9177918769397748,464,0.87781036,0.94789153,5
hotel_91,2023-06-20,0.9887640449438202,465,0.9662921348314607,0.9775280898876404,0.9156585371738631,1.016453272894178,465,0.9181367125882868,465,0.9507908,1.0016547,5
hotel_91,2023-06-21,0.9325842696629213,466,0.9662921348314607,1.0,0.9149375390570086,1.0184593934986617,466,0.9499478977933148,466,0.9538579,0.9838516,5
hotel_91,2023-06-22,0.8202247191011236,467,0.9662921348314607,0.9550561797752809,0.9144884253561149,0.9417989528925165,467,0.9201536701385401,467,0.827681,0.89720815,5
hotel_91,2023-06-23,0.8764044943820225,468,0.9662921348314607,0.9662921348314607,0.9142242493338606,0.9649664736053538,468,0.9318109447700947,468,0.84686005,0.9404223,5
hotel_91,2023-06-24,0.8539325842696629,469,0.9662921348314607,1.0674157303370786,0.914060282433332,0.9612275496393161,469,0.9712221592870772,469,0.9139716,0.977561,5
hotel_91,2023-06-25,0.8202247191011236,470,0.9662921348314607,1.0112359550561798,0.9139568437665369,0.7912019758843001,470,0.8483198440215088,470,0.82828575,0.89073414,5
hotel_91,2023-06-26,0.9775280898876404,471,0.9662921348314607,0.5617977528089888,0.9138927000803027,0.9215326932874931,471,0.8662023775354979,471,0.87929684,0.9578456,5
hotel_91,2023-06-27,1.0112359550561798,472,0.9662921348314607,0.9775280898876404,0.9138531003316023,1.016453272894178,472,0.9124366644682476,472,0.9494326,1.0071135,5
hotel_91,2023-06-28,1.0224719101123596,473,0.9662921348314607,1.0,0.9138285219663943,1.0184593934986617,473,0.9334005104438091,473,0.9402237,0.99434114,5
hotel_91,2023-06-29,0.898876404494382,474,0.9662921348314607,0.9550561797752809,0.9138132485234857,0.9417989528925165,474,0.9282667374254743,474,0.80158055,0.89946514,5
hotel_91,2023-06-30,0.8651685393258427,475,0.9662921348314607,0.9662921348314607,0.9138037731635689,0.9649664736053538,475,0.9392443087735354,475,0.85060394,0.9327801,5
hotel_98,2023-06-03,0.21774193548387097,476,0.16129032258064516,0.1693548387096774,0.1754701764448063,0.22577059599774307,476,0.21282419377126274,476,0.21162695,0.21590286,5
hotel_98,2023-06-04,0.06451612903225806,477,0.16129032258064516,0.08870967741935484,0.1080648425289946,0.039377439727794616,477,0.16938502062957986,477,0.1495916,0.15092127,5
hotel_98,2023-06-05,0.04838709677419355,478,0.16129032258064516,0.056451612903225805,0.10419395347390602,0.021734439346263505,478,0.16765011481642964,478,0.11057594,0.17375688,5
hotel_98,2023-06-06,0.03225806451612903,479,0.16129032258064516,0.04838709677419355,0.10233364402247871,0.022665848368396288,479,0.16862482091711817,479,0.14854957,0.17477924,5
hotel_98,2023-06-07,0.07258064516129033,480,0.16129032258064516,0.08870967741935484,0.11443662037198413,0.01747963288903117,480,0.16939951684089466,480,0.1631302,0.204319,5
hotel_98,2023-06-08,0.08064516129032258,481,0.16129032258064516,0.11290322580645161,0.142837166547031,0.04957727825946995,481,0.20541987073855822,481,0.2402677,0.26363176,5
hotel_98,2023-06-09,0.3790322580645161,482,0.16129032258064516,0.16129032258064516,0.16442512330620018,0.16129561302280312,482,0.2545403358936478,482,0.30307847,0.32640487,5
hotel_98,2023-06-10,0.5080645161290323,483,0.16129032258064516,0.1693548387096774,0.17025022793231573,0.22577059599774307,483,0.3094324413547296,483,0.33997697,0.364508,5
hotel_98,2023-06-11,0.1532258064516129,484,0.16129032258064516,0.08870967741935484,0.12495943398651613,0.039377439727794616,484,0.17375506528367538,484,0.20855129,0.26115397,5
hotel_98,2023-06-12,0.14516129032258066,485,0.16129032258064516,0.056451612903225805,0.11617656394199141,0.021734439346263505,485,0.18277867708650503,485,0.17331144,0.25712153,5
hotel_98,2023-06-13,0.12096774193548387,486,0.16129032258064516,0.04838709677419355,0.11362294546502873,0.022665848368396288,486,0.1929305901485213,486,0.19201486,0.24548292,5
hotel_98,2023-06-14,0.07258064516129033,487,0.16129032258064516,0.08870967741935484,0.12756130846464114,0.01747963288903117,487,0.2080528541635906,487,0.17679885,0.26190078,5
hotel_98,2023-06-15,0.08064516129032258,488,0.16129032258064516,0.11290322580645161,0.14446728933426034,0.04957727825946995,488,0.23934685913549383,488,0.26306906,0.30683762,5
hotel_98,2023-06-16,0.16129032258064516,489,0.16129032258064516,0.16129032258064516,0.16404546250203678,0.16129561302280312,489,0.3054220483782694,489,0.28789824,0.35857612,5
hotel_98,2023-06-17,0.25806451612903225,490,0.16129032258064516,0.1693548387096774,0.16958033167280395,0.22577059599774307,490,0.33984380774906153,490,0.30517042,0.40287513,5
hotel_98,2023-06-18,0.06451612903225806,491,0.16129032258064516,0.08870967741935484,0.1361574309548237,0.039377439727794616,491,0.20833537202473001,491,0.21194932,0.29590946,5
hotel_98,2023-06-19,0.06451612903225806,492,0.16129032258064516,0.056451612903225805,0.13173957311921194,0.021734439346263505,492,0.2058036679259253,492,0.19852903,0.306606,5
hotel_98,2023-06-20,0.08064516129032258,493,0.16129032258064516,0.04838709677419355,0.13029026928757748,0.022665848368396288,493,0.22597652302540608,493,0.20646687,0.29332754,5
hotel_98,2023-06-21,0.11290322580645161,494,0.16129032258064516,0.08870967741935484,0.13863818177932954,0.01747963288903117,494,0.23456188716956453,494,0.20351295,0.2850229,5
hotel_98,2023-06-22,0.1532258064516129,495,0.16129032258064516,0.11290322580645161,0.1518408271269856,0.04957727825946995,495,0.2575889693418324,495,0.26728702,0.33730254,5
hotel_98,2023-06-23,0.4435483870967742,496,0.16129032258064516,0.16129032258064516,0.1645954933890904,0.16129561302280312,496,0.3419517332520533,496,0.31336564,0.407735,5
hotel_98,2023-06-24,0.3467741935483871,497,0.16129032258064516,0.1693548387096774,0.16813897664269473,0.22577059599774307,497,0.3655273931964887,497,0.3641116,0.43813747,5
hotel_98,2023-06-25,0.13709677419354838,498,0.16129032258064516,0.08870967741935484,0.1444725491441034,0.039377439727794616,498,0.21502929554138916,498,0.2519679,0.31655988,5
hotel_98,2023-06-26,0.10483870967741936,499,0.16129032258064516,0.056451612903225805,0.14071713136252653,0.021734439346263505,499,0.2064280449663873,499,0.22051126,0.30403286,5
hotel_98,2023-06-27,0.0967741935483871,500,0.16129032258064516,0.04838709677419355,0.13955863319892775,0.022665848368396288,500,0.21342213336774593,500,0.20655045,0.291444,5
hotel_98,2023-06-28,0.18548387096774194,501,0.16129032258064516,0.08870967741935484,0.14605874278316092,0.01747963288903117,501,0.22765329118824612,501,0.23517784,0.3001959,5
hotel_98,2023-06-29,0.4112903225806452,502,0.16129032258064516,0.11290322580645161,0.15518655169270512,0.04957727825946995,502,0.2464133439995782,502,0.2853595,0.32965443,5
hotel_98,2023-06-30,0.5,503,0.16129032258064516,0.16129032258064516,0.16473264299507945,0.16129561302280312,503,0.3425288224195629,503,0.36245286,0.39636394,5
